"listing_id","suburb","tipo","quartos","banheiros","camas","hospedes","dias_calendario","preco_medio","limpeza","min_noites","n_reviews","guest_favorite","instant_book","professional","superhost","star_rating","months_host"
"881204142086821328","Meia Praia","apartamento","3","2","3","7","68","587.43","200","0","43","true","true","false","true","4.98","8"
"39051477","Meia Praia","apartamento","4","4","4","10","92","1539.69","450","0","10","false","false","false","false","4.8","3"
"22648075","Centro","apartamento","2","2","5","6","65","396.66","150","0","16","false","false","false","false","5","2"
"748336742434217963","Meia Praia","apartamento","2","1","3","6","44","456.95","200","0","45","true","true","false","true","4.87","2"
"1226856286781952840","Centro","apartamento","2","1","3","5","86","721.35","220","0","12","false","true","true","false","4.58","1"
"41676390","Meia Praia","apartamento","2","2","2","6","90","607.43","250","0","20","false","false","false","false","4.95","11"
"40289385","Alto Sao Bento","casa","12","13","34","16","62","2586.4","700","0","15","false","false","false","false","4.67","1"
"42735835","Meia Praia","apartamento","2","2","7","5","11","260","250","0","87","true","false","false","true","4.85","11"
"1004910078575857573","Meia Praia","apartamento","3","2","5","7","27","770.28","300","0","12","true","false","false","true","5","2"
"957349094500016515","Centro","apartamento","2","2","2","6","82","729.22","200","0","11","true","true","false","true","4.91","0"
"786307999394390316","Meia Praia","apartamento","2","2","2","6","72","604.26","300","0","14","true","false","false","true","4.86","0"
"900757690500508426","Meia Praia","apartamento","2","2","2","8","60","645.97","350","0","22","true","false","true","false","4.95","0"
"705946468067026302","Meia Praia","apartamento","2","2","4","6","60","477.5","300","0","22","true","false","false","true","5","0"
"31141252","Meia Praia","apartamento","2","2","3","5","38","402.63","250","0","84","true","true","false","true","4.96","0"
"1074829679064875721","Meia Praia","apartamento","3","3","4","8","6","749","0","0","10","true","false","false","true","5","11"
"12067632","Meia Praia","apartamento","3","3","3","8","34","707.7","350","0","21","true","false","false","false","5","0"
"1268755217310742256","Meia Praia","apartamento","2","2","2","4","37","791.35","300","0","0","false","false","false","false","0","2"
"6569062","Meia Praia","apartamento","3","2","3","6","104","746.93","250","0","21","true","false","false","false","4.95","0"
"38695314","Meia Praia","apartamento","3","3","5","9","62","605.65","200","0","62","true","false","false","true","4.85","4"
"703678241822238330","Meia Praia","apartamento","2","1","4","5","60","321.23","300","0","15","true","false","false","true","4.93","4"
"681894806923375678","Meia Praia","apartamento","3","4","3","8","39","765.77","300","0","19","true","false","false","true","5","2"
"51683537","Meia Praia","apartamento","2","2","3","5","28","437.16","300","0","22","true","true","false","true","5","4"
"30519162","Canto da Praia","casa","4","7","5","8","91","3900","900","0","13","true","true","false","false","5","1"
"38730549","Meia Praia","apartamento","3","3","3","8","78","781.83","300","0","37","true","false","true","false","4.97","3"
"1100991386372756521","Meia Praia","apartamento","2","2","0","8","95","818.32","0","0","12","true","false","false","true","5","9"
"53671997","Meia Praia","apartamento","2","2","3","6","23","451.65","250","0","12","true","true","false","true","4.92","1"
"1050857413300266721","Meia Praia","apartamento","3","2","6","8","58","692.44","500","0","2","false","true","true","false","5","1"
"754375397775403281","Meia Praia","apartamento","3","2","4","6","96","842.88","250","0","8","true","false","false","false","5","2"
"1203075817950465589","Centro","apartamento","3","2","4","6","72","1410.83","400","0","0","false","false","false","false","0","11"
"801271167231006592","Meia Praia","apartamento","2","2","2","6","40","251.92","300","0","17","true","false","false","true","4.94","0"
"31380471","Meia Praia","apartamento","3","3","4","7","78","877.23","250","0","27","false","false","false","true","4.67","0"
"1208757855935244741","Centro","apartamento","1","1","1","2","82","392.75","150","0","0","false","true","true","false","0","1"
"53314692","Centro","apartamento","1","1","1","5","60","708.3","250","0","19","false","true","false","false","4.58","2"
"939325387438995809","Meia Praia","apartamento","4","5","5","13","76","1382.89","400","0","4","false","false","false","false","5","2"
"916052715744473224","Meia Praia","apartamento","3","4","3","6","54","1182.87","300","0","12","true","false","false","false","4.92","6"
"859653300578357102","Morretes","apartamento","2","4","2","4","57","702","250","0","26","true","false","true","true","5","0"
"45973790","Meia Praia","apartamento","2","2","3","4","101","655.84","380","0","12","false","false","false","true","4.83","4"
"39642773","Meia Praia","casa","3","1","7","8","46","370.65","300","0","61","true","false","false","true","4.89","2"
"53077335","Centro","apartamento","3","2","4","7","11","1000","250","0","7","false","false","false","false","5","3"
"1268889705366032062","Morretes","casa","2","2","3","6","65","1004.98","0","0","0","false","false","false","false","0","0"
"778933432062496662","Meia Praia","apartamento","3","4","4","6","73","1044.37","300","0","15","true","true","false","false","5","1"
"577333685681759877","Meia Praia","apartamento","2","2","4","6","38","561.91","200","0","55","true","true","false","true","4.85","10"
"826617189908528565","Meia Praia","apartamento","1","1","2","4","65","480.35","150","0","106","true","false","false","true","4.98","10"
"730437501239201082","Meia Praia","apartamento","3","2","6","8","84","666.04","350","0","11","false","false","false","true","4.82","3"
"32592683","Morretes","casa","4","3","5","12","56","1158.93","300","0","10","true","false","false","false","5","10"
"1062615116593634676","Meia Praia","apartamento","1","1","1","4","66","441.67","180","0","11","true","true","false","true","5","11"
"1254384361135492137","Morretes","apartamento","2","2","2","4","86","666.8","369","0","4","false","true","true","false","4.5","1"
"54005716","none","casa","1","1","2","4","43","800","220","0","43","false","true","false","false","4.86","0"
"41883230","Meia Praia","apartamento","3","3","6","7","53","535.47","300","0","5","false","false","false","false","5","10"
"40209404","Centro","apartamento","1","1","3","4","73","342.46","35","0","373","false","true","true","true","4.86","0"
"42003334","Meia Praia","apartamento","3","2","6","8","65","634.24","300","0","30","true","false","false","true","4.93","11"
"734774611454860165","Meia Praia","apartamento","4","3","4","8","64","598.21","300","0","10","true","true","false","false","4.9","11"
"21103486","Meia Praia","apartamento","3","2","3","6","66","371.06","250","0","8","false","false","false","false","5","3"
"936216057908307884","Morretes","casa","2","2","3","8","75","402.02","195","0","12","true","false","false","true","4.92","11"
"734991572208138176","Centro","apartamento","1","1","2","3","83","277.98","80","0","40","true","false","false","true","4.95","2"
"45512442","Centro","apartamento","4","2","5","8","61","676.29","250","0","20","false","false","false","false","4.8","4"
"40371384","Centro","apartamento","1","1","3","6","91","590.53","60","0","343","false","true","true","true","4.83","0"
"1091408953130822622","Centro","apartamento","2","1","3","6","48","310.62","0","0","13","true","true","false","true","5","4"
"973272705231391942","Meia Praia","apartamento","2","1","3","4","45","301.11","120","0","12","true","true","false","true","4.92","3"
"26839303","Meia Praia","apartamento","2","2","2","8","52","703.48","200","0","29","true","false","false","true","4.86","6"
"45513430","Meia Praia","apartamento","3","2","3","8","89","782.92","250","0","14","true","false","false","false","4.86","3"
"53474066","Centro","apartamento","3","2","3","7","39","882.31","200","0","15","false","false","false","false","4.67","1"
"14884678","Meia Praia","apartamento","3","2","3","6","42","573.57","250","0","20","false","false","false","false","4.7","2"
"16570256","Meia Praia","apartamento","3","3","7","10","47","497.89","250","0","13","false","false","false","false","4.77","0"
"53190433","Centro","apartamento","3","2","3","8","39","820.51","350","0","20","false","false","false","false","4.7","9"
"1207335703563012811","Centro","apartamento","1","1","1","2","82","436.14","150","0","1","false","true","true","false","5","1"
"22306996","Meia Praia","apartamento","2","2","3","5","30","213.17","220","0","15","true","false","false","true","5","0"
"779104726998664227","Meia Praia","apartamento","2","2","5","6","38","412","250","0","16","true","false","false","true","4.94","1"
"766052072199682693","Meia Praia","apartamento","1","2","3","6","57","645.33","200","0","23","false","false","false","true","4.78","4"
"31059537","Centro","apartamento","3","2","5","8","78","821.27","250","0","61","true","true","false","true","4.98","0"
"45889892","Meia Praia","apartamento","2","2","4","6","60","622.64","250","0","58","true","false","false","true","4.98","2"
"29739100","Meia Praia","apartamento","3","2","3","7","89","732.9","350","0","19","true","true","false","false","5","4"
"1084601543056055517","Meia Praia","apartamento","4","3","8","12","63","1357.08","400","0","7","true","false","false","true","5","10"
"1193414131980072087","Centro","apartamento","2","1","3","6","66","691.15","240","0","16","true","true","true","false","4.94","1"
"53133732","Meia Praia","apartamento","2","2","3","6","82","784.46","350","0","10","true","false","true","false","5","0"
"1262982199583014782","Centro","apartamento","2","1","3","6","83","758.24","240","0","9","false","true","true","false","4.67","1"
"963916345061155113","Meia Praia","apartamento","3","3","7","13","35","1359.01","300","0","18","true","false","true","true","5","4"
"21397811","Meia Praia","apartamento","3","2","8","8","68","695.59","350","0","19","true","false","false","false","4.89","2"
"1057137469420115073","Morretes","apartamento","2","2","3","6","78","728.95","400","0","28","true","true","true","false","4.96","1"
"44425260","Meia Praia","apartamento","2","2","5","8","66","496.62","350","0","6","false","false","false","false","5","5"
"721143022842232721","Meia Praia","apartamento","3","2","3","8","59","501.94","200","0","13","false","false","false","false","4.46","3"
"798609957167332367","Meia Praia","apartamento","2","2","4","6","72","676.39","250","0","5","false","false","false","false","5","0"
"863830918159371125","Casa Branca","apartamento","3","1","5","6","67","329.46","60","0","44","false","true","true","true","4.73","0"
"1028988415727336651","Meia Praia","apartamento","1","1","1","4","70","561.98","200","0","1","false","false","false","false","5","1"
"23343001","Meia Praia","apartamento","3","3","3","8","71","569.01","250","0","80","true","false","false","false","4.89","10"
"30105402","Meia Praia","apartamento","3","2","4","8","91","769.12","350","0","12","false","false","false","false","4.75","1"
"984846668146064982","Ilhota","casa","4","5","4","10","53","1035.85","300","0","4","false","false","false","false","5","3"
"46755580","Casa Branca","casa","1","1","1","2","58","300","150","0","11","false","false","false","false","4.91","1"
"1219597802580113056","Centro","apartamento","1","1","2","4","78","601.79","190","0","6","false","true","true","false","4.83","1"
"1053425333694349352","Varzea","casa","1","1","1","4","48","195.73","150","0","22","true","false","false","true","5","0"
"21077682","Meia Praia","apartamento","4","3","8","10","57","801.08","300","0","31","true","false","false","true","4.97","3"
"45711835","Meia Praia","apartamento","4","2","6","10","13","900","280","0","17","true","true","false","false","4.94","3"
"985716714802993034","Morretes","apartamento","2","2","2","4","48","417.5","290","0","12","true","false","false","false","5","3"
"27201205","Meia Praia","apartamento","3","2","6","10","37","691.89","390","0","56","false","false","false","true","4.88","5"
"790518755885066166","Centro","apartamento","3","4","3","6","51","812.16","0","0","6","true","false","false","false","5","0"
"12359560","Meia Praia","apartamento","3","3","4","6","51","684.33","295","0","29","false","false","false","false","4.79","9"
"39059902","Meia Praia","apartamento","3","2","6","8","78","599.26","200","0","14","false","true","false","false","4.86","1"
"1260073533686146608","Centro","apartamento","1","1","1","2","76","430.02","150","0","12","true","true","true","false","4.75","1"
"45382246","Centro","apartamento","5","4","7","12","38","648.54","250","0","32","false","false","false","false","4.63","4"
"52826190","Morretes","casa","2","1","4","6","38","321.69","250","0","12","true","false","false","true","4.75","11"
"31397917","Meia Praia","apartamento","1","1","1","3","15","2173.33","0","0","213","true","false","false","false","4.9","0"
"46072703","Meia Praia","apartamento","3","3","5","8","45","728.72","300","0","14","false","false","false","true","5","2"
"32185033","Sertao do Trombudo","casa","4","4","8","15","41","1273.17","500","0","28","true","false","false","true","4.93","11"
"703538637731385185","Meia Praia","apartamento","2","1","3","6","76","409.89","0","0","22","true","<NA>","","true","4.82","4"
"766156195693050227","Meia Praia","apartamento","5","5","5","16","53","1837.14","550","0","16","true","false","true","false","4.94","0"
"48109229","Meia Praia","apartamento","2","2","3","6","73","546.93","180","0","15","false","false","false","false","4.67","0"
"1019756845213291605","Centro","outros","1","1","1","2","72","173.33","150","0","16","true","false","false","true","5","5"
"2951220","Tabuleiro dos Oliveiras","apartamento","3","2","4","5","85","789.67","200","0","236","false","false","false","true","4.88","8"
"22383070","Meia Praia","apartamento","2","2","4","6","40","321.3","200","0","36","true","false","false","false","4.94","1"
"48080102","Meia Praia","apartamento","3","2","6","8","45","463.78","250","0","17","false","true","false","false","4.94","11"
"45911573","Meia Praia","apartamento","3","3","3","8","35","1002.69","350","0","11","true","false","false","false","4.82","0"
"40246675","Meia Praia","apartamento","2","1","4","7","44","332.83","150","0","38","true","true","false","false","4.82","1"
"873255393900331818","Meia Praia","apartamento","3","2","3","6","79","725.89","200","0","20","false","true","true","true","4.75","5"
"1187772975255244525","Centro","apartamento","1","1","1","2","67","404.05","150","0","23","true","true","true","false","4.87","1"
"38319706","Meia Praia","apartamento","3","2","6","7","80","571.75","350","0","40","true","false","false","false","5","4"
"41285546","Meia Praia","apartamento","3","2","3","8","91","610.86","200","0","37","true","false","false","false","4.97","0"
"1025356251415331533","Morretes","apartamento","2","2","5","5","36","366.67","250","0","27","true","false","false","true","5","11"
"628897724940732017","Meia Praia","apartamento","4","3","4","10","25","969","250","0","21","true","false","false","false","4.95","2"
"47326216","Meia Praia","apartamento","3","2","3","8","87","1148.28","280","0","8","true","false","false","true","5","10"
"17013106","Morretes","apartamento","4","4","6","8","59","1770.34","350","0","29","false","false","false","false","4.66","11"
"43379132","Meia Praia","apartamento","2","2","3","5","26","415.27","250","0","48","true","true","false","true","4.98","4"
"29761442","Meia Praia","apartamento","3","2","3","7","11","531.82","200","0","28","true","false","false","false","4.96","2"
"721635424816164605","Meia Praia","apartamento","3","4","3","8","59","750.67","310","0","14","true","false","false","true","5","3"
"52172003","Centro","apartamento","2","2","4","6","42","317","610","0","25","true","true","false","false","5","0"
"45531969","Meia Praia","apartamento","3","2","6","8","53","652.88","300","0","31","true","false","false","true","5","2"
"735732850757918650","Meia Praia","apartamento","3","2","3","6","35","1304.17","200","0","15","false","true","true","true","4.73","5"
"48243472","Centro","apartamento","3","3","5","8","60","1403.66","550","0","49","true","true","false","true","5","7"
"31278015","Meia Praia","apartamento","3","2","6","8","56","504.29","250","0","14","false","false","false","false","4.43","0"
"40039627","Centro","apartamento","1","1","2","3","84","335.25","35","0","504","false","true","true","true","4.84","0"
"51403736","Meia Praia","outros","1","1","1","2","55","165.89","100","0","26","true","false","false","false","5","5"
"915332897455058900","Meia Praia","apartamento","3","3","3","6","68","1075","472","0","32","false","true","true","false","4.72","1"
"1197121947398131654","Centro","apartamento","1","1","1","2","73","397.77","170","0","21","false","true","true","false","4.67","1"
"1269623861253689862","Centro","apartamento","1","1","1","3","65","417.76","190","0","3","false","true","true","false","5","1"
"1131810056799937593","Tabuleiro dos Oliveiras","apartamento","3","2","4","6","81","801.09","456","0","5","true","true","true","false","5","1"
"38616586","Meia Praia","apartamento","3","2","3","8","38","371.55","300","0","7","false","false","false","false","5","9"
"1053522951026570547","Canto da Praia","apartamento","2","2","3","6","86","684.95","250","0","12","false","false","false","false","4.83","11"
"21743476","Meia Praia","apartamento","3","3","3","7","56","692.08","250","0","18","false","false","false","false","4.78","1"
"21091876","Meia Praia","apartamento","3","2","3","6","91","773.99","350","0","11","false","false","false","false","4.91","8"
"791313913845076166","Meia Praia","apartamento","4","2","6","8","50","850","300","0","6","true","false","false","false","5","0"
"16662563","Meia Praia","apartamento","4","3","7","11","62","1728","350","0","56","false","false","true","true","4.88","0"
"1033202997223117530","Meia Praia","apartamento","4","3","7","12","29","1938.89","450","0","17","true","true","false","true","5","1"
"728531681504670920","Tabuleiro dos Oliveiras","apartamento","2","2","6","10","37","151.87","250","0","55","true","false","false","true","4.84","3"
"53825192","Meia Praia","apartamento","3","3","4","7","50","829.41","200","0","65","true","false","true","true","4.89","5"
"1213824251801309412","Meia Praia","apartamento","3","3","4","6","72","1083.91","456","0","6","false","true","true","false","4.5","1"
"1320995339425720277","Centro","apartamento","2","1","3","4","87","623.63","200","0","1","false","true","true","false","5","1"
"795495744056169046","Meia Praia","apartamento","3","2","5","8","66","909.09","450","0","39","true","false","false","true","4.95","11"
"31441134","Meia Praia","apartamento","4","4","4","11","103","1525.81","450","0","9","false","false","false","false","5","11"
"37118794","Meia Praia","apartamento","3","2","4","6","62","1002.77","350","0","6","false","false","false","false","5","3"
"38957661","Meia Praia","apartamento","3","3","3","8","55","559.27","350","0","23","true","false","false","false","4.83","0"
"53325047","Meia Praia","apartamento","2","2","2","6","50","484.5","250","0","20","true","true","false","true","4.9","2"
"30153564","Meia Praia","apartamento","2","0","3","6","55","440.93","300","0","39","true","false","false","true","4.9","1"
"3263701","Meia Praia","apartamento","4","4","4","12","26","1488.46","250","0","42","false","false","false","false","4.9","7"
"605748852048435444","Meia Praia","apartamento","3","2","3","6","61","436.27","250","0","33","true","false","false","true","5","8"
"40391575","Morretes","apartamento","2","2","2","4","7","10000","190","0","46","false","true","false","false","4.78","1"
"645092818132652927","Meia Praia","apartamento","2","1","2","6","29","359.14","150","0","38","true","false","false","true","4.95","7"
"51990592","Meia Praia","apartamento","3","2","7","12","60","954.88","250","0","44","true","false","true","true","4.93","4"
"26895628","Meia Praia","apartamento","4","3","5","12","40","955","300","0","99","false","false","false","false","4.8","5"
"1195858349379362032","Centro","apartamento","3","3","3","8","65","816.13","330","0","17","false","false","false","true","4.71","3"
"809946874989632205","Sertao do Trombudo","casa","1","1","1","2","75","380.01","150","0","24","true","true","false","true","5","11"
"51405106","Meia Praia","apartamento","3","3","5","8","74","861.62","280","0","32","false","false","false","true","4.88","5"
"1249919049392818339","Meia Praia","apartamento","1","1","1","2","91","607.38","250","0","9","true","true","true","false","5","1"
"639216644351145145","Meia Praia","apartamento","5","5","6","14","16","962.5","450","0","29","true","true","false","true","4.97","4"
"718922870189236806","Meia Praia","apartamento","5","4","5","16","29","2182.76","500","0","13","true","false","false","false","5","3"
"792184367926408145","Meia Praia","apartamento","2","2","3","6","57","396.93","230","0","23","true","true","false","false","5","0"
"610155932497817911","Canto da Praia","apartamento","2","1","3","5","65","518","200","0","85","true","false","true","true","4.88","0"
"40351988","Meia Praia","apartamento","3","2","4","7","52","359.65","200","0","35","true","false","false","true","4.91","0"
"894985131313802009","Meia Praia","apartamento","3","2","3","8","68","664.96","484","0","6","false","true","true","false","4.33","1"
"46048941","Meia Praia","apartamento","2","2","4","6","34","371.82","250","0","58","false","false","false","true","4.91","0"
"46550767","Meia Praia","apartamento","3","2","5","8","47","758.95","200","0","42","true","false","false","false","4.81","1"
"832123000813215722","Meia Praia","apartamento","0","1","1","4","87","507.11","120","0","13","false","false","false","true","4.85","6"
"1257312272803306995","Meia Praia","apartamento","2","2","2","4","82","545.21","369","0","8","false","true","true","false","4.75","1"
"31945494","Meia Praia","apartamento","3","2","4","8","70","544","100","0","32","false","true","false","false","4.78","11"
"1209010210831577821","Centro","apartamento","3","3","4","8","77","1082.66","350","0","0","false","false","false","false","0","1"
"46690986","Meia Praia","apartamento","3","2","3","8","91","1315.26","250","0","9","false","false","false","false","5","1"
"45822839","Meia Praia","apartamento","2","1","3","5","78","457.31","150","0","8","false","true","false","true","5","2"
"53936201","Meia Praia","apartamento","3","2","3","6","43","739.52","417","0","34","false","true","true","false","4.76","0"
"51785337","Morretes","apartamento","2","2","4","6","56","322.63","200","0","9","true","false","false","false","5","5"
"986565062867231257","Meia Praia","outros","1","1","2","2","89","239.27","20","0","23","false","true","false","false","4.78","0"
"53280496","Centro","apartamento","3","2","5","7","35","382.15","260","0","12","true","false","false","false","5","11"
"1191386301072209798","Centro","apartamento","1","1","2","4","73","604.83","190","0","22","true","true","true","false","4.86","1"
"17570590","Meia Praia","apartamento","4","3","6","10","68","1522.84","420","0","45","true","false","true","true","4.82","10"
"800942299109284552","Morretes","apartamento","2","2","5","5","55","319.11","100","0","22","true","false","false","true","4.86","0"
"42335961","Meia Praia","apartamento","3","2","5","8","85","627.34","250","0","17","true","false","false","false","4.94","10"
"16644316","Meia Praia","apartamento","3","2","3","8","67","818.24","300","0","12","false","false","false","false","5","0"
"821920276390293366","Meia Praia","apartamento","3","4","5","8","48","671.14","250","0","19","true","false","false","true","5","9"
"797261187302809924","Centro","apartamento","2","2","2","5","75","555.27","250","0","15","true","false","false","true","5","8"
"44192417","Meia Praia","apartamento","2","2","4","7","39","339.77","250","0","6","true","true","false","false","5","2"
"21734892","Centro","apartamento","3","2","6","8","68","776.31","250","0","37","true","false","false","true","4.92","1"
"36632832","Meia Praia","apartamento","3","2","5","8","74","554.05","250","0","41","true","false","false","false","4.85","6"
"754141022905987471","Meia Praia","apartamento","3","2","4","8","80","740","250","0","15","true","false","false","true","4.93","0"
"21324331","Meia Praia","apartamento","2","1","4","6","34","783.71","100","0","195","true","true","false","true","4.9","3"
"1208757710030861160","Centro","apartamento","1","1","1","2","87","387.36","150","0","4","false","true","true","false","5","1"
"41193865","Meia Praia","apartamento","3","2","4","7","74","416.08","250","0","46","false","false","false","false","4.72","0"
"40400432","Ilhota","apartamento","3","2","5","8","64","586.53","250","0","34","false","false","false","false","4.82","1"
"52266549","Morretes","apartamento","3","2","7","8","77","681.17","300","0","14","false","false","false","false","4.79","2"
"21280090","Meia Praia","apartamento","3","2","5","8","64","835.12","150","0","36","true","false","false","true","5","11"
"841394344184198064","Centro","apartamento","3","4","3","8","31","661.29","290","0","39","true","false","false","false","4.9","1"
"1318315111310867765","Morretes","apartamento","2","2","2","4","81","752.75","300","0","2","false","true","false","true","5","3"
"1054265461023254222","Meia Praia","apartamento","1","1","2","4","67","516.87","200","0","5","true","true","false","false","5","0"
"18506998","Centro","apartamento","2","2","3","4","20","366.05","180","0","29","true","false","false","true","5","5"
"807400945391416643","Centro","apartamento","4","3","6","12","41","654.49","250","0","39","true","false","false","true","4.9","8"
"942057172413556286","Meia Praia","outros","1","1","1","1","39","100","0","0","14","true","false","false","false","5","5"
"771134836709283777","Meia Praia","apartamento","3","2","3","8","15","357.8","250","0","10","false","true","false","false","4.2","3"
"41634696","Sertaozinho","casa","3","2","3","8","84","502.67","0","0","22","false","false","false","false","4.59","0"
"35826155","Meia Praia","apartamento","2","2","3","6","20","590","250","0","32","false","false","false","true","4.91","6"
"50243281","Meia Praia","apartamento","3","3","3","6","35","513.6","350","0","10","true","false","false","false","5","7"
"1313064371372817918","Centro","apartamento","1","1","2","4","98","1003.47","190","0","2","false","true","true","false","5","1"
"22335276","Canto da Praia","casa","3","3","3","8","67","713.11","0","0","21","true","false","false","false","4.95","0"
"29114516","Meia Praia","apartamento","3","2","4","5","36","352.78","200","0","33","true","false","false","false","4.91","3"
"753566944813003124","Centro","apartamento","1","2","2","3","96","575.97","200","0","15","true","true","false","true","4.93","10"
"732572931172602640","Alto Sao Bento","apartamento","1","2","1","4","63","291.43","0","0","14","false","false","false","false","4.86","1"
"801611117719633492","Meia Praia","apartamento","2","2","2","6","67","470.09","250","0","9","true","false","false","false","5","0"
"985445004274818605","Centro","outros","1","1","1","2","59","165.11","0","0","19","true","true","false","true","5","3"
"850931966820064700","Meia Praia","apartamento","3","3","4","7","59","803.92","300","0","18","true","false","false","true","5","11"
"1004496327455456339","Morretes","apartamento","2","2","3","6","81","391.14","300","0","16","true","false","false","true","5","4"
"37487828","Meia Praia","apartamento","3","2","6","8","49","455.86","250","0","96","true","false","false","true","4.98","5"
"47783121","Centro","apartamento","2","2","4","6","52","431.82","250","0","9","true","false","false","false","4.89","11"
"1053851019443958006","Centro","apartamento","2","2","3","5","90","600.53","300","0","15","true","false","false","true","4.87","0"
"1266717192483343855","Meia Praia","apartamento","2","2","4","6","62","600","250","0","2","false","false","false","false","5","3"
"32234626","Meia Praia","casa","3","2","2","6","38","402.37","283","0","44","true","false","true","true","4.93","11"
"1249371220066552412","Centro","apartamento","1","1","2","4","69","601.13","180","0","12","true","true","true","false","4.92","1"
"15732070","Meia Praia","apartamento","3","3","4","6","63","779.84","240","0","40","false","false","false","true","4.95","2"
"26708551","Centro","apartamento","3","2","7","10","72","548.95","60","0","361","false","true","true","true","4.83","0"
"27910707","Centro","apartamento","3","3","3","6","81","1557.27","200","0","10","false","true","false","false","4.7","11"
"1030981527494824971","Morretes","apartamento","2","2","2","5","27","311.7","150","0","21","true","false","false","true","5","1"
"47909482","Meia Praia","apartamento","3","3","6","12","67","901.4","350","0","26","true","true","false","true","5","0"
"780872235421635957","Meia Praia","apartamento","2","2","3","7","44","515.24","180","0","7","true","false","false","false","5","9"
"40794806","none","casa","1","1","1","2","52","700.01","0","0","41","true","true","true","true","5","1"
"1199996219082185363","Morretes","apartamento","2","1","2","5","65","222.57","0","0","12","false","<NA>","","false","4.67","5"
"1153493820067017135","Centro","apartamento","2","2","3","4","57","405.47","357","0","4","false","true","true","false","5","0"
"769009482417170004","Morretes","apartamento","1","1","4","4","75","577.63","250","0","17","true","false","false","true","4.94","1"
"1066545050089987954","Meia Praia","apartamento","2","1","3","6","81","466.67","200","0","5","true","true","false","false","5","0"
"1977915","Meia Praia","apartamento","3","2","3","6","67","875.72","240","0","42","true","false","false","true","4.88","1"
"1181944920258781413","Centro","apartamento","1","1","1","2","87","391.1","150","0","17","false","true","true","false","4.71","1"
"1193347652334673191","Meia Praia","apartamento","3","3","3","6","66","958.71","200","0","12","true","false","true","true","5","5"
"1083196219974177016","Casa Branca","apartamento","2","1","3","4","57","333.75","200","0","1","false","false","false","false","5","11"
"31682871","Centro","apartamento","2","2","3","5","41","320.76","180","0","59","false","false","false","true","4.68","11"
"31069380","Meia Praia","apartamento","3","3","3","6","21","777.69","350","0","58","true","false","false","false","4.84","0"
"41762297","Sertaozinho","casa","6","3","12","16","96","1678.26","600","0","1","false","false","false","false","5","1"
"1272260793182499350","Morretes","apartamento","2","0","2","5","45","569.53","250","0","2","false","false","false","false","5","2"
"25918412","Meia Praia","apartamento","2","2","5","5","64","429.68","147","0","37","true","false","false","true","4.89","2"
"53008127","Meia Praia","apartamento","3","2","5","9","56","309.96","250","0","34","true","false","false","true","4.85","2"
"1249385754807434824","Centro","apartamento","1","1","2","4","78","601.57","190","0","7","false","true","true","false","4.57","1"
"742262889162653132","Sertaozinho","casa","1","1","2","2","56","177.02","100","0","14","false","true","false","false","4.71","0"
"1320994692912931266","Centro","apartamento","2","1","3","5","99","994","220","0","0","false","true","true","false","0","1"
"22810332","Meia Praia","apartamento","1","1","1","2","65","480.12","0","0","31","true","false","false","false","4.77","0"
"46222390","Meia Praia","apartamento","2","1","4","6","73","483.33","250","0","6","false","false","false","false","4.83","2"
"51861410","Varzea","casa","3","2","4","7","18","700","350","0","26","true","true","false","true","4.96","4"
"580407424598756855","Meia Praia","apartamento","3","2","3","10","23","446.23","270","0","11","true","false","false","true","5","11"
"767407262472265686","Meia Praia","apartamento","3","2","3","8","73","772.4","300","0","16","true","false","false","true","5","0"
"28071688","Meia Praia","apartamento","3","3","4","8","41","659.37","250","0","22","false","false","false","false","4.77","4"
"16586622","Meia Praia","apartamento","3","2","3","6","80","657.15","0","0","30","false","true","false","true","4.83","0"
"734843676958831992","Meia Praia","apartamento","2","2","2","6","32","453.12","200","0","64","true","true","false","false","4.77","3"
"47269826","Meia Praia","apartamento","3","3","3","7","12","702","400","0","28","true","false","false","true","5","7"
"22514231","Centro","apartamento","2","2","2","6","36","400","250","0","34","false","true","false","false","4.82","0"
"8287843","Meia Praia","apartamento","2","2","2","6","78","616.99","270","0","42","true","true","false","false","4.88","9"
"1233370107101543516","Centro","apartamento","1","1","2","3","60","408.44","160","0","10","true","true","true","false","5","1"
"21103807","Meia Praia","apartamento","5","4","8","10","71","1081.69","350","0","38","true","true","false","false","4.97","3"
"991407580891691701","Meia Praia","apartamento","3","2","3","6","67","670.52","439","0","11","false","true","true","false","4.55","1"
"32443120","Meia Praia","apartamento","2","2","2","5","13","512.4","250","0","12","true","true","false","false","4.92","10"
"1053625763515857065","Meia Praia","apartamento","2","2","0","5","72","494.8","250","0","11","true","false","false","true","4.82","0"
"840525492567265584","Centro","casa","4","3","7","11","44","1242.86","200","0","24","true","true","false","true","4.96","10"
"753461577197808016","Meia Praia","apartamento","3","2","4","6","73","883.23","300","0","16","true","false","false","true","5","1"
"784598714032826222","Meia Praia","apartamento","4","4","4","12","71","1184.97","300","0","15","true","false","false","false","4.87","0"
"910707550951342167","Meia Praia","apartamento","4","4","4","8","2","2000","0","0","12","true","true","false","false","5","7"
"1005860682746801029","Morretes","apartamento","2","2","2","6","75","400.31","200","0","10","true","false","false","true","4.9","2"
"44369632","Meia Praia","apartamento","3","2","3","8","12","707.5","190","0","44","true","true","false","true","4.89","4"
"963040775940890055","Tabuleiro dos Oliveiras","apartamento","2","2","2","5","81","724.82","400","0","37","true","true","true","false","4.92","1"
"53893648","Meia Praia","apartamento","2","2","4","6","56","627.98","250","0","18","true","false","false","true","5","1"
"834645644371228115","Centro","outros","1","1","1","2","38","300","70","0","14","true","false","false","false","4.93","10"
"23023313","Morretes","apartamento","2","1","2","6","68","547.48","300","0","11","true","false","false","false","4.82","11"
"26197944","Meia Praia","apartamento","2","2","2","6","75","486.4","210","0","38","false","false","false","false","4.79","5"
"31284638","Centro","apartamento","3","0","3","8","40","868.25","300","0","21","true","false","true","true","5","2"
"28366360","Meia Praia","apartamento","3","4","3","8","67","833.12","350","0","43","true","false","false","true","4.88","1"
"719355891470345652","Meia Praia","apartamento","2","2","4","6","78","537.7","300","0","9","true","false","false","false","5","3"
"1184152596221501552","Centro","apartamento","1","1","2","4","81","599.87","190","0","11","false","true","true","false","4.82","1"
"46372862","Meia Praia","apartamento","2","1","5","8","74","425.29","250","0","10","true","false","false","false","4.9","0"
"910815231577364751","Meia Praia","apartamento","1","1","2","5","65","516.22","150","0","38","true","false","false","true","4.97","7"
"20555680","Centro","apartamento","1","1","1","4","19","200","150","0","12","false","false","false","false","4.83","4"
"1045077329214831775","Morretes","casa","2","2","2","8","31","800","160","0","1","false","true","false","true","5","0"
"52536443","Centro","apartamento","2","2","4","5","26","379.23","260","0","13","true","false","false","false","5","11"
"1304433283397417052","Morretes","apartamento","2","2","2","6","66","1092.95","270","0","2","false","true","true","false","5","1"
"1193496259129259761","Centro","apartamento","2","2","3","6","86","724.57","240","0","13","false","true","true","false","4.77","1"
"1163772289534164479","Tabuleiro dos Oliveiras","casa","4","3","6","12","68","1813.31","350","0","0","false","false","false","true","0","11"
"37347085","Meia Praia","apartamento","3","2","5","6","90","492.02","250","0","41","false","true","false","false","4.71","4"
"1008029204257210230","Morretes","casa","2","1","2","4","68","329.85","150","0","4","false","false","false","false","5","2"
"675242237586865339","Morretes","apartamento","2","2","3","6","77","480.12","250","0","6","false","false","false","true","5","6"
"23068512","Meia Praia","apartamento","2","2","4","6","19","636.95","250","0","19","false","false","false","false","4.37","11"
"1036955655225647222","Centro","apartamento","2","2","2","6","70","463.07","260","0","12","true","false","false","true","4.83","5"
"802357806571870530","Meia Praia","apartamento","3","3","3","6","55","667.42","150","0","23","false","false","false","true","4.91","0"
"30332330","Centro","apartamento","2","1","4","6","56","374.81","150","0","57","false","false","false","false","4.67","1"
"802047490248101970","Meia Praia","apartamento","2","2","3","6","42","252.33","300","0","22","true","false","false","true","5","0"
"53337464","Meia Praia","apartamento","2","2","3","6","89","710.96","250","0","14","true","false","false","false","5","1"
"30756202","Meia Praia","apartamento","2","2","3","6","76","564.84","350","0","17","false","false","false","false","4.76","1"
"52059007","Centro","apartamento","2","2","2","6","105","903.08","50","0","1","false","false","false","false","5","9"
"40449599","Meia Praia","apartamento","3","3","4","8","72","586.96","300","0","34","true","true","false","true","4.85","1"
"32371924","Centro","apartamento","3","2","5","8","33","503.7","250","0","30","true","true","false","true","4.93","10"
"1282585098065467787","Centro","apartamento","1","1","1","2","65","400.07","150","0","7","true","true","true","false","5","1"
"32766950","Centro","apartamento","2","2","4","6","48","320.83","250","0","11","false","false","false","false","4.82","0"
"22243318","Meia Praia","apartamento","2","1","2","6","52","542.38","250","0","32","false","false","false","true","4.84","2"
"11567423","Centro","apartamento","3","2","4","6","67","844.48","400","0","24","false","true","false","false","4.88","10"
"41473656","Meia Praia","apartamento","4","3","7","10","23","723.91","270","0","43","true","true","false","true","4.88","3"
"28410850","Centro","apartamento","1","1","1","2","76","527.47","0","0","62","false","true","false","false","4.85","11"
"986407426689940399","Meia Praia","apartamento","2","2","3","5","43","292.44","300","0","25","true","false","true","true","4.84","3"
"980310639590708922","Meia Praia","apartamento","2","2","2","4","91","627.66","400","0","21","true","true","true","false","4.86","1"
"39394196","Meia Praia","apartamento","3","2","3","8","23","353.8","300","0","16","true","false","false","false","4.81","2"
"1284110666632259028","Centro","apartamento","1","1","2","4","77","603.1","190","0","0","false","true","true","false","0","1"
"950059146531590785","Tabuleiro dos Oliveiras","apartamento","2","2","3","5","17","469.06","100","0","8","false","false","false","false","4.88","4"
"45923984","Canto da Praia","apartamento","3","3","3","8","28","370.54","150","0","35","true","false","false","false","4.94","2"
"1049417084065072931","Morretes","apartamento","2","2","2","4","12","657.67","226","0","24","true","true","true","true","4.92","3"
"28160414","Centro","apartamento","3","2","3","6","61","597.18","200","0","7","false","false","false","false","5","4"
"53143021","Meia Praia","apartamento","2","3","4","6","49","639.65","250","0","14","false","true","false","false","4.71","2"
"40023421","Morretes","apartamento","2","2","3","6","99","492.46","280","0","11","false","false","false","false","4.73","4"
"1014245162199655907","Meia Praia","apartamento","2","2","2","6","43","561.59","0","0","8","true","false","false","false","5","2"
"613221032690703355","Meia Praia","apartamento","3","3","6","8","48","734.24","300","0","23","true","false","false","true","4.91","8"
"48941838","Centro","apartamento","2","2","3","6","46","399.13","180","0","25","false","false","false","false","4.48","9"
"35481220","Meia Praia","apartamento","3","3","3","6","84","811.6","300","0","17","true","false","false","false","4.94","7"
"53815397","Alto Sao Bento","apartamento","1","1","1","2","72","246.11","0","0","86","true","true","false","true","4.93","11"
"26570136","Meia Praia","apartamento","3","2","3","8","82","689.11","370","0","22","false","false","false","false","4.86","6"
"42788291","Meia Praia","apartamento","3","2","4","7","54","632.59","200","0","43","true","true","false","true","4.88","6"
"1002341236260011015","Morretes","apartamento","2","2","2","4","54","351.85","200","0","11","true","false","false","false","4.91","2"
"43499385","Ilhota","apartamento","2","3","4","5","69","595.59","200","0","67","true","false","false","true","4.97","7"
"27718978","Meia Praia","apartamento","4","4","4","9","24","521.25","450","0","11","false","false","false","false","4.82","6"
"53365226","Meia Praia","apartamento","2","2","0","5","54","347.87","200","0","20","false","false","false","false","4.65","1"
"23299596","Meia Praia","apartamento","2","1","2","6","36","612.44","100","0","214","true","true","false","true","4.92","3"
"1229942592150628971","Meia Praia","apartamento","2","1","2","6","25","342.34","250","0","13","true","false","false","true","4.92","4"
"1248514191377483703","Centro","apartamento","2","1","5","6","87","536.14","351","0","6","true","true","true","false","5","1"
"1297930815921503919","Meia Praia","apartamento","3","2","4","6","76","920.7","339","0","3","false","true","true","false","5","1"
"34218930","Meia Praia","apartamento","3","3","5","8","58","740.07","300","0","20","false","false","false","true","4.9","2"
"1067320906990424780","Centro","apartamento","3","2","4","6","61","613.3","489","0","8","false","true","true","false","4.63","1"
"41532894","Meia Praia","apartamento","3","2","5","10","61","862.19","300","0","119","true","false","false","true","4.82","4"
"968213956640500474","Morretes","apartamento","2","2","3","6","82","507.07","300","0","37","true","false","false","true","5","4"
"822365439954007216","Meia Praia","apartamento","3","3","3","8","80","695.14","350","0","15","true","true","false","true","4.87","11"
"844864653127085626","Meia Praia","apartamento","3","3","6","8","76","1011.25","370","0","15","true","false","false","false","5","10"
"772261416620745030","Meia Praia","apartamento","3","3","3","6","82","835.24","300","0","10","true","false","false","false","5","1"
"38514587","Meia Praia","apartamento","4","3","4","7","92","865.7","300","0","9","false","false","false","false","5","4"
"673826204715344716","Meia Praia","apartamento","3","4","3","8","53","955.76","300","0","7","false","false","false","true","5","2"
"42625075","Meia Praia","apartamento","3","2","5","8","61","1064.75","200","0","31","false","false","false","false","4.77","1"
"694313018923554703","Meia Praia","apartamento","3","2","3","7","29","1173.1","380","0","5","true","true","true","true","5","1"
"1238321506456103932","Centro","apartamento","2","2","3","6","76","756.79","240","0","9","false","true","true","false","4.67","1"
"45621607","Meia Praia","apartamento","2","1","4","4","71","330.93","180","0","9","false","false","false","false","5","0"
"1153552657765472365","Centro","apartamento","2","2","3","4","35","389.95","324","0","5","true","true","true","false","5","0"
"803403468437987911","Morretes","casa","1","1","0","2","73","377.25","44","0","21","true","false","false","true","5","11"
"42588365","Meia Praia","apartamento","3","2","6","6","43","414.07","250","0","130","true","false","false","true","4.92","11"
"54287612","Centro","apartamento","2","2","4","6","63","464.99","610","0","10","true","true","false","false","4.9","0"
"31167122","Meia Praia","apartamento","2","2","4","6","85","10000","180","0","13","false","true","false","false","4.77","0"
"41227471","Meia Praia","apartamento","3","2","4","7","81","656.48","300","0","34","true","false","false","true","5","10"
"26898492","Ilhota","casa","2","2","4","10","38","373.68","200","0","20","false","false","false","false","4.7","5"
"946609581890906389","Meia Praia","apartamento","3","2","3","7","37","412.72","270","0","33","true","false","false","true","4.91","11"
"739015384619300207","Meia Praia","apartamento","4","5","5","12","58","1604.75","300","0","45","true","false","true","true","4.87","0"
"693024169316156606","Meia Praia","apartamento","2","2","2","6","44","609.93","200","0","29","false","false","false","true","4.72","3"
"787606557854537606","Meia Praia","apartamento","2","2","2","6","65","626.11","200","0","11","false","true","false","true","4.64","3"
"41686810","Meia Praia","outros","2","2","2","2","59","95.42","100","0","24","false","false","false","false","4.71","11"
"40899047","Meia Praia","apartamento","2","2","5","6","37","297.49","230","0","57","true","false","false","true","4.96","0"
"912678193847993947","Meia Praia","outros","1","1","1","2","77","300.64","0","0","30","true","true","false","false","4.8","0"
"1216602433904805187","Centro","apartamento","1","1","2","4","85","605.49","190","0","10","false","true","true","false","4.6","1"
"53581602","Centro","apartamento","3","2","3","8","70","526.99","250","0","6","true","false","false","false","5","1"
"39420557","Meia Praia","apartamento","3","3","3","8","33","800.81","250","0","7","true","false","false","false","5","2"
"46116173","Meia Praia","apartamento","2","2","4","6","31","387.56","180","0","39","true","false","false","true","4.95","2"
"911476333007658783","Meia Praia","apartamento","2","2","2","8","53","230.66","160","0","65","false","false","false","false","4.63","5"
"47260862","Meia Praia","apartamento","2","3","8","8","44","501.61","250","0","24","true","true","false","false","5","0"
"47816646","Ilhota","apartamento","2","2","2","4","73","528.25","250","0","19","false","false","false","true","4.84","1"
"42270655","Ilhota","casa","3","2","7","8","74","517.25","150","0","41","true","true","false","true","5","11"
"51301217","Meia Praia","apartamento","3","2","4","8","67","523.54","275","0","29","true","false","false","false","4.79","5"
"44890294","Meia Praia","apartamento","3","2","4","7","2","1000","0","0","80","true","<NA>","","true","4.95","4"
"796481545034280714","Centro","apartamento","2","2","2","4","74","689.31","290","0","9","true","false","false","false","5","0"
"622878708674009200","Meia Praia","apartamento","2","2","7","8","74","666.76","300","0","5","true","false","false","false","5","8"
"50059423","Meia Praia","apartamento","2","2","4","6","40","519.97","80","0","145","true","false","false","true","4.93","7"
"1179103047052148475","Meia Praia","apartamento","4","3","5","8","47","687.48","480","0","4","false","true","true","false","4.5","1"
"39820601","Meia Praia","apartamento","2","2","4","6","33","345","200","0","23","false","false","true","false","4.74","2"
"1219655958873769070","Centro","apartamento","2","2","3","6","84","711.55","240","0","16","false","true","true","false","4.5","1"
"46327705","Meia Praia","apartamento","3","3","4","7","40","1020.83","400","0","6","false","false","false","false","5","2"
"18395333","Meia Praia","apartamento","3","3","6","8","64","594.59","450","0","63","true","false","false","true","4.98","11"
"41478160","Meia Praia","apartamento","2","2","4","6","29","488.52","200","0","7","false","false","false","false","5","4"
"734707774394612996","Meia Praia","apartamento","3","2","3","9","53","1417.88","250","0","36","true","false","false","true","5","3"
"39635217","Meia Praia","apartamento","3","2","3","9","23","432.8","350","0","46","true","true","false","true","4.96","2"
"45350304","Meia Praia","apartamento","3","2","3","8","79","706.51","500","0","13","true","false","false","true","5","4"
"10266012","Morretes","outros","1","1","1","2","58","121.25","15","0","69","false","true","false","true","4.74","0"
"1037047027853581998","Centro","apartamento","2","2","2","5","43","977.97","250","0","17","true","false","true","true","4.88","9"
"1269636598524749154","Centro","apartamento","1","1","1","3","76","391.32","190","0","9","false","true","true","false","4.22","1"
"46298558","Meia Praia","apartamento","2","2","8","4","54","511.48","220","0","6","true","true","false","false","5","1"
"10982940","Meia Praia","apartamento","4","4","5","8","75","1800","300","0","7","false","false","false","false","5","11"
"9327293","Meia Praia","apartamento","4","3","5","9","33","922.41","450","0","50","true","true","false","true","4.96","2"
"782734966853311782","Meia Praia","apartamento","3","3","4","8","79","746.37","350","0","9","true","true","false","true","5","0"
"53914255","Meia Praia","apartamento","2","2","2","5","47","530.6","300","0","8","true","true","true","true","5","1"
"29870406","Meia Praia","apartamento","3","3","5","11","86","792.64","250","0","25","true","true","false","true","4.96","2"
"1045916135727198441","Meia Praia","apartamento","2","2","3","6","59","668.06","250","0","5","true","true","false","false","5","9"
"37744392","Meia Praia","apartamento","3","2","3","6","79","720.97","100","0","10","true","false","false","false","5","1"
"22231120","Ilhota","apartamento","1","1","2","4","80","334.46","100","0","62","true","true","false","true","4.97","0"
"1280559161534348023","Centro","apartamento","1","1","2","4","86","625.02","190","0","0","false","true","true","false","0","1"
"1303745304497797235","Centro","apartamento","2","1","2","4","85","714.36","240","0","1","false","true","true","false","5","1"
"923133320997277084","Meia Praia","apartamento","0","1","2","4","53","433.23","150","0","24","true","true","false","true","5","6"
"1075444278753674442","Meia Praia","apartamento","2","1","4","6","45","600.47","250","0","5","false","false","false","false","4.8","11"
"47558531","Meia Praia","apartamento","3","2","5","9","90","766.59","300","0","68","true","true","false","true","4.93","0"
"1184078920130796920","Morretes","apartamento","2","2","2","4","70","414.31","290","0","11","false","true","true","true","5","2"
"46678933","Meia Praia","apartamento","3","3","4","7","97","783.51","250","0","8","false","false","false","false","5","0"
"53903158","Morretes","apartamento","3","2","3","8","72","1155.94","400","0","17","true","true","false","true","4.94","0"
"53656846","Alto Sao Bento","casa","1","1","1","2","43","302.56","150","0","40","false","false","false","false","4.85","0"
"37708447","Meia Praia","apartamento","3","2","6","10","44","791.73","300","0","95","true","false","false","true","4.99","5"
"794707921952592251","Meia Praia","outros","1","1","2","2","48","152.97","5","0","25","true","false","false","false","5","0"
"731853350375474350","Morretes","apartamento","2","2","3","6","34","705.51","150","0","10","false","false","false","false","5","3"
"16253828","Meia Praia","apartamento","3","2","4","7","73","1604.99","420","0","24","false","false","false","false","4.96","4"
"16618715","Meia Praia","apartamento","3","2","3","8","88","772.57","189","0","59","true","false","false","true","4.92","0"
"1031938290013047428","Meia Praia","apartamento","2","2","2","4","82","676.1","400","0","12","true","true","true","false","5","1"
"53448627","Meia Praia","apartamento","3","2","8","12","26","527.15","290","0","6","false","true","false","false","5","1"
"30402651","Meia Praia","apartamento","2","2","3","6","63","589.5","200","0","10","false","false","false","false","5","5"
"42709234","Centro","apartamento","3","3","4","8","97","733.5","300","0","12","false","false","false","false","4.92","10"
"15549803","Morretes","apartamento","4","3","6","8","45","728.51","350","0","82","true","false","false","true","4.93","2"
"48526011","Morretes","casa","3","2","3","10","65","556.68","300","0","17","false","false","false","false","4.88","0"
"1182188163181410725","Centro","apartamento","2","1","3","5","82","934.54","250","0","12","true","false","false","true","4.92","11"
"1208735754877396448","Centro","apartamento","1","1","1","2","83","435.67","150","0","2","false","true","true","false","5","1"
"1272537775161574422","Meia Praia","apartamento","2","2","2","4","56","574.87","369","0","7","false","true","true","false","4.71","1"
"41682475","Meia Praia","apartamento","3","2","3","8","43","469.77","200","0","7","false","true","false","false","5","11"
"22739656","Meia Praia","apartamento","3","2","6","8","74","1261.81","350","0","41","true","true","false","false","4.83","11"
"13522176","Meia Praia","apartamento","5","6","7","15","32","2397.8","435","0","144","false","false","false","false","4.83","6"
"859925561562240250","Meia Praia","apartamento","3","3","3","8","29","792.83","300","0","5","true","false","false","true","5","2"
"52530322","Meia Praia","apartamento","2","2","3","6","78","482.6","250","0","11","false","false","false","false","4.91","2"
"929120660817262874","Centro","apartamento","3","2","3","6","98","753.2","280","0","4","false","true","false","false","5","6"
"1274679812745645557","Centro","apartamento","1","1","2","4","88","602.03","195","0","7","true","true","true","false","4.86","1"
"53794321","Meia Praia","apartamento","2","2","2","5","67","783.01","250","0","17","false","true","false","false","4.88","1"
"51669111","Meia Praia","apartamento","3","2","3","8","92","728.75","300","0","8","false","true","false","true","5","5"
"1259534245145609058","Centro","apartamento","1","1","1","2","60","437.86","150","0","10","true","true","true","false","5","1"
"630326155301078742","Meia Praia","apartamento","2","2","5","6","37","366.22","250","0","17","true","true","false","false","4.88","3"
"41493620","Meia Praia","apartamento","2","2","2","4","98","770.41","300","0","7","true","false","false","false","5","2"
"1055163452693752832","Morretes","apartamento","2","2","2","4","72","559.75","50","0","16","true","false","false","true","4.94","0"
"52365560","Meia Praia","apartamento","1","1","1","4","75","324.53","200","0","10","true","false","false","false","4.8","4"
"1304403734260231676","Tabuleiro dos Oliveiras","apartamento","2","2","3","4","101","660.92","215","0","1","false","true","true","false","4","1"
"716703779507124462","Meia Praia","apartamento","2","2","2","6","72","766.81","300","0","10","false","false","true","true","4.8","3"
"1317427472349939673","Centro","casa","3","2","5","9","91","1000","0","0","0","false","false","false","false","0","0"
"52346232","Meia Praia","apartamento","3","2","6","8","59","732.27","300","0","47","false","false","true","false","4.77","3"
"1207864392976162235","Centro","apartamento","1","1","2","4","98","552.84","0","0","1","false","false","false","false","5","5"
"756997201912524343","Meia Praia","apartamento","3","3","4","8","97","1004.9","300","0","6","true","false","false","false","5","2"
"1048804459244346908","Morretes","apartamento","2","2","4","6","82","732.3","100","0","27","false","false","false","false","4.7","0"
"36698654","Meia Praia","apartamento","4","4","4","12","79","1964.59","300","0","14","false","false","false","false","4.79","6"
"52474050","Meia Praia","apartamento","2","2","4","7","22","780","250","0","41","true","false","false","false","4.93","3"
"44895797","Meia Praia","apartamento","3","2","3","7","13","705","179","0","65","true","true","false","true","4.88","4"
"768032727158094436","Meia Praia","apartamento","3","2","3","7","18","1200","0","0","5","false","<NA>","","true","5","4"
"982642009007231841","Centro","apartamento","1","1","3","4","52","267.32","135","0","24","true","false","false","true","4.88","6"
"39715668","Casa Branca","apartamento","2","1","3","4","65","231.87","200","0","18","true","false","false","false","4.94","2"
"29341170","Casa Branca","apartamento","2","1","2","5","46","408.78","180","0","81","false","false","true","false","4.88","2"
"49968308","Meia Praia","apartamento","3","2","4","6","26","733.35","250","0","26","true","false","false","false","5","4"
"20618105","Meia Praia","apartamento","2","2","2","5","44","657.09","300","0","15","false","false","false","false","4.73","4"
"42841323","Centro","apartamento","1","1","2","4","23","523.17","300","0","36","true","false","false","true","5","10"
"52884842","Meia Praia","apartamento","4","4","4","10","89","1900","200","0","5","false","false","false","false","5","1"
"711032530664362412","Varzea","casa","1","1","1","2","35","171.99","80","0","13","true","false","false","true","5","1"
"41533462","Meia Praia","apartamento","3","3","6","10","71","620.45","300","0","82","false","false","false","true","4.79","4"
"47006355","Meia Praia","apartamento","3","1","7","8","49","719.24","150","0","27","true","true","false","true","4.93","1"
"939698664229028471","Morretes","apartamento","2","2","3","6","39","320.79","250","0","20","true","true","false","true","4.95","5"
"16730935","Meia Praia","outros","1","1","1","2","89","250","70","0","22","true","false","false","false","5","2"
"20863370","Meia Praia","apartamento","3","3","5","7","18","507.93","410","0","25","false","false","false","true","4.88","3"
"902324773092897293","Meia Praia","apartamento","3","2","3","6","13","1203.85","250","0","13","true","false","false","true","5","11"
"978410400232267791","Centro","apartamento","2","2","4","6","31","396.32","250","0","5","false","false","false","false","5","4"
"798631136594423222","Tabuleiro dos Oliveiras","apartamento","4","3","6","10","56","1100","300","0","4","false","false","false","false","4.75","0"
"41664387","Meia Praia","outros","1","1","1","2","45","180.64","0","0","142","true","true","false","true","4.99","0"
"22421016","Centro","apartamento","3","3","4","8","9","802.22","300","0","7","false","false","false","false","5","0"
"22047595","Morretes","apartamento","3","2","7","10","60","718.43","290","0","37","true","true","false","true","4.89","1"
"48699117","Meia Praia","apartamento","2","2","5","6","48","459.17","250","0","24","true","true","false","true","4.92","9"
"30795921","Meia Praia","apartamento","3","3","3","8","22","1500","250","0","8","false","false","false","false","5","1"
"787195284335262595","Meia Praia","apartamento","3","2","3","7","63","576.93","300","0","11","true","false","false","true","5","5"
"41769298","Meia Praia","apartamento","3","2","11","10","71","1059.46","250","0","35","false","true","false","true","4.89","11"
"798475021925579344","Morretes","apartamento","2","2","4","5","48","330.16","100","0","20","true","true","false","true","4.9","0"
"39629644","Meia Praia","apartamento","3","2","3","6","27","440.94","350","0","84","true","true","false","true","4.95","2"
"944320965810800803","Meia Praia","apartamento","3","2","5","7","87","883.64","380","0","8","true","false","false","false","5","2"
"1062221285605590578","Centro","apartamento","3","3","4","8","82","601.11","0","0","1","false","false","false","false","5","0"
"28932247","Meia Praia","casa","3","2","7","9","50","495.59","250","0","25","true","true","false","false","4.92","3"
"47213093","Meia Praia","apartamento","2","2","2","4","22","290.5","250","0","14","false","true","false","true","4.93","0"
"557386903732882183","Meia Praia","apartamento","3","2","5","9","53","1129.45","300","0","6","false","false","false","false","5","11"
"807898347637042057","Morretes","apartamento","3","2","3","7","16","395","250","0","11","true","false","false","true","5","11"
"45911990","Morretes","apartamento","3","2","3","6","26","640.28","200","0","38","true","false","false","true","4.95","2"
"21662762","Meia Praia","apartamento","3","2","5","9","36","294.14","280","0","157","true","true","false","false","4.85","2"
"1021217453140595481","Meia Praia","hotel","1","1","3","4","46","398.83","140","0","12","true","false","false","false","5","2"
"1208718899534488031","Centro","apartamento","1","1","1","2","90","435.08","150","0","5","false","true","true","false","4.8","1"
"1056816282920055514","Meia Praia","apartamento","3","3","3","6","63","572.95","250","0","15","true","false","true","true","4.93","0"
"31511990","Sertaozinho","casa","2","2","4","5","86","483.43","100","0","51","false","false","false","false","4.92","11"
"1124052077567202180","Morretes","casa","4","5","10","16","20","907.3","400","0","3","false","false","false","false","5","1"
"668715506986619718","Meia Praia","apartamento","3","3","4","8","45","674.03","320","0","17","true","false","false","true","4.94","6"
"43754654","Centro","apartamento","3","3","4","8","87","841.46","390","0","12","false","false","false","false","5","7"
"687757820659405525","Morretes","apartamento","2","2","3","6","90","573.03","220","0","8","true","false","false","false","5","11"
"1277103969415516416","Morretes","apartamento","2","2","4","8","54","454.01","100","0","8","true","false","false","true","5","2"
"1019041007385326527","Meia Praia","apartamento","2","2","3","7","43","675.83","350","0","10","true","false","true","false","4.9","0"
"1011714999685071594","Centro","apartamento","3","2","4","6","28","556.04","180","0","6","true","false","true","true","5","5"
"783879004243392314","Meia Praia","apartamento","3","2","3","6","81","699.63","250","0","30","false","false","false","true","4.67","0"
"986245345084467584","Meia Praia","apartamento","3","3","4","8","86","856.1","250","0","8","true","true","false","true","5","1"
"1271171762063321920","Tabuleiro dos Oliveiras","apartamento","2","2","2","5","56","581.25","250","0","5","true","false","false","false","4.8","10"
"670778657683556451","Meia Praia","apartamento","3","4","3","8","41","954.93","300","0","6","true","false","false","true","5","2"
"20943549","Meia Praia","apartamento","2","2","2","6","65","410.58","220","0","27","true","false","false","false","4.96","3"
"16321793","Meia Praia","apartamento","3","2","5","7","74","521.62","250","0","31","true","false","false","false","4.97","1"
"790752171303746450","Meia Praia","apartamento","2","2","1","6","87","712.64","250","0","10","true","false","false","false","5","0"
"50561328","Meia Praia","apartamento","3","2","4","7","13","1073.08","200","0","32","false","false","false","true","4.78","1"
"53669499","Meia Praia","apartamento","3","3","3","6","59","810","200","0","58","true","false","true","true","4.9","0"
"23263225","Centro","casa","1","1","2","4","11","286.41","200","0","40","false","false","false","false","4.83","11"
"543584528464360785","Meia Praia","apartamento","2","2","5","6","60","375.49","350","0","26","true","false","false","true","4.92","11"
"38980085","Meia Praia","apartamento","3","3","3","8","90","959.22","350","0","13","true","false","false","false","5","3"
"41702158","Meia Praia","apartamento","4","3","6","12","46","1301.09","400","0","59","true","true","false","true","4.95","11"
"53340772","Meia Praia","apartamento","3","2","5","7","69","506.62","300","0","17","true","false","false","true","5","1"
"38852725","Meia Praia","apartamento","3","2","5","8","62","513.82","200","0","44","true","false","false","true","4.98","3"
"995680028058206783","Sertaozinho","casa","6","9","25","16","96","3523.67","0","0","2","false","true","false","false","5","1"
"1083633025910461931","Meia Praia","apartamento","0","1","1","4","46","314.13","150","0","13","true","false","false","true","4.85","11"
"52670832","Meia Praia","apartamento","3","2","10","8","13","477.65","300","0","27","true","false","false","true","4.93","3"
"873260132509992833","Morretes","apartamento","2","2","3","6","13","405.46","200","0","13","true","true","false","true","4.85","6"
"15791567","Meia Praia","apartamento","3","3","5","10","35","580","300","0","22","false","false","false","true","4.09","2"
"9658725","Meia Praia","apartamento","2","2","3","6","10","282.1","250","0","165","false","true","false","false","4.64","1"
"1247028916537033972","Centro","casa","4","6","4","12","75","1761.77","500","0","0","false","false","false","false","0","0"
"30491733","Meia Praia","apartamento","4","3","4","9","63","786.07","350","0","18","true","false","false","false","4.94","1"
"811053746893495263","Meia Praia","apartamento","3","2","4","8","66","411.97","300","0","8","true","false","false","false","5","11"
"784836681288428817","Casa Branca","apartamento","2","1","4","5","65","377.38","200","0","13","false","true","false","false","4.77","0"
"52650644","Meia Praia","apartamento","3","2","3","7","75","683.03","150","0","12","true","true","false","false","4.92","2"
"1218889785346856352","Meia Praia","apartamento","2","2","5","7","30","574.7","413","0","10","false","true","true","false","4.7","1"
"1182070530301053205","Centro","apartamento","1","1","2","4","76","604.65","190","0","12","true","true","true","false","4.92","1"
"8838629","Morretes","apartamento","3","2","11","15","66","761.93","200","0","88","false","true","true","true","4.7","3"
"978095320445301654","Meia Praia","apartamento","3","3","4","8","82","901.65","250","0","17","true","true","false","true","4.88","3"
"676838365540390245","Meia Praia","apartamento","2","2","4","6","20","250","200","0","8","true","false","false","false","5","5"
"965258538716677226","none","casa","1","1","1","2","86","624.7","200","0","16","true","false","false","true","4.81","4"
"45184991","Meia Praia","apartamento","2","2","2","5","62","648","200","0","123","false","false","true","true","4.81","0"
"1032037416009523135","Areal","casa","1","1","1","2","37","550.8","0","0","21","true","true","true","true","5","1"
"23108026","Meia Praia","apartamento","2","2","3","5","74","679.32","180","0","28","false","false","false","false","4.64","10"
"913929715874853789","Meia Praia","apartamento","4","3","6","9","68","976.18","400","0","27","false","false","false","true","4.89","10"
"18505349","Centro","apartamento","3","2","4","6","30","611.8","380","0","23","true","false","false","true","4.83","11"
"21632405","Meia Praia","apartamento","3","2","3","8","53","508","250","0","11","true","false","false","true","4.82","2"
"1242713378625026725","Centro","apartamento","1","1","2","4","83","637.58","190","0","8","false","true","true","false","4.75","1"
"758758164947604865","Meia Praia","outros","1","1","1","2","82","153.9","100","0","14","true","true","false","false","4.86","5"
"48254075","Meia Praia","apartamento","2","2","2","5","20","487.8","300","0","33","false","false","false","true","4.85","7"
"21025393","Meia Praia","apartamento","3","3","5","6","36","734.08","250","0","23","true","false","false","false","4.91","3"
"42138941","Meia Praia","apartamento","2","2","3","4","69","1182.61","150","0","19","true","true","false","false","4.95","11"
"1045592510645908121","Meia Praia","apartamento","2","1","3","7","65","502.98","250","0","20","true","true","false","true","5","1"
"970445468070597218","Morretes","apartamento","2","1","3","6","2","570","0","0","7","true","<NA>","","false","5","4"
"26334990","Meia Praia","apartamento","3","2","8","11","67","1202.59","350","0","6","false","true","false","false","5","6"
"22901902","Meia Praia","apartamento","3","2","3","6","92","721.03","300","0","29","true","true","false","false","4.93","11"
"31084342","Meia Praia","apartamento","4","4","6","12","53","814.15","500","0","5","false","false","false","false","5","0"
"25165914","Meia Praia","apartamento","3","2","4","6","87","604.6","210","0","15","false","false","false","false","4.87","2"
"1315954985293478319","Centro","apartamento","1","1","2","4","102","765.15","170","0","0","false","true","true","false","0","1"
"577547502503396579","Meia Praia","apartamento","2","2","2","4","58","657.41","250","0","26","true","false","false","true","4.85","10"
"1191261348067720296","Centro","apartamento","2","1","3","6","67","701.56","240","0","25","true","true","true","false","5","1"
"53918137","Meia Praia","apartamento","2","2","3","6","62","434.15","290","0","14","true","false","false","false","4.93","0"
"24171739","Meia Praia","apartamento","3","2","3","8","31","481.29","250","0","23","true","false","false","true","4.83","2"
"781223884036842600","Meia Praia","apartamento","2","2","2","5","62","364.76","250","0","26","false","false","false","true","4.65","0"
"40236441","Morretes","casa","1","1","1","2","47","237.26","80","0","84","true","true","true","true","4.9","1"
"15980108","Meia Praia","apartamento","4","3","5","10","39","1500","180","0","26","true","true","false","false","4.85","1"
"599368528094352718","Meia Praia","apartamento","3","0","3","6","24","385.04","300","0","48","true","true","false","true","4.96","11"
"1060712994513047104","Morretes","apartamento","2","2","3","5","78","437.34","250","0","10","false","true","false","true","4.9","11"
"53717416","Meia Praia","apartamento","3","2","3","6","76","676.8","484","0","34","false","true","true","false","4.5","1"
"1188323084225041810","Centro","apartamento","1","1","2","4","73","606.76","190","0","14","true","true","true","false","4.86","1"
"770131545986036241","Meia Praia","apartamento","3","3","4","8","78","959.99","300","0","36","true","true","false","true","4.92","1"
"1321134786322096510","Meia Praia","apartamento","3","2","4","6","88","693.42","337","0","1","false","true","true","false","5","1"
"30617740","Meia Praia","apartamento","3","2","5","8","71","556.49","350","0","22","true","false","false","false","4.91","1"
"53113087","Meia Praia","apartamento","3","2","3","8","57","551.91","300","0","12","true","false","false","false","5","2"
"1207881809440158991","Centro","apartamento","1","1","1","2","92","434.83","150","0","1","false","true","true","false","5","1"
"782548209247570691","Meia Praia","apartamento","3","3","6","8","54","667.36","300","0","32","true","true","false","true","4.94","1"
"1139831117529014384","Tabuleiro dos Oliveiras","apartamento","3","2","4","6","82","622.57","220","0","11","true","false","false","true","5","7"
"580589381711973141","Morretes","apartamento","2","2","3","4","52","404.81","180","0","11","true","true","false","false","5","10"
"47089646","Centro","apartamento","2","2","4","7","51","526","350","0","15","true","true","false","false","5","0"
"21454457","Meia Praia","apartamento","2","1","2","5","15","191.87","320","0","57","true","false","false","true","4.81","2"
"53645678","Meia Praia","apartamento","3","2","5","7","61","761.48","300","0","13","true","false","false","false","5","1"
"17511306","Meia Praia","casa","4","2","5","13","62","1007.85","350","0","33","true","false","false","false","4.85","10"
"821574780923920105","Meia Praia","apartamento","3","3","3","6","54","617.72","300","0","6","true","false","false","false","5","0"
"47421617","Centro","apartamento","2","2","4","5","36","404.19","260","0","7","false","false","false","false","4.71","11"
"674566887638611404","Meia Praia","apartamento","3","2","3","6","42","496.43","420","0","15","true","true","false","true","5","11"
"46048925","Meia Praia","apartamento","3","3","3","8","91","980.05","300","0","11","true","false","false","false","5","6"
"27338096","Centro","apartamento","3","3","7","8","89","1383.61","350","0","12","false","false","false","false","5","5"
"15754075","Meia Praia","apartamento","3","3","5","9","37","686.49","450","0","36","true","true","false","true","4.92","2"
"31115702","Meia Praia","apartamento","2","1","2","7","46","339.08","200","0","27","false","true","false","true","4.59","0"
"53195241","Meia Praia","apartamento","4","3","4","10","85","1839.87","350","0","12","true","false","false","false","4.92","2"
"1046547202929220520","Meia Praia","apartamento","1","1","1","2","59","401.43","0","0","15","true","false","false","true","4.87","0"
"51507847","Meia Praia","apartamento","3","2","4","6","16","437.5","300","0","5","false","false","false","false","5","1"
"1193657356522503551","Meia Praia","apartamento","2","3","4","6","70","727.46","250","0","11","true","false","true","true","4.91","0"
"22421421","Morretes","casa","2","1","5","11","56","434.14","100","0","4","false","false","false","false","4.5","7"
"1207383031689344642","Centro","apartamento","1","1","1","4","76","651.11","150","0","8","false","false","false","false","4.88","0"
"33336758","Meia Praia","apartamento","2","2","2","6","36","446.21","250","0","29","true","false","false","true","4.86","2"
"38447436","Meia Praia","apartamento","3","2","5","7","101","1015.94","350","0","19","true","false","true","false","4.84","0"
"21607605","Meia Praia","apartamento","4","3","5","11","47","779.09","300","0","13","false","false","false","false","4.85","3"
"730553947980169722","Centro","apartamento","3","2","12","8","78","859.45","300","0","7","false","false","false","false","5","3"
"1182040498646675653","Centro","apartamento","2","1","3","6","66","727.03","240","0","2","false","true","true","false","5","1"
"53972959","Meia Praia","apartamento","3","3","3","6","73","933.1","400","0","13","true","false","false","true","4.77","1"
"1283982403734255309","Centro","apartamento","1","1","2","4","67","598.72","190","0","11","true","true","true","false","4.91","1"
"12490354","Centro","apartamento","3","2","3","6","63","748.51","250","0","42","true","false","false","true","4.98","2"
"1263128865886946817","Centro","apartamento","1","1","1","2","93","597.06","170","0","1","false","true","true","false","5","1"
"1063807278503566143","Centro","apartamento","2","2","3","6","67","479.06","280","0","5","true","false","false","true","5","0"
"1267332355220608617","Meia Praia","apartamento","2","2","3","5","69","668.58","150","0","1","false","false","false","false","5","2"
"37989675","Meia Praia","apartamento","2","2","2","6","63","418.48","300","0","20","false","false","false","true","4.85","4"
"27981528","Casa Branca","apartamento","3","2","3","6","61","543.92","100","0","138","true","false","false","true","4.93","1"
"52025452","Meia Praia","apartamento","3","2","4","8","52","442.82","200","0","36","false","false","false","false","4.56","4"
"32486859","Meia Praia","apartamento","4","4","5","8","51","922.59","400","0","70","true","false","false","true","4.89","10"
"51983017","Meia Praia","apartamento","2","1","2","5","29","635.98","275","0","41","true","false","false","true","5","1"
"762192750283483456","Meia Praia","apartamento","2","1","3","4","67","395.57","120","0","14","true","false","false","true","4.93","3"
"1111626053814730010","Centro","apartamento","3","2","4","6","70","728.24","500","0","8","false","true","true","false","4.75","1"
"54145466","Meia Praia","apartamento","4","4","4","8","90","2000","200","0","0","false","false","false","false","0","0"
"871084107630048364","Meia Praia","apartamento","2","2","2","6","54","445.94","99","0","44","true","false","false","true","5","8"
"42013117","Meia Praia","apartamento","2","2","2","6","26","569.01","350","0","20","true","false","false","false","5","11"
"38899673","Morretes","apartamento","2","1","2","4","78","601.67","245","0","7","false","false","false","false","5","0"
"9784227","Meia Praia","apartamento","2","2","4","6","19","480","180","0","24","false","true","false","false","4.54","1"
"46530405","Morretes","apartamento","3","2","3","8","83","1085.44","520","0","41","false","false","false","false","4.85","8"
"22428497","Meia Praia","casa","2","1","2","4","40","299","250","0","36","true","false","false","false","4.81","0"
"15024197","Centro","apartamento","3","2","5","8","18","800","250","0","12","false","false","false","false","4.75","4"
"46866680","Meia Praia","apartamento","3","3","3","6","67","508.94","300","0","9","false","false","false","false","5","1"
"966687088388761169","Meia Praia","apartamento","3","3","3","6","97","788.26","350","0","14","true","false","false","false","5","4"
"978244263452010977","Meia Praia","apartamento","2","1","2","6","50","532.97","200","0","33","true","false","false","true","4.94","4"
"1161796266594364332","Centro","apartamento","1","1","1","2","31","453.23","250","0","21","true","true","false","true","5","10"
"1187061700423806804","Centro","apartamento","1","1","2","4","75","610.06","190","0","3","false","true","true","false","5","1"
"52969803","Centro","apartamento","2","2","3","5","70","361.41","160","0","27","true","false","false","true","5","2"
"1182018398755268829","Centro","apartamento","2","1","3","6","73","716.03","240","0","13","true","true","true","false","5","1"
"754796838418506202","Meia Praia","apartamento","3","2","3","9","68","584.42","350","0","12","true","false","false","false","5","0"
"730503580289648392","Centro","apartamento","2","2","4","6","10","787.5","250","0","8","false","true","false","false","4.88","3"
"552912581186899747","Meia Praia","casa","7","3","9","16","49","1260","250","0","19","false","false","false","false","5","11"
"32600458","Meia Praia","apartamento","3","3","4","8","53","595.9","350","0","31","true","false","false","true","4.9","10"
"22223346","Meia Praia","apartamento","2","2","2","6","28","592.25","200","0","21","false","true","false","false","5","0"
"873125740517449213","Morretes","apartamento","2","1","3","5","84","493.04","400","0","19","true","true","true","false","4.84","1"
"42704327","Centro","apartamento","3","3","5","8","84","1290.26","300","0","9","false","false","false","false","5","10"
"40960741","Meia Praia","apartamento","1","1","1","4","75","288.04","200","0","12","false","false","false","false","4.5","4"
"1182043782165637473","Centro","apartamento","1","1","2","4","75","603.21","190","0","11","true","true","true","false","4.82","1"
"41761142","Meia Praia","apartamento","2","2","5","6","43","388.47","170","0","60","true","true","false","true","4.77","11"
"5443557","Canto da Praia","casa","1","1","4","5","82","799.12","198","0","107","false","true","true","true","4.87","10"
"54020562","Centro","casa","3","2","4","7","29","365.52","0","0","16","true","true","false","false","4.88","10"
"572368704250611987","Meia Praia","apartamento","2","2","2","5","36","506.64","200","0","35","true","false","false","true","4.86","10"
"15909831","Meia Praia","apartamento","3","3","4","6","78","732.55","190","0","32","true","true","false","true","4.94","2"
"41786765","Meia Praia","apartamento","3","3","3","8","13","250","500","0","32","false","true","false","false","4.84","11"
"51866473","Meia Praia","apartamento","3","2","3","8","45","507.83","250","0","30","true","false","false","true","4.97","4"
"790431243381422888","Meia Praia","apartamento","3","3","3","8","104","963.01","300","0","7","true","false","false","false","5","0"
"39685785","Meia Praia","apartamento","2","2","2","7","73","534.57","220","0","125","true","false","false","true","4.94","2"
"53915734","Morretes","apartamento","2","3","3","4","64","514.04","300","0","95","false","false","true","true","4.75","2"
"1088251024341369589","Morretes","apartamento","2","3","2","5","14","607.14","0","0","16","true","false","false","true","4.88","0"
"1208704132667695539","Centro","apartamento","1","1","1","2","95","610.37","170","0","0","false","true","true","false","0","1"
"999226382307972271","Morretes","apartamento","2","2","2","5","85","436.53","200","0","16","false","false","false","true","4.81","3"
"1282577030741754149","Centro","apartamento","1","1","1","2","72","400.13","150","0","7","false","true","true","false","4.14","1"
"30098696","Casa Branca","casa","1","1","1","2","10","249","0","0","25","true","<NA>","","false","5","1"
"1312949509621922876","Morretes","apartamento","2","2","2","4","86","668.12","238","0","2","false","true","true","false","5","1"
"52627650","Morretes","apartamento","1","1","1","3","12","356.96","200","0","50","false","false","false","false","4.8","2"
"1207338410880339003","Centro","apartamento","1","1","1","2","86","435.37","150","0","0","false","true","true","false","0","1"
"52472131","Meia Praia","apartamento","2","2","3","6","87","701.15","200","0","19","false","false","false","false","4.84","1"
"52596621","Meia Praia","apartamento","3","3","3","6","104","1163.61","300","0","11","true","true","false","false","5","1"
"27022969","Meia Praia","apartamento","4","4","6","8","60","1786.68","365","0","2","false","false","false","false","5","10"
"3977675","Meia Praia","apartamento","0","1","3","5","55","242.71","50","0","21","false","false","false","false","4.62","7"
"549056203343531816","Meia Praia","apartamento","3","2","5","8","48","571.88","200","0","24","true","false","false","true","5","11"
"897144549301156856","Meia Praia","apartamento","3","2","4","6","35","946.43","200","0","10","true","false","false","true","5","11"
"1058777213156843238","Meia Praia","apartamento","1","1","2","4","26","448.27","212","0","24","true","false","true","true","5","10"
"628340205412932131","Morretes","apartamento","1","1","2","4","12","533.33","60","0","27","true","false","false","true","4.96","3"
"1198703061430420363","Centro","apartamento","1","1","2","4","40","455.22","200","0","11","true","true","false","true","5","5"
"40342798","Meia Praia","apartamento","3","3","3","6","81","662.87","300","0","14","true","false","false","false","5","1"
"686743101124580615","Meia Praia","apartamento","3","4","3","8","27","818.2","300","0","6","false","false","false","true","5","2"
"47222306","Morretes","apartamento","1","1","4","5","47","199.68","75","0","65","true","true","false","true","4.97","0"
"1086855144095843601","Casa Branca","apartamento","2","1","3","4","68","493.21","175","0","14","true","false","true","true","4.93","3"
"1045520246239520927","Centro","apartamento","3","3","3","6","81","960.52","400","0","0","false","false","false","false","0","9"
"1181971107577983158","Centro","apartamento","1","1","1","2","81","388.66","150","0","15","true","true","true","false","4.93","1"
"53733977","Meia Praia","apartamento","2","2","4","4","38","440.29","220","0","39","true","true","false","true","4.95","1"
"47000276","Meia Praia","apartamento","3","3","6","8","42","612.55","390","0","28","false","false","false","false","4.82","1"
"50047341","Meia Praia","apartamento","3","2","5","8","36","346.1","200","0","81","true","false","false","true","4.78","4"
"787847078680683474","Tabuleiro dos Oliveiras","apartamento","2","2","2","6","63","391.11","300","0","6","true","false","false","false","5","0"
"32134287","Meia Praia","apartamento","2","2","8","5","84","652.19","200","0","83","true","true","false","true","4.96","11"
"46011731","Meia Praia","apartamento","3","2","6","8","21","607.38","180","0","19","true","false","false","true","4.89","7"
"47891397","Meia Praia","apartamento","3","2","3","6","81","505.2","250","0","8","false","false","false","false","5","11"
"22191680","Meia Praia","apartamento","2","1","4","6","80","420.82","250","0","94","true","true","false","true","4.77","0"
"1075503699104403085","Meia Praia","apartamento","4","3","4","12","69","995.97","250","0","1","false","false","false","false","5","11"
"856482117556875618","Meia Praia","apartamento","2","2","2","6","26","359.23","250","0","26","true","true","false","true","4.96","4"
"53605382","Centro","apartamento","4","3","5","7","39","712.82","300","0","66","true","true","false","false","4.92","1"
"1058193595817353204","Tabuleiro dos Oliveiras","apartamento","2","2","5","6","33","409.09","200","0","11","true","true","false","true","5","0"
"15500038","Meia Praia","apartamento","3","2","4","9","88","505.35","300","0","25","true","false","false","true","4.88","2"
"708045427082372124","Centro","apartamento","2","2","3","5","94","1252.6","250","0","8","true","false","false","false","5","4"
"39414948","Meia Praia","apartamento","3","2","5","8","61","561.89","250","0","72","true","false","false","true","4.96","2"
"45780750","Meia Praia","apartamento","3","2","6","6","12","850","0","0","26","false","<NA>","","false","4.96","1"
"1189331897618015345","Centro","apartamento","2","2","3","6","86","719.05","240","0","17","true","true","true","false","4.82","1"
"45726200","Meia Praia","apartamento","3","3","5","11","45","1441.52","350","0","15","true","false","true","false","5","0"
"52358821","Canto da Praia","casa","3","2","4","6","84","690.82","250","0","35","true","false","false","true","5","3"
"745632820094188215","Meia Praia","apartamento","3","3","3","8","16","735.88","400","0","7","true","false","false","false","5","2"
"30560948","Meia Praia","apartamento","3","2","4","6","85","892.15","300","0","10","false","false","false","false","5","1"
"27704027","Centro","apartamento","3","3","8","14","84","747.89","400","0","24","false","false","false","false","4.96","5"
"30209117","Meia Praia","apartamento","3","2","5","9","42","470.36","160","0","16","false","true","false","true","4.94","1"
"21295667","Meia Praia","apartamento","3","4","3","9","53","729.31","320","0","31","true","false","false","false","4.87","3"
"51453135","Meia Praia","apartamento","3","2","5","8","91","631.1","300","0","13","true","false","false","true","4.85","5"
"29145061","Meia Praia","apartamento","2","2","4","6","56","439.56","250","0","36","false","false","false","true","4.81","11"
"31859744","Meia Praia","apartamento","2","3","3","6","77","497.53","300","0","22","true","false","false","false","5","11"
"30922946","Meia Praia","outros","1","1","1","2","71","199.61","50","0","92","true","true","false","true","4.98","0"
"1265161823691467042","Centro","apartamento","1","1","2","4","82","640.11","190","0","8","true","true","true","false","5","1"
"703527486074504582","Meia Praia","apartamento","2","1","4","5","74","337.83","300","0","18","true","false","false","true","4.94","4"
"49123621","Meia Praia","apartamento","3","0","4","6","90","729.06","300","0","16","true","false","false","false","4.94","9"
"16270332","Centro","casa","4","2","7","11","54","896.3","100","0","43","false","false","false","true","4.81","0"
"53803935","Meia Praia","apartamento","3","2","8","12","26","642.19","290","0","13","false","true","false","false","4.85","1"
"16017693","Meia Praia","apartamento","3","3","4","7","36","858.64","350","0","41","true","true","true","true","4.9","1"
"46710652","Meia Praia","apartamento","3","3","3","9","71","600.41","250","0","16","true","false","false","false","4.94","10"
"1274055523929375490","Meia Praia","apartamento","1","1","1","2","91","605.03","250","0","4","false","true","true","false","5","1"
"839184834439414765","Meia Praia","outros","1","1","1","2","42","154.71","5","0","37","true","false","false","false","5","0"
"1043497443334655968","Centro","apartamento","2","2","2","5","42","870.84","290","0","7","true","false","false","false","4.86","1"
"1057964852411462810","Morretes","casa","2","3","3","5","77","353.38","200","0","13","false","false","false","true","4.69","0"
"52354467","Meia Praia","apartamento","3","2","3","6","68","598.58","250","0","20","true","false","false","true","4.9","4"
"46598066","Centro","apartamento","2","2","2","6","85","1036.64","250","0","18","true","false","false","true","5","1"
"32585103","Meia Praia","apartamento","2","2","2","5","57","446.84","250","0","75","true","false","false","true","4.91","10"
"1015691857467598452","Meia Praia","apartamento","3","2","3","6","55","1296","250","0","21","true","false","true","true","5","0"
"1082133757143221839","Meia Praia","apartamento","3","2","0","6","17","1200","300","0","19","true","false","false","true","5","11"
"1052490589225547467","Meia Praia","apartamento","3","2","6","8","67","713.63","290","0","16","true","false","false","true","5","0"
"1236367599770739400","Centro","apartamento","1","1","2","4","59","579.19","200","0","15","false","false","false","true","4.73","10"
"46704215","Meia Praia","apartamento","2","2","2","4","11","583.7","100","0","61","true","false","false","true","4.84","1"
"1005958896607152946","Casa Branca","apartamento","2","1","3","5","55","253.91","130","0","37","true","false","false","true","4.81","2"
"1083424325445690046","Meia Praia","apartamento","2","3","4","5","54","602.62","250","0","5","true","false","false","true","5","11"
"850675824952359571","Meia Praia","apartamento","3","2","4","8","68","805.24","200","0","27","false","false","true","true","4.7","0"
"16350860","Meia Praia","apartamento","2","2","2","5","65","603.93","230","0","10","true","false","false","true","4.9","2"
"41147466","Meia Praia","apartamento","0","2","3","6","45","533.51","300","0","42","true","true","false","true","4.86","0"
"35912580","Meia Praia","apartamento","3","2","3","8","38","327.82","260","0","13","false","false","false","false","5","9"
"36908385","Meia Praia","apartamento","3","3","4","7","27","659.06","350","0","22","false","true","true","true","4.82","1"
"38693604","Meia Praia","apartamento","3","2","7","8","85","619.41","300","0","20","true","true","false","false","4.85","3"
"53973724","Meia Praia","apartamento","3","2","4","6","69","594.65","300","0","15","true","false","false","false","4.93","0"
"31430342","Meia Praia","apartamento","2","2","5","7","59","463.98","250","0","12","true","false","false","false","5","0"
"771111761043546355","Centro","apartamento","2","1","3","6","75","588.54","150","0","18","true","false","false","false","4.94","1"
"12931525","Meia Praia","apartamento","3","1","3","6","46","429.32","300","0","20","false","false","true","false","4.85","2"
"48848529","Meia Praia","apartamento","3","4","4","12","87","1021.81","350","0","61","true","false","false","true","4.84","9"
"43300431","Meia Praia","apartamento","4","3","4","10","88","2417.05","250","0","13","false","false","false","false","4.69","11"
"573122310094338767","Meia Praia","apartamento","3","2","3","6","44","585.5","300","0","15","true","false","false","false","4.93","6"
"46724379","Meia Praia","apartamento","2","1","5","7","100","474.14","199","0","55","true","false","false","true","4.91","1"
"813090046454458015","Sertao do Trombudo","casa","1","1","1","2","84","388.45","150","0","47","true","true","false","true","5","11"
"11044577","Centro","apartamento","1","1","1","4","55","384.62","306","0","26","false","true","false","false","4.38","11"
"1181723518413479765","Centro","apartamento","1","1","1","4","86","524.38","150","0","12","false","false","false","false","4.67","0"
"50535771","Centro","apartamento","3","2","4","6","44","630.68","200","0","14","false","false","false","false","4.57","6"
"1214464056304542513","Centro","apartamento","2","1","4","5","87","707.47","220","0","16","true","true","true","false","5","1"
"30910938","Meia Praia","apartamento","2","2","3","6","56","478.16","300","0","46","true","false","false","true","4.93","0"
"694947516825280143","Meia Praia","apartamento","3","2","5","8","23","332.04","500","0","24","true","false","false","true","5","4"
"1208746927423730353","Centro","apartamento","1","1","1","2","79","393.89","150","0","1","false","true","true","false","5","1"
"1056827534457537585","Morretes","casa","2","1","3","4","92","373.17","200","0","17","true","false","false","true","4.88","0"
"812231708820863156","Meia Praia","apartamento","4","3","4","8","58","648.89","348","0","19","false","false","false","true","4.79","11"
"1254489827996538747","Meia Praia","apartamento","3","3","4","8","74","1238.64","100","0","11","true","true","false","true","5","3"
"54245203","Meia Praia","apartamento","2","2","3","5","23","591.59","200","0","8","true","true","false","false","5","9"
"52214716","Meia Praia","apartamento","4","3","6","11","79","1500.17","350","0","7","false","false","true","false","5","0"
"49369605","Meia Praia","apartamento","3","2","0","8","21","237.37","220","0","12","true","false","false","false","4.75","8"
"766788707373767791","Meia Praia","apartamento","3","3","4","8","40","471.49","150","0","23","true","false","false","true","4.91","1"
"40250642","Meia Praia","apartamento","3","2","3","6","73","1056.5","350","0","25","false","false","false","false","4.88","0"
"1171049670344322120","Meia Praia","apartamento","3","3","3","8","61","678.18","400","0","17","true","false","false","true","4.82","10"
"996227938456591020","Tabuleiro dos Oliveiras","apartamento","2","2","2","6","73","333.53","150","0","10","true","false","false","true","5","10"
"42180312","Jardim Praiamar","casa","1","1","1","4","60","194.87","100","0","61","true","false","false","true","5","8"
"10340400","Meia Praia","apartamento","3","2","4","6","6","300","250","0","55","true","true","false","false","4.93","0"
"53643568","Meia Praia","apartamento","3","2","5","7","25","719.16","199","0","19","true","false","true","true","5","1"
"1265295313956605287","Centro","apartamento","1","1","1","2","79","398.97","190","0","0","false","true","true","false","0","1"
"892662939259281401","Meia Praia","apartamento","4","0","5","10","13","1500","350","0","14","false","true","false","false","4.79","7"
"906701409648697471","Meia Praia","apartamento","2","2","3","6","57","544.89","200","0","26","true","false","false","false","4.96","3"
"31530689","Meia Praia","apartamento","3","2","4","6","90","702.78","0","0","24","true","true","false","true","4.92","0"
"744210382596366805","Meia Praia","apartamento","3","3","3","6","55","521.5","250","0","7","true","false","false","false","5","0"
"1277671971539993475","Centro","apartamento","1","1","1","2","30","281.92","180","0","13","true","true","false","true","5","2"
"54167570","Meia Praia","apartamento","3","3","3","15","81","1401.48","150","0","8","true","false","false","false","5","0"
"946451380352813662","Meia Praia","apartamento","3","3","4","6","28","1106.38","300","0","5","true","false","false","false","5","5"
"1035628196408986358","Centro","apartamento","3","2","3","6","43","1087.71","456","0","4","false","true","true","false","5","1"
"48624860","Meia Praia","apartamento","2","2","2","7","18","322.22","200","0","13","true","false","false","false","4.92","0"
"16451544","Centro","apartamento","3","2","4","6","31","500","200","0","11","true","false","false","false","5","4"
"31454750","Canto da Praia","apartamento","2","2","2","4","59","544.47","300","0","38","true","false","false","true","4.95","0"
"47232230","Meia Praia","apartamento","3","2","6","6","16","903","400","0","20","false","false","false","true","4.95","7"
"790006111813482352","Meia Praia","apartamento","2","2","2","6","68","427.01","180","0","8","true","false","false","false","5","2"
"54237040","Meia Praia","apartamento","3","2","4","8","66","696.07","350","0","9","true","false","false","false","5","0"
"553578003486746447","Meia Praia","apartamento","2","2","2","6","15","750","280","0","16","false","false","false","false","4.81","0"
"673825002694927178","Meia Praia","apartamento","3","4","3","8","42","806.67","300","0","9","true","false","false","true","5","2"
"794710559970994170","Meia Praia","apartamento","2","2","3","4","68","514.94","10","0","11","true","false","false","false","5","0"
"618150693526656201","Meia Praia","apartamento","2","2","4","6","48","300.17","150","0","28","false","false","false","true","4.86","8"
"1043599286749467076","Morretes","apartamento","2","1","3","4","62","501.06","205","0","20","true","false","true","true","5","3"
"53986731","Centro","apartamento","3","2","3","6","15","312.58","250","0","31","true","true","false","true","4.94","0"
"1081972140987250431","Meia Praia","apartamento","2","2","2","4","63","707.49","400","0","9","false","true","true","false","4.56","1"
"22307401","Meia Praia","apartamento","2","2","3","6","27","405.19","230","0","57","true","false","false","false","4.88","0"
"28987242","Meia Praia","apartamento","4","2","5","10","28","623.86","297","0","47","true","false","false","true","4.94","3"
"1265370363028714118","Centro","apartamento","1","1","1","2","84","397.95","190","0","1","false","true","true","false","5","1"
"53796581","Morretes","apartamento","4","4","8","12","58","1116.55","400","0","6","false","false","false","false","5","0"
"1070343877574441166","Morretes","apartamento","2","2","2","5","22","316.14","150","0","12","true","false","false","true","5","10"
"46936020","Morretes","apartamento","2","2","3","6","54","398.24","200","0","68","true","true","false","true","4.99","1"
"38800430","Meia Praia","apartamento","3","2","5","7","34","428.5","150","0","53","true","true","false","true","4.98","3"
"40971559","Meia Praia","apartamento","3","2","5","8","34","720.29","300","0","10","false","false","false","true","4.9","0"
"28155872","Meia Praia","apartamento","3","2","3","6","25","400","200","0","13","false","false","false","false","4.62","4"
"11508986","Centro","casa","2","1","3","5","13","348.73","150","0","15","false","true","false","false","4.87","10"
"32990586","Meia Praia","apartamento","3","2","5","6","85","973.48","350","0","23","true","false","false","false","4.96","10"
"45687710","Meia Praia","apartamento","2","1","5","6","79","419.46","130","0","11","true","false","false","false","4.91","0"
"15523493","Meia Praia","apartamento","3","2","6","8","58","657.56","250","0","96","true","true","false","true","4.96","2"
"1044458170286255125","Meia Praia","apartamento","4","5","4","12","55","1057.16","250","0","2","false","false","false","false","5","8"
"805381324514930766","Meia Praia","apartamento","3","2","6","8","32","783.31","380","0","59","true","false","false","true","4.98","3"
"41888100","Meia Praia","apartamento","2","2","4","6","78","552.95","250","0","126","true","false","false","true","4.87","4"
"892721989592935461","Centro","apartamento","2","2","4","6","49","372.35","220","0","26","true","false","false","false","5","7"
"1182028381058524086","Centro","apartamento","1","1","2","4","70","594.85","190","0","12","true","true","true","false","5","1"
"52652931","Meia Praia","apartamento","2","2","2","5","46","437.07","250","0","18","true","false","false","true","5","4"
"1297930390704189766","Meia Praia","apartamento","1","1","1","2","85","592.23","170","0","6","true","true","true","false","5","1"
"762112217871324562","Meia Praia","apartamento","3","1","5","7","61","586.9","200","0","40","true","true","false","true","4.93","1"
"39007372","Meia Praia","apartamento","3","3","3","6","95","1103.15","250","0","9","false","false","false","false","5","3"
"31543199","Meia Praia","apartamento","3","3","4","7","44","764.16","200","0","27","true","false","false","false","5","11"
"52758042","Meia Praia","apartamento","4","4","5","8","103","2882.67","300","0","1","false","false","true","false","5","0"
"1125970477826966385","Morretes","apartamento","2","2","2","4","68","653.48","400","0","10","false","true","true","false","4.6","1"
"30493854","Meia Praia","apartamento","3","2","3","6","41","497.56","260","0","19","true","false","false","false","4.89","1"
"1052110098791057231","Meia Praia","apartamento","2","2","2","6","53","694.68","362","0","8","false","true","true","false","4.63","1"
"633809099013662442","Meia Praia","apartamento","3","2","3","7","42","455.88","250","0","40","true","false","false","true","4.98","7"
"1181933658424522281","Centro","apartamento","1","1","1","2","77","391.08","150","0","19","false","true","true","false","4.79","1"
"769461318721075633","Meia Praia","casa","2","3","2","10","36","569.44","300","0","9","true","false","false","true","5","1"
"41141790","Meia Praia","apartamento","3","2","3","8","39","699.36","330","0","10","false","false","false","false","4.9","0"
"23078040","Meia Praia","apartamento","3","2","3","7","54","774.07","190","0","213","false","true","false","true","4.59","11"
"31560419","Centro","apartamento","2","2","4","6","47","408.57","220","0","16","true","true","false","false","5","2"
"23787711","Meia Praia","apartamento","3","2","4","6","90","400","0","0","19","false","<NA>","","false","5","9"
"1276789839775235217","Morretes","apartamento","2","2","2","4","43","430.07","300","0","15","true","false","false","true","5","2"
"1019453731090411731","Meia Praia","apartamento","0","1","2","4","85","449.36","200","0","12","true","false","false","true","5","2"
"42362925","Meia Praia","apartamento","4","4","4","8","70","1137.33","495","0","175","true","true","false","false","4.94","5"
"50085393","Meia Praia","apartamento","3","2","4","11","21","621.43","250","0","37","true","false","false","true","4.97","7"
"50958684","Meia Praia","apartamento","3","3","4","8","74","1010.47","495","0","42","true","true","false","true","4.98","7"
"629724091250673746","Meia Praia","apartamento","2","2","3","6","71","646.48","400","0","46","false","true","true","false","4.72","1"
"40320100","Morretes","apartamento","2","2","4","5","75","783.22","0","0","25","true","false","false","false","4.96","1"
"40777141","Meia Praia","apartamento","3","4","5","8","9","1506.89","350","0","20","true","false","true","true","4.8","1"
"1085437829031467755","Centro","apartamento","2","2","2","6","45","663.5","200","0","1","false","false","false","false","5","11"
"36032020","Meia Praia","apartamento","3","2","10","8","25","592.8","300","0","19","true","false","true","true","4.84","6"
"1192836728602105901","Centro","apartamento","1","1","2","4","77","584.12","190","0","22","true","true","true","false","4.95","1"
"1137698308528017474","Meia Praia","apartamento","3","2","4","6","53","691.65","450","0","7","true","true","true","false","5","1"
"31972121","Meia Praia","apartamento","2","1","3","5","59","344.07","150","0","11","false","false","false","false","4.64","11"
"31169655","Meia Praia","apartamento","2","2","2","6","65","404.72","210","0","27","true","false","false","false","5","0"
"1233973103621276698","Centro","apartamento","1","1","2","3","69","405.56","160","0","22","true","true","true","false","4.91","1"
"41270247","Meia Praia","apartamento","3","2","3","9","27","605.96","250","0","18","true","false","false","true","4.89","2"
"1285538056394050628","Centro","apartamento","2","2","5","7","97","1041.52","240","0","3","false","true","true","false","4.67","1"
"21695053","Meia Praia","apartamento","3","3","7","8","82","755.32","450","0","78","false","true","false","true","4.88","2"
"1173260792743932663","Meia Praia","apartamento","3","2","4","7","36","1159.87","270","0","2","false","true","true","true","5","7"
"1100720037663116812","Centro","apartamento","3","3","3","6","66","1120.8","500","0","15","true","true","true","false","4.87","1"
"47402735","Centro","apartamento","2","2","5","6","66","462.03","610","0","6","false","true","false","false","5","0"
"837646263953285868","Meia Praia","apartamento","2","2","3","7","68","467.78","250","0","24","true","false","false","true","5","1"
"1188476386889166335","Centro","apartamento","1","2","2","4","79","596.94","190","0","12","true","true","true","false","4.75","1"
"53154219","Meia Praia","apartamento","2","2","3","5","87","624.74","300","0","27","true","false","false","false","4.85","2"
"46220279","Meia Praia","apartamento","3","2","5","8","80","674.09","350","0","24","true","false","false","true","4.88","2"
"35934720","Canto da Praia","apartamento","2","1","2","4","10","500","250","0","14","true","false","false","false","4.93","6"
"28075525","Meia Praia","apartamento","2","2","2","6","36","450.07","250","0","20","true","false","false","true","4.95","2"
"739663897909156017","Meia Praia","apartamento","2","2","4","5","72","720.83","0","0","14","true","false","false","false","4.93","2"
"39745810","Meia Praia","apartamento","4","5","3","8","89","2352.58","700","0","0","false","false","false","false","0","2"
"1161927707286622818","Centro","apartamento","1","1","1","2","38","247.56","250","0","27","true","true","false","true","5","10"
"1006396584243125090","Centro","apartamento","1","1","2","4","83","558.51","60","0","50","false","true","true","true","4.8","0"
"26026295","Meia Praia","apartamento","2","2","3","5","27","438.7","250","0","150","true","true","false","true","4.83","4"
"964579064376617710","Meia Praia","apartamento","3","0","3","8","74","848.5","456","0","4","false","true","true","false","5","1"
"794996321339600522","Meia Praia","apartamento","2","2","2","6","67","392.04","250","0","8","true","true","false","false","5","3"
"44075219","Centro","apartamento","3","3","6","8","14","2654.43","0","0","17","false","<NA>","","true","4.88","7"
"52619006","Centro","apartamento","2","2","3","6","58","499.66","260","0","70","true","false","false","true","5","3"
"795757968903961791","Casa Branca","apartamento","2","1","3","3","73","356.73","0","0","12","false","true","false","false","4.67","1"
"904512525045117852","Meia Praia","apartamento","3","2","4","8","43","544.54","180","0","41","true","false","false","true","5","11"
"32697747","Meia Praia","apartamento","2","2","3","5","34","362","300","0","65","false","false","false","false","4.89","8"
"53175731","Meia Praia","apartamento","3","2","7","7","101","1032.66","360","0","7","true","false","false","false","5","10"
"34866449","Meia Praia","apartamento","3","2","4","8","74","482.64","150","0","23","true","false","false","false","4.83","7"
"17034886","Meia Praia","casa","2","2","6","16","46","832.75","100","0","29","false","false","false","false","4.76","7"
"1174263938200349649","Centro","apartamento","1","1","1","2","89","570.12","250","0","22","true","false","false","true","4.91","11"
"1183418487997408853","Centro","apartamento","1","1","2","4","63","599.97","190","0","20","false","true","true","false","4.75","1"
"53492577","Meia Praia","apartamento","3","2","3","8","28","292.5","300","0","15","true","true","false","false","4.93","1"
"1034873975277447845","Meia Praia","apartamento","3","4","3","6","62","917.52","456","0","16","true","true","true","false","4.88","1"
"29008738","Meia Praia","apartamento","4","3","4","10","56","574.91","297","0","46","true","false","false","true","5","3"
"1016100494032497541","Sertaozinho","casa","1","1","1","2","78","370.69","100","0","34","true","false","true","true","4.94","2"
"44153810","Alto Sao Bento","apartamento","2","1","3","4","48","188.38","200","0","35","true","false","false","false","4.91","1"
"46990438","Centro","apartamento","2","3","4","6","60","532.64","300","0","17","true","false","false","false","5","1"
"16527828","Meia Praia","apartamento","4","3","8","8","87","1055.79","350","0","18","false","false","false","false","4.83","0"
"1083301106167776779","Morretes","apartamento","3","2","4","8","30","476.67","250","0","16","true","false","false","true","5","11"
"1188339469325210376","Centro","apartamento","1","1","2","4","73","605.96","190","0","22","true","true","true","false","4.95","1"
"46604700","Ilhota","apartamento","1","1","2","4","87","350.74","100","0","33","true","true","false","true","5","0"
"1226846054624436877","Centro","apartamento","2","1","3","6","93","728.21","240","0","7","false","true","true","false","4.86","1"
"40191152","Meia Praia","apartamento","4","5","4","10","76","1999.75","250","0","6","false","true","false","false","5","1"
"30494198","Meia Praia","apartamento","3","2","4","7","89","460.44","280","0","29","false","false","false","false","4.79","1"
"618943952389206201","Meia Praia","apartamento","2","2","5","6","80","515.58","360","0","13","false","false","false","false","4.85","8"
"34540951","Meia Praia","apartamento","3","3","5","8","70","598.36","400","0","67","true","false","false","true","4.87","10"
"53458717","Meia Praia","apartamento","3","2","4","6","51","391.76","200","0","11","true","false","false","true","5","1"
"41404141","Meia Praia","apartamento","3","2","4","6","68","699.71","180","0","5","false","false","false","false","5","0"
"47325492","Meia Praia","apartamento","3","3","3","8","89","668.53","150","0","11","true","true","false","false","5","0"
"31055581","Meia Praia","apartamento","2","2","5","6","69","421.51","315","0","66","false","false","false","false","4.79","10"
"725867973010290782","Meia Praia","apartamento","2","2","4","6","66","501.33","300","0","26","true","false","false","true","5","6"
"39394644","Meia Praia","apartamento","3","2","5","8","90","762.34","300","0","5","false","false","false","false","5","3"
"29800671","Meia Praia","apartamento","3","2","4","8","75","560.24","196","0","120","false","false","false","true","4.8","0"
"1329787295308110610","Centro","apartamento","2","1","3","5","71","935","220","0","0","false","true","true","false","0","1"
"46088002","Meia Praia","apartamento","2","3","3","5","58","648","200","0","103","true","false","true","true","4.83","0"
"1147824179020677628","Centro","apartamento","1","1","2","4","49","464.17","140","0","11","true","false","false","false","5","9"
"1264729892004302735","Centro","apartamento","1","2","2","4","35","455.84","190","0","0","false","false","false","false","0","3"
"40560834","Centro","apartamento","2","2","7","9","90","706.79","60","0","293","true","true","true","true","4.86","0"
"29302246","Casa Branca","apartamento","2","1","4","5","58","394.72","180","0","56","false","false","true","false","4.91","2"
"1002785860497857801","Meia Praia","apartamento","3","2","3","6","80","590.79","0","0","12","true","<NA>","","true","5","0"
"627388721154300829","Meia Praia","apartamento","3","4","3","8","26","432.69","270","0","38","true","false","false","false","4.87","7"
"816613605644920543","Centro","casa","4","5","10","12","92","1980.43","0","0","5","true","false","false","false","5","11"
"1321022086036905023","Centro","apartamento","2","1","2","5","91","919.5","220","0","0","false","true","true","false","0","1"
"1207940918769840398","Centro","apartamento","1","1","1","2","77","399.95","150","0","2","false","true","true","false","5","1"
"40576710","Meia Praia","casa","4","2","8","10","59","541.53","300","0","10","false","false","false","false","4.8","1"
"956676934234107014","Meia Praia","apartamento","3","2","6","9","24","582","210","0","47","true","false","false","true","4.94","4"
"52348108","Meia Praia","apartamento","2","2","3","6","43","530.23","250","0","25","false","false","false","false","4.76","3"
"983188724209547131","Meia Praia","apartamento","3","0","3","8","74","863.14","300","0","13","true","true","false","true","4.85","1"
"1053030252161966865","Casa Branca","apartamento","2","1","2","6","83","276.72","80","0","5","true","false","false","false","5","0"
"47543180","Centro","casa","2","1","2","5","38","237.83","150","0","42","false","false","false","true","4.81","0"
"1074031328011239995","Varzea","casa","5","1","7","15","102","1944.57","300","0","4","false","false","false","false","5","11"
"786807324710664147","Meia Praia","apartamento","4","4","4","8","52","1141.77","200","0","13","true","true","true","true","4.85","5"
"47254288","Meia Praia","apartamento","3","2","3","6","72","497.92","249","0","38","true","false","false","false","4.97","0"
"965310801955633109","Meia Praia","apartamento","2","2","2","6","63","477.22","250","0","14","true","false","false","true","5","0"
"30085847","Meia Praia","apartamento","2","2","3","5","86","541.4","290","0","34","true","false","false","false","4.88","1"
"667324814851452653","Meia Praia","apartamento","3","3","3","12","67","918.91","250","0","6","false","false","false","false","5","1"
"39145712","Morretes","apartamento","3","2","3","8","31","847.32","150","0","166","true","true","false","true","4.9","3"
"21545686","Centro","apartamento","2","1","3","5","72","320.25","120","0","92","false","true","false","true","4.76","2"
"16177778","Meia Praia","apartamento","3","3","4","8","92","756.54","300","0","9","false","false","false","true","5","2"
"40910065","Meia Praia","apartamento","0","1","5","8","88","604.71","300","0","10","false","false","false","false","5","0"
"725205326528652381","Meia Praia","casa","3","2","3","7","5","600","100","0","20","false","false","false","true","4.85","3"
"956398979498945273","Meia Praia","apartamento","3","3","3","8","39","467.23","250","0","17","true","false","false","true","5","3"
"15980018","Centro","apartamento","2","2","6","5","22","400","130","0","103","true","false","false","true","4.9","1"
"1233994658216308874","Centro","apartamento","1","1","2","3","61","406.98","180","0","16","false","true","true","false","4.38","1"
"769616108652112172","Meia Praia","apartamento","2","2","3","6","33","363.33","280","0","14","true","true","false","true","5","1"
"1187558666042801587","Meia Praia","apartamento","3","2","3","6","71","657.37","400","0","7","true","true","true","false","5","1"
"53240300","Meia Praia","apartamento","3","3","3","14","79","999.24","350","0","15","true","false","false","false","4.93","2"
"49824103","Meia Praia","apartamento","3","2","3","8","47","470.74","250","0","43","true","true","false","false","4.93","7"
"22421606","Morretes","casa","2","1","8","11","47","449.51","100","0","27","false","false","false","false","4.85","7"
"45803876","Meia Praia","apartamento","3","3","3","7","78","520.94","260","0","40","true","false","false","true","5","4"
"772706520794806760","Varzea","casa","1","1","4","4","9","450","50","0","19","true","true","false","true","5","1"
"54365625","Ilhota","casa","3","2","3","8","81","670.8","180","0","10","false","false","false","false","4.3","11"
"1045459185575382038","Morretes","apartamento","2","2","2","5","93","538.82","200","0","15","true","false","false","true","5","1"
"43712530","Meia Praia","apartamento","3","3","3","7","21","701","400","0","15","true","false","false","true","5","7"
"836415940545761422","Meia Praia","apartamento","1","1","1","4","60","521.59","200","0","14","true","false","false","true","4.93","6"
"46769078","Meia Praia","apartamento","3","3","3","8","93","900.54","300","0","13","true","false","false","false","4.92","0"
"805726391815686158","Tabuleiro dos Oliveiras","apartamento","2","2","5","5","57","389.3","200","0","6","true","false","false","false","5","11"
"47802450","Ilhota","casa","2","1","4","5","29","209.97","100","0","54","true","true","false","true","4.98","11"
"837846012155525926","Meia Praia","apartamento","3","2","5","9","44","411.36","350","0","10","false","false","false","false","4.6","10"
"46878566","Centro","apartamento","3","3","3","6","81","498.25","250","0","20","false","false","false","false","4.8","4"
"53445765","Meia Praia","apartamento","2","2","2","6","58","419.29","200","0","24","true","true","false","true","5","1"
"39316910","Meia Praia","apartamento","4","3","4","10","15","684","300","0","52","true","false","false","false","4.79","3"
"1042032092670718662","Meia Praia","apartamento","1","1","1","4","29","412.48","140","0","11","true","false","false","false","4.91","9"
"14872547","Meia Praia","apartamento","2","2","2","5","64","613.27","230","0","32","false","false","false","true","4.69","2"
"914342944500490787","Meia Praia","apartamento","3","4","3","8","42","694.12","300","0","5","true","false","false","true","5","2"
"40532740","Meia Praia","apartamento","2","2","5","6","40","309.62","200","0","28","true","true","false","true","4.96","1"
"802922826036667371","Meia Praia","apartamento","3","3","4","8","64","1210.94","300","0","15","true","false","false","true","5","11"
"39837626","Meia Praia","apartamento","3","3","3","6","23","461.96","350","0","22","true","false","false","false","5","1"
"46036384","Morretes","apartamento","2","2","3","6","58","343.62","150","0","51","true","false","false","true","4.92","2"
"39972515","Meia Praia","apartamento","2","1","3","6","59","333.93","200","0","140","true","false","false","true","4.83","11"
"1037004838842410100","Meia Praia","apartamento","1","1","2","3","35","310.79","120","0","12","false","true","false","true","4.58","3"
"828036946101813387","Morretes","apartamento","2","2","4","6","24","344.25","260","0","12","true","false","false","true","5","0"
"1234084273027568746","Centro","apartamento","1","1","2","3","60","405.19","180","0","13","false","true","true","false","4.77","1"
"939218400123538892","Casa Branca","apartamento","2","1","3","5","34","444.12","120","0","6","true","true","false","false","5","5"
"52646204","Meia Praia","apartamento","4","4","6","10","66","967.59","250","0","12","true","false","false","true","5","5"
"39507664","Meia Praia","apartamento","4","3","4","8","39","407.13","275","0","50","true","false","false","true","4.84","2"
"46896012","Meia Praia","apartamento","3","2","4","8","65","616.96","350","0","14","true","true","true","false","4.93","2"
"37494985","Meia Praia","apartamento","3","3","8","6","84","881.26","350","0","22","false","false","false","false","4.64","5"
"673826267743797671","Meia Praia","apartamento","3","4","3","8","27","729.59","300","0","14","true","false","false","true","4.93","2"
"16105751","Centro","apartamento","2","2","2","4","31","275.06","250","0","138","true","true","false","true","4.86","1"
"980365989956218871","Meia Praia","apartamento","3","3","3","9","73","1528.62","449","0","10","true","true","true","true","4.9","4"
"39583346","Meia Praia","apartamento","3","3","3","6","50","555","250","0","60","true","true","false","true","4.98","2"
"1274533646308060247","Morretes","apartamento","2","2","2","4","86","652.19","369","0","4","false","true","true","false","5","1"
"792096103347120988","Tabuleiro dos Oliveiras","apartamento","2","2","2","6","59","484.77","250","0","15","true","false","false","false","5","0"
"678242953903453952","Meia Praia","apartamento","2","2","3","6","49","353.81","200","0","10","true","true","false","true","5","5"
"47172145","Centro","apartamento","3","3","4","9","74","616.34","300","0","5","false","false","false","false","5","0"
"18735821","Meia Praia","apartamento","2","2","3","8","44","250.61","250","0","10","false","false","false","false","4.2","2"
"38262480","Meia Praia","apartamento","4","3","5","8","27","1205.56","250","0","45","true","true","false","true","4.87","4"
"612245203931813020","Meia Praia","apartamento","4","3","4","9","66","798.45","300","0","24","true","false","false","true","4.92","8"
"1292815457899461748","Centro","apartamento","2","1","2","4","72","770.01","240","0","4","false","true","true","false","5","1"
"525472560929976068","Meia Praia","apartamento","3","3","3","8","87","1077.13","350","0","18","true","true","false","false","4.94","0"
"38998610","Meia Praia","casa","1","1","2","3","68","195","100","0","13","false","false","false","false","4.85","3"
"836385234465202348","Meia Praia","apartamento","3","4","4","7","48","1101.17","380","0","16","true","true","true","true","5","1"
"826063757882656916","Meia Praia","apartamento","1","1","3","4","82","621.4","200","0","45","true","true","false","true","5","10"
"1047723626454445067","Meia Praia","apartamento","3","3","3","8","104","1653.7","0","0","7","true","true","false","false","5","1"
"48158176","Meia Praia","apartamento","2","2","2","6","33","371.36","280","0","33","true","true","false","true","4.91","11"
"684782448665574114","Meia Praia","apartamento","3","2","6","9","60","601.5","250","0","29","true","false","false","true","5","3"
"679166677359467385","Meia Praia","apartamento","3","2","4","10","79","1130.67","350","0","7","true","false","true","false","5","0"
"8936081","Meia Praia","apartamento","2","2","4","5","27","493.04","250","0","35","false","false","false","false","4.89","2"
"32606991","Meia Praia","apartamento","3","3","4","8","77","569.64","190","0","22","false","false","false","false","4.77","10"
"831740758559247685","Meia Praia","apartamento","3","2","5","5","34","804.12","350","0","21","true","false","false","false","5","10"
"53738511","Meia Praia","apartamento","2","1","4","5","64","466","200","0","81","false","false","true","true","4.83","0"
"681139047695558927","Morretes","apartamento","2","2","2","4","47","229.47","260","0","22","false","true","false","false","4.73","1"
"22245880","Meia Praia","apartamento","3","3","6","8","72","1341.16","250","0","63","true","false","true","false","4.9","0"
"21780661","Casa Branca","apartamento","2","1","3","4","63","478.25","200","0","20","true","true","false","false","4.9","1"
"621626596784793972","Meia Praia","apartamento","3","2","6","8","43","524.42","310","0","39","true","false","false","true","5","3"
"21436592","Meia Praia","apartamento","3","3","3","9","67","528.81","350","0","18","false","false","false","false","4.72","2"
"815806026505024003","Meia Praia","apartamento","3","2","3","9","33","897.21","250","0","7","true","false","false","false","5","11"
"1077396104359577731","Meia Praia","apartamento","3","2","3","6","20","599.2","30","0","9","true","true","false","false","4.78","11"
"1082746592587689161","Tabuleiro dos Oliveiras","apartamento","3","2","3","6","44","591.65","300","0","10","true","true","true","true","5","1"
"780376166619260652","Meia Praia","apartamento","3","3","4","6","44","529.45","250","0","5","false","true","false","false","5","1"
"639163267116212627","Tabuleiro dos Oliveiras","outros","1","1","1","2","8","100","0","0","23","true","<NA>","","true","5","3"
"38638326","Meia Praia","apartamento","3","3","4","6","80","652.41","300","0","106","true","false","false","true","4.98","1"
"1311575286815584867","Tabuleiro dos Oliveiras","apartamento","2","2","5","6","82","790.96","210","0","1","false","true","true","true","5","7"
"760805979001764233","Meia Praia","casa","3","1","3","9","3","650","280","0","9","true","false","false","false","4.78","0"
"45480718","Meia Praia","apartamento","3","2","4","8","12","361.54","250","0","34","true","false","false","true","4.76","3"
"799251513158018593","Morretes","apartamento","3","2","4","6","60","552.2","250","0","26","true","false","false","true","4.96","0"
"785658004981722606","Tabuleiro dos Oliveiras","apartamento","2","2","2","6","79","735.82","200","0","10","true","true","false","false","5","0"
"49050392","Meia Praia","apartamento","3","2","3","8","46","741.3","150","0","44","true","false","false","false","4.95","0"
"869504505210568410","Centro","apartamento","2","2","2","5","80","1162.5","350","0","6","true","false","false","false","5","8"
"746451645715267085","Meia Praia","apartamento","3","3","3","9","91","973.81","400","0","7","true","false","false","false","5","2"
"1203140233522044896","Centro","apartamento","1","1","2","4","88","465.57","180","0","13","true","false","false","true","5","5"
"23779860","Meia Praia","apartamento","3","2","4","12","32","406.25","200","0","14","false","false","false","false","4.57","9"
"54246694","Meia Praia","apartamento","3","3","5","8","89","710.11","300","0","10","true","true","false","false","5","0"
"22190101","Meia Praia","apartamento","2","1","3","7","46","271.74","200","0","38","true","false","false","false","4.89","1"
"42515348","Meia Praia","apartamento","4","3","7","12","32","837.5","250","0","28","true","false","false","true","5","3"
"41590719","Meia Praia","apartamento","2","1","4","6","73","407.58","250","0","58","true","false","false","true","4.93","2"
"53899162","Meia Praia","apartamento","2","1","4","7","72","298.21","180","0","20","false","false","false","true","4.9","8"
"37153670","Meia Praia","apartamento","3","2","5","8","53","386.8","200","0","25","true","false","false","false","4.92","2"
"46451253","Meia Praia","apartamento","3","2","3","7","71","574.06","250","0","10","true","false","false","false","5","7"
"1053132609735844516","Meia Praia","apartamento","3","2","5","10","11","938.64","300","0","17","false","false","false","true","4.94","1"
"604521043281534642","Centro","apartamento","4","3","5","7","27","927.41","300","0","40","true","false","false","true","4.95","8"
"30271062","Meia Praia","apartamento","2","1","3","6","76","534.49","250","0","6","false","false","false","false","5","11"
"1207992119242235910","Centro","apartamento","1","1","1","2","89","387.56","150","0","3","false","true","true","false","5","1"
"25104649","Meia Praia","apartamento","4","3","6","12","57","714.98","250","0","43","true","false","false","true","4.98","2"
"30785010","Meia Praia","apartamento","2","2","2","6","58","513.36","280","0","46","false","false","false","false","4.83","0"
"1242002119123644781","Meia Praia","apartamento","4","4","11","6","90","5622.66","0","0","0","false","false","false","false","0","7"
"47052262","Centro","apartamento","3","2","1","7","69","440.36","610","0","19","true","true","false","false","4.89","0"
"39109062","Meia Praia","apartamento","4","4","4","12","74","1488.95","450","0","12","false","false","false","false","4.92","3"
"39363955","Meia Praia","apartamento","2","1","4","7","57","395.3","200","0","6","false","false","false","false","5","2"
"1039235354309448898","Centro","apartamento","2","1","3","2","75","205.33","350","0","8","true","true","false","true","5","1"
"28429135","Meia Praia","apartamento","0","0","1","8","63","433.17","350","0","11","false","false","false","false","4.91","4"
"1023885231203292759","Meia Praia","apartamento","1","1","1","4","80","512.33","200","0","11","true","false","false","true","5","6"
"30032994","Meia Praia","apartamento","2","2","3","8","57","458.95","280","0","11","true","false","false","true","5","8"
"762916089194134311","Centro","apartamento","2","2","3","5","104","1011.54","170","0","3","false","false","false","false","5","1"
"21552865","Meia Praia","apartamento","2","2","2","6","29","761.21","200","0","49","true","true","false","true","4.96","1"
"51825638","Meia Praia","apartamento","3","2","4","6","74","657.42","50","0","8","false","true","false","false","5","3"
"17294276","Meia Praia","apartamento","4","4","5","9","47","970.53","300","0","21","false","false","false","false","4.95","10"
"16992951","Centro","apartamento","3","2","5","8","71","671.58","250","0","11","true","true","false","true","5","0"
"1011115904222911872","Meia Praia","apartamento","3","2","3","6","79","761.22","350","0","15","true","false","false","true","5","2"
"45002455","Meia Praia","apartamento","2","2","2","5","26","384.62","300","0","52","false","false","false","false","4.65","4"
"15934309","Meia Praia","apartamento","3","2","3","8","70","792.74","320","0","32","false","false","false","false","4.94","2"
"1248685472424986601","Morretes","apartamento","2","2","3","6","38","292.24","300","0","10","true","false","false","false","5","3"
"30354217","Meia Praia","apartamento","3","2","5","8","27","347.57","200","0","36","false","false","false","false","4.56","0"
"23390752","Tabuleiro dos Oliveiras","casa","7","3","8","13","78","1377.29","250","0","47","true","false","false","false","4.94","10"
"1307990676918354925","Centro","apartamento","1","1","2","4","87","607.27","190","0","3","false","true","true","false","4.67","1"
"45768161","Meia Praia","apartamento","3","2","3","6","83","684.94","300","0","22","false","false","false","false","4.82","10"
"1044223371798078486","Meia Praia","apartamento","3","3","4","8","70","801.07","250","0","6","true","false","false","false","5","3"
"1024067179174522246","Leopoldo Zarling","casa","1","1","1","2","70","215.55","100","0","14","true","false","false","true","5","0"
"883930877150990341","Meia Praia","outros","1","1","1","3","5","109","30","0","26","true","false","false","true","4.96","11"
"1197195878719681680","Centro","apartamento","1","1","1","3","76","400.77","160","0","16","false","true","true","false","4.56","1"
"806702099486447309","Meia Praia","apartamento","3","2","3","8","68","607.63","300","0","9","true","false","false","false","5","11"
"40892344","Meia Praia","apartamento","3","2","3","8","60","426.35","350","0","38","true","true","false","true","4.82","0"
"41260111","Meia Praia","apartamento","4","3","6","11","85","1888.97","400","0","6","false","false","false","false","5","7"
