"listing_id","suburb","tipo","listing_type","sale_price","usable_area","bedrooms","bathrooms","parking","iptu","condominio","preco_m2"
"2687011752","Meia Praia","UNIT","apartamento","1598122","131",,"4","2",,,"12199.4045801527"
"2697432835","Meia Praia","UNIT","apartamento","1450000","118",,"4","2",,,"12288.1355932203"
"2612161501","Castelo Branco","UNIT","apartamento","1500000","125",,"4","3","0",,"12000"
"2598271159","Morretes","UNIT","apartamento","870000","70",,"3","1","800","350","12428.5714285714"
"2691331590","Andorinha","UNIT","apartamento","2150000","130",,"4","3",,,"16538.4615384615"
"2719046954","Centro","UNIT","apartamento","10500000","470",,"6","4","4500","1750","22340.4255319149"
"2705744229","Meia Praia","UNIT","apartamento","1648500","117",,"3","2","1375","590","14089.7435897436"
"2617641178","Centro","UNIT","apartamento","3900000","150",,"5","3","0","0","26000"
"2702953872","Sert?o do Trombudo","UNIT","casa","6500000","300",,"6","20","2000","0","21666.6666666667"
"2766855415","Casa Branca","UNIT","casa","989000","149",,"3","1","0","0","6637.58389261745"
"2644816494","Meia Praia","UNIT","apartamento","1350000","105",,"2","2",,,"12857.1428571429"
"2744689901","Meia Praia","UNIT","apartamento","9998000","180",,"5","3",,,"55544.4444444444"
"2760827827","Andorinha","UNIT","apartamento","1945000","175",,"4","2",,,"11114.2857142857"
"1546305474","Castelo Branco","UNIT","apartamento","1100000","97",,"3","2","1000","292","11340.206185567"
"2666979700","Meia Praia","UNIT","apartamento","2790000","142",,"4","3",,,"19647.8873239437"
"2613764899","Meia Praia","UNIT","apartamento","1450000","123",,"3","2",,,"11788.6178861789"
"2609061132","Meia Praia","UNIT","apartamento","2300000","164",,"5","3","1","550","14024.3902439024"
"2766851231","Castelo Branco","UNIT","apartamento","1399800","103",,"4","3","0","570","13590.2912621359"
"2761880214","Meia Praia","UNIT","apartamento","1200000","80",,"2","2",,,"15000"
"2592489849","Andorinha","UNIT","apartamento","1530000","135",,"3","1","1500","500","11333.3333333333"
"2763648539","Castelo Branco","UNIT","apartamento","1550000","125",,"4","2",,"700","12400"
"2702670796","Morretes","UNIT","casa","550000","70",,"3","2","500","0","7857.14285714286"
"2762331321","Meia Praia","UNIT","apartamento","1400000","164",,"3","2",,,"8536.58536585366"
"2613245825","Castelo Branco","UNIT","apartamento","1340000","125",,"3","2",,,"10720"
"2648244192","Casa Branca","UNIT","casa","730000","139",,"1","1",,,"5251.79856115108"
"2741975571","Centro","UNIT","apartamento","950000","80",,"3","2","700","461","11875"
"2764635017","Meia Praia","UNIT","apartamento","1800000","142",,"4","2","0","0","12676.0563380282"
"2609060688","Castelo Branco","UNIT","apartamento","973668","105",,"2","1","1","503","9273.02857142857"
"2727819545","Tabuleiro dos Oliveiras","UNIT","casa","895000","135",,"2","1",,,"6629.62962962963"
"2560637347","Morretes","UNIT","casa","480000","70",,"2","1","500","0","6857.14285714286"
"2754972400","Meia Praia","UNIT","apartamento","1199000","112",,"2","2","1500","570","10705.3571428571"
"2593389870","Meia Praia","UNIT","apartamento","4890000","202",,"4","3",,,"24207.9207920792"
"2748231901","Centro","UNIT","apartamento","4843960","262",,"4","4","0","0","18488.3969465649"
"2749233294","Centro","UNIT","apartamento","8095000","229",,"5","3",,,"35349.3449781659"
"2764633096","Morretes","UNIT","apartamento","890000","79",,"3","1","0","0","11265.8227848101"
"2760094099","Meia Praia","UNIT","apartamento","750000","70",,"3","1","2000","500","10714.2857142857"
"2652784252","Meia Praia","UNIT","apartamento","1050000","100",,"2","1","880","400","10500"
"2607340722","Morretes","UNIT","casa","529000","85",,"1","1","700","0","6223.52941176471"
"2764975510","Andorinha","UNIT","apartamento","1550000","145",,"2","2","1000","690","10689.6551724138"
"2764978835","Meia Praia","UNIT","apartamento","1690000","108",,"4","2","1900","550","15648.1481481481"
"2627156154","Morretes","UNIT","apartamento","678000","70",,"2","1","0","0","9685.71428571429"
"2567865290","Centro","UNIT","apartamento","2998800","164",,"4","3",,,"18285.3658536585"
"2733668216","Morretes","UNIT","apartamento","850000","67",,"2","1",,,"12686.5671641791"
"2767582146","Morretes","UNIT","apartamento","730000","70",,"1","1","100",,"10428.5714285714"
"2560637439","Morretes","UNIT","casa","550001","70",,"3","2","600","0","7857.15714285714"
"2560637525","Morretes","UNIT","casa","540000","95",,"3","2","600","0","5684.21052631579"
"2646970775","Castelo Branco","UNIT","apartamento","1500000","136",,"1","2",,"650","11029.4117647059"
"2748603035","Andorinha","UNIT","apartamento","1304054","111",,"2","2",,"0","11748.2342342342"
"2736815120","Castelo Branco","UNIT","apartamento","5927250","300",,"5","3","0","0","19757.5"
"2685746487","Meia Praia","UNIT","apartamento","1545075","126",,"4","2","0","0","12262.5"
"2764005337","Morretes","UNIT","apartamento","750000","70",,"1","1","0",,"10714.2857142857"
"2666979995","Centro","UNIT","apartamento","1400000","168",,"3","2",,,"8333.33333333333"
"2760965299","Morretes","UNIT","apartamento","950000","70",,"3","1","0",,"13571.4285714286"
"2670862295","Meia Praia","UNIT","apartamento","3943000","233",,"5","2","0","0","16922.7467811159"
"2766852824","Meia Praia","UNIT","apartamento","1490000","101",,"4","2","0","550","14752.4752475248"
"2694375980","Morretes","UNIT","apartamento","776000","68",,"2","1","500","300","11411.7647058824"
"2728077631","Morretes","UNIT","apartamento","650000","65",,"2","1","500","350","10000"
"2484947404","Centro","UNIT","apartamento","10500000","411",,"8","4","500","5000","25547.4452554745"
"2760266628","Morretes","UNIT","apartamento","600000","68",,"2","1","560","250","8823.52941176471"
"2746689115","Morretes","UNIT","comercial","844830","80",,"1","0",,"0","10560.375"
"2560637118","Morretes","UNIT","apartamento","880000","70",,"3","1","1000","500","12571.4285714286"
"2763648538","Castelo Branco","UNIT","apartamento","1480000","125",,"4","2",,"700","11840"
"2766852431","Meia Praia","UNIT","apartamento","1051800","129",,"4","2","0","0","8153.48837209302"
"2681617210","Andorinha","UNIT","apartamento","1430000","134",,"4","2","1200","500","10671.6417910448"
"2728061700","Morretes","UNIT","apartamento","750000","68",,"2","1","500","350","11029.4117647059"
"2626576307","Casa Branca","UNIT","casa","9000000","440",,"4","5","3000","1200","20454.5454545455"
"2626577112","Meia Praia","UNIT","apartamento","2790000","143",,"4","3","0","0","19510.4895104895"
"2766853938","Varzea","UNIT","apartamento","600300","69",,"3","1","0","0","8700"
"2560637416","Morretes","UNIT","casa","550000","88",,"3","2","1000",,"6250"
"2507980755","Centro","UNIT","apartamento","7500000","185",,"5","3","0","0","40540.5405405405"
"2560060060","Meia Praia","UNIT","apartamento","9359829","198",,"5","3",,,"47271.8636363636"
"2711254196","Andorinha","UNIT","apartamento","950000","86",,"3","2","880","470","11046.511627907"
"2746556203","Morretes","UNIT","apartamento","799900","68",,"2","1","1000","400","11763.2352941176"
"2764979718","Meia Praia","UNIT","apartamento","1590000","129",,"4","2",,"0","12325.5813953488"
"2679480707","Meia Praia","UNIT","apartamento","2201409","172",,"5","3","0",,"12798.8895348837"
"2560056881","Meia Praia","UNIT","apartamento","1686311","138",,"4","2",,,"12219.6449275362"
"2720533534","Tabuleiro dos Oliveiras","UNIT","apartamento","697000","65",,"2","1",,,"10723.0769230769"
"2751815708","Meia Praia","UNIT","apartamento","1478000","122",,"3","2",,,"12114.7540983607"
"2733826525","Sert?o do Trombudo","UNIT","terreno","2300000","229",,"0","0",,,"10043.6681222707"
"2561071557","Morretes","UNIT","apartamento","797000","70",,"2","1","500","300","11385.7142857143"
"2718306376","Varzea","UNIT","apartamento","640000","66",,"2","1",,,"9696.9696969697"
"2754746749","Andorinha","UNIT","apartamento","1526569","120",,"4","2",,"0","12721.4083333333"
"2626580032","Centro","UNIT","apartamento","1690000","117",,"4","2","0","0","14444.4444444444"
"2744697119","Morretes","UNIT","apartamento","590000","69",,"2","1","0","0","8550.72463768116"
"2721108944","Morretes","UNIT","terreno","650000","288",,"0","0","500","0","2256.94444444444"
"2693494335","Morretes","UNIT","apartamento","897777","60",,"1","1","10","0","14962.95"
"2764631048","Meia Praia","UNIT","apartamento","1950000","1443",,"4","2","0","0","1351.35135135135"
"2668001715","Castelo Branco","UNIT","apartamento","2300000","219",,"5","2","0","550","10502.2831050228"
"2742325556","Castelo Branco","UNIT","apartamento","1480000","126",,"4","2","1200","500","11746.0317460317"
"2758556132","Meia Praia","UNIT","apartamento","2500000","132",,"3","2","0","0","18939.3939393939"
"2732128414","Morretes","UNIT","apartamento","525000","59",,"1","1",,"416","8898.30508474576"
"2746143506","Meia Praia","UNIT","apartamento","3900000","160",,"5","2",,,"24375"
"2693494918","Morretes","UNIT","apartamento","877180","64",,"1","1","10","0","13705.9375"
"2754746320","Meia Praia","UNIT","apartamento","900000","73",,"2","1",,"0","12328.7671232877"
"2560636990","Morretes","UNIT","casa","550000","70",,"3","2","600","0","7857.14285714286"
"2745218133","Centro","UNIT","apartamento","850000","80",,"2","1","665","386","10625"
"2737257018","Meia Praia","UNIT","apartamento","1200000","122",,"4","2","2200","849","9836.06557377049"
"2626750358","Meia Praia","UNIT","apartamento","1850000","150",,"4","2",,,"12333.3333333333"
"2659552768","Meia Praia","UNIT","apartamento","1500000","145",,"4","2","0",,"10344.8275862069"
"2686570048","Varzea","UNIT","apartamento","536000","69",,"2","1","0","0","7768.11594202899"
"2560637696","Morretes","UNIT","apartamento","806000","70",,"2","1","500","300","11514.2857142857"
"2655470871","Centro","UNIT","apartamento","2800000","207",,"5","3",,"0","13526.5700483092"
"2729768732","Tabuleiro dos Oliveiras","UNIT","casa","990000","135",,"2","1",,,"7333.33333333333"
"2560637663","Morretes","UNIT","apartamento","880000","70",,"3","1","1000","500","12571.4285714286"
"2560637394","Morretes","UNIT","casa","710000","110",,"3","2","1000","0","6454.54545454545"
"2763215815","Castelo Branco","UNIT","apartamento","1680000","105",,"3","2","0","0","16000"
"2670480819","Meia Praia","UNIT","apartamento","1880000","124",,"4","2","1","1","15161.2903225806"
"2590072103","Canto da Praia","UNIT","apartamento","1216999","87",,"3","2","1","1","13988.4942528736"
"2748437711","Meia Praia","UNIT","apartamento","9818894","201",,"5","3",,"0","48850.2189054726"
"2617068017","Meia Praia","UNIT","apartamento","9753886","201",,"4","3",,"1500","48526.7960199005"
"2710300697","Jardim Praia Mar","UNIT","apartamento","630000","61",,"2","1","1000","400","10327.868852459"
"2650409404","Morretes","UNIT","casa","749800","105",,"2","2","0","0","7140.95238095238"
"2699297477","Morretes","UNIT","apartamento","600000","60",,"2","1","0","0","10000"
"2614369252","Morretes","UNIT","apartamento","460000","55",,"1","1",,"350","8363.63636363636"
"2736167157","Meia Praia","UNIT","apartamento","9753104","201",,"5","3",,,"48522.9054726368"
"2646142602","Castelo Branco","UNIT","apartamento","1580000","157",,"4","2","1900","600","10063.6942675159"
"2723548133","Meia Praia","UNIT","apartamento","1358000","104",,"3","2",,,"13057.6923076923"
"2769150314","Casa Branca","UNIT","apartamento","630000","69",,"2","1",,,"9130.4347826087"
"2763412421","Varzea","UNIT","apartamento","680000","70",,"2","1",,,"9714.28571428571"
"2646971197","Morretes","UNIT","apartamento","680000","70",,"1","1","750","330","9714.28571428571"
"2648247156","Casa Branca","UNIT","casa","730000","139",,"1","1",,,"5251.79856115108"
"2670319409","Andorinha","UNIT","apartamento","1325000","146",,"4","2","150","490","9075.34246575343"
"2761879915","Jardim Praia Mar","UNIT","apartamento","749000","63",,"1","1",,,"11888.8888888889"
"2626581157","Tabuleiro dos Oliveiras","UNIT","apartamento","750000","70",,"2","2","0","366","10714.2857142857"
"2569455786","Meia Praia","UNIT","apartamento","1500000","105",,"4","1",,,"14285.7142857143"
"2636858385","Meia Praia","UNIT","apartamento","1190000","102",,"2","2","0",,"11666.6666666667"
"2736812579","Morretes","UNIT","apartamento","727000","70",,"2","1","0","0","10385.7142857143"
"2622333430","Meia Praia","UNIT","apartamento","1500000","130",,"3","2",,"3","11538.4615384615"
"2689659829","Morretes","UNIT","apartamento","813905","69",,"1","1",,,"11795.7246376812"
"2740355212","Andorinha","UNIT","apartamento","1100000","104",,"4","2","0","0","10576.9230769231"
"2721617441","Andorinha","UNIT","apartamento","1842000","137",,"1","2",,,"13445.2554744526"
"2768381818","Meia Praia","UNIT","apartamento","1327767","110",,"4","2",,,"12070.6090909091"
"2560637468","Morretes","UNIT","casa","595000","74",,"3","2","600","0","8040.54054054054"
"2698138395","Casa Branca","UNIT","apartamento","746114","70",,"1","1",,,"10658.7714285714"
"2656704261","Morretes","UNIT","apartamento","999217","70",,"2","2","0","0","14274.5285714286"
"2764630858","Andorinha","UNIT","apartamento","850000","90",,"2","1","980","470","9444.44444444445"
"2736331867","Alto S?o Bento","UNIT","apartamento","630000","62",,"2","0",,,"10161.2903225806"
"2723763236","Castelo Branco","UNIT","apartamento","1199000","88",,"1","2",,,"13625"
"2751584198","Morretes","UNIT","apartamento","558001","43",,"1","1","1000","350","12976.7674418605"
"2605966804","Andorinha","UNIT","apartamento","3090000","198",,"5","4","0",,"15606.0606060606"
"2749293710","Morretes","UNIT","apartamento","699900","66",,"2","1",,,"10604.5454545455"
"2744009367","Meia Praia","UNIT","apartamento","7000000","140",,"4","3","0","1050","50000"
"2684229868","Alto S?o Bento","UNIT","apartamento","550000","70",,"1","1","0",,"7857.14285714286"
"2766852124","Meia Praia","UNIT","apartamento","1100000","169",,"2","1","0","365","6508.87573964497"
"2760437849","Meia Praia","UNIT","apartamento","1311000","81",,"2","2",,,"16185.1851851852"
"2699373973","Alto S?o Bento","UNIT","terreno","360000","264",,"0","0","100","0","1363.63636363636"
"2761878727","Meia Praia","UNIT","apartamento","8250000","185",,"5","3",,,"44594.5945945946"
"2764631676","Meia Praia","UNIT","apartamento","1490000","116",,"4","3","2331","735","12844.8275862069"
"2764633193","Meia Praia","UNIT","apartamento","13000000","217",,"5","4","0","0","59907.8341013825"
"2763747295","Centro","UNIT","apartamento","1250000","114",,"4","2","2000","500","10964.9122807018"
"2761579327","Casa Branca","UNIT","apartamento","719000","70",,"1","1",,,"10271.4285714286"
"2761506471","Meia Praia","UNIT","apartamento","930000","103",,"2","1","9600","475","9029.12621359223"
"2732422020","Meia Praia","UNIT","apartamento","795000","130",,"2","1","1200","550","6115.38461538462"
"2678331888","Morretes","UNIT","apartamento","699000","95",,"2","1","500","350","7357.8947368421"
"2736812985","Castelo Branco","UNIT","apartamento","1535000","102",,"2","2","0","0","15049.0196078431"
"2560637387","Morretes","UNIT","casa","550000","75",,"3","2","500","0","7333.33333333333"
"2634832363","Tabuleiro dos Oliveiras","UNIT","apartamento","645000","68",,"2","1",,,"9485.29411764706"
"2722816072","<vazio>","UNIT","apartamento","1000000","80",,"2","1",,"0","12500"
"2706407714","Castelo Branco","UNIT","apartamento","880000","80",,"3","1","800","350","11000"
"2560637659","Morretes","UNIT","apartamento","828000","65",,"2","1","500","300","12738.4615384615"
"2593229605","Centro","UNIT","apartamento","3867304","156",,"4","3","0","0","24790.4102564103"
"2754747725","Castelo Branco","UNIT","apartamento","1650000","140",,"4","2",,"0","11785.7142857143"
"2641898491","Morretes","UNIT","apartamento","610200","69",,"2","1","0",,"8843.47826086957"
"2720508840","Meia Praia","UNIT","apartamento","4355000","222",,"5","3",,,"19617.1171171171"
"2724974460","Andorinha","UNIT","apartamento","1550000","109",,"4","2",,"700","14220.1834862385"
"2749537102","Jardim Praia Mar","UNIT","apartamento","678564","70",,"2","1","800","400","9693.77142857143"
"2574581774","Morretes","UNIT","apartamento","628000","74",,"2","1","600","300","8486.48648648649"
"2730204043","Meia Praia","UNIT","apartamento","7800000","181",,"4","3","0",,"43093.9226519337"
"2758185922","Meia Praia","UNIT","apartamento","1496000","131",,"4","2","0","0","11419.8473282443"
"2619928893","Morretes","UNIT","apartamento","900000","68",,"2","1","900","350","13235.2941176471"
"2560637756","Morretes","UNIT","casa","550000","75",,"3","2","500","0","7333.33333333333"
"2560637301","Morretes","UNIT","casa","550000","70",,"3","2","600","0","7857.14285714286"
"2738620080","Meia Praia","UNIT","apartamento","15000000","240",,"5","3","0","0","62500"
"2511792442","Meia Praia","UNIT","apartamento","2716000","160",,"5","3","0",,"16975"
"2560637753","Morretes","UNIT","casa","550000","74",,"3","2","600","0","7432.43243243243"
"2662659255","Morretes","UNIT","apartamento","858900","70",,"2","1","1","1","12270"
"2764632841","Meia Praia","UNIT","apartamento","2450000","176",,"5","4","0","0","13920.4545454545"
"2743646784","Meia Praia","UNIT","apartamento","2399000","212",,"5","3","0","800","11316.0377358491"
"2626745123","Meia Praia","UNIT","apartamento","1500000","128",,"4","2","1","600","11718.75"
"2759608017","Meia Praia","UNIT","apartamento","13702300","200",,"5","3","6000","2500","68511.5"
"2697681574","Canto da Praia","UNIT","apartamento","1800000","119",,"1","3",,"0","15126.0504201681"
"2560637601","Morretes","UNIT","casa","550000","95",,"3","2","600",,"5789.47368421053"
"2675182818","Centro","UNIT","apartamento","1990000","150",,"4","3","0",,"13266.6666666667"
"2689675220","Castelo Branco","UNIT","apartamento","1750000","116",,"4","3","0","0","15086.2068965517"
"2711047108","Meia Praia","UNIT","apartamento","950000","120",,"2","1","700","400","7916.66666666667"
"2618659886","Canto da Praia","UNIT","apartamento","1530000","116",,"3","2",,,"13189.6551724138"
"2582998801","Meia Praia","UNIT","apartamento","2500000","160",,"4","2",,,"15625"
"2760878444","Andorinha","UNIT","comercial","3390000","104",,"1","1",,,"32596.1538461538"
"2560637279","Morretes","UNIT","casa","540000","90",,"3","2","600","0","6000"
"2764433707","Morretes","UNIT","apartamento","741000","69",,"3","1",,,"10739.1304347826"
"2482909220","Meia Praia","UNIT","apartamento","3960000","166",,"4","3","0","0","23855.421686747"
"2655558771","Meia Praia","UNIT","apartamento","980000","134",,"1","1",,"500","7313.4328358209"
"2755686223","Casa Branca","UNIT","casa","599760","110",,"2","2","800","1","5452.36363636364"
"2713539407","Meia Praia","UNIT","apartamento","1960000","122",,"4","2","0","0","16065.5737704918"
"2660133148","Morretes","UNIT","comercial","691104","60",,"2","1","0","0","11518.4"
"2765291079","Centro","UNIT","apartamento","1695000","133",,"4","2","0","0","12744.3609022556"
"2670893401","Meia Praia","UNIT","apartamento","3790000","179",,"5","3",,,"21173.1843575419"
"2595766461","Meia Praia","UNIT","apartamento","1326000","98",,"3","2",,,"13530.612244898"
"2648769282","Meia Praia","UNIT","apartamento","4355000","170",,"5","3","0",,"25617.6470588235"
"2740234245","Casa Branca","UNIT","terreno","1700000","2278",,"0","0","3434","1666","746.268656716418"
"2650934347","Meia Praia","UNIT","apartamento","680000","45",,"1","1","0","0","15111.1111111111"
"2564211149","Morretes","UNIT","casa","550000","85",,"3","2","600",,"6470.58823529412"
"2717662035","Meia Praia","UNIT","apartamento","994000","134",,"2","1","1115","534","7417.91044776119"
"2726427250","Meia Praia","UNIT","apartamento","3940000","213",,"5","3","0","0","18497.6525821596"
"2560637754","Morretes","UNIT","casa","550000","90",,"3","2","500","0","6111.11111111111"
"2676069503","Centro","UNIT","casa","13045266","561",,"6","5",,,"23253.5935828877"
"2560637623","Morretes","UNIT","casa","600000","95",,"3","2","1000","0","6315.78947368421"
"2656735900","Alto S?o Bento","UNIT","terreno","425000","0",,"0","0",,"0",
"2613024538","Andorinha","UNIT","apartamento","1135000","87",,"3","1",,,"13045.9770114943"
"2692616573","Morretes","UNIT","terreno","850000","315",,"0","0",,,"2698.4126984127"
"2763645109","Tabuleiro dos Oliveiras","UNIT","apartamento","780000","69",,"3","1",,,"11304.347826087"
"2768649928","Morretes","UNIT","apartamento","711000","70",,"3","2","0","0","10157.1428571429"
"2595519387","Meia Praia","UNIT","apartamento","7800000","181",,"5","3","0","0","43093.9226519337"
"2761230715","Meia Praia","UNIT","apartamento","5381516","195",,"5","3","0","0","27597.5179487179"
"2727371881","Castelo Branco","UNIT","apartamento","1690000","145",,"5","3","0","0","11655.1724137931"
"2689585215","Castelo Branco","UNIT","apartamento","1180000","95",,"2","1","150","400","12421.0526315789"
"2677486783","Morretes","UNIT","apartamento","699000","95",,"2","1","500","350","7357.8947368421"
"2694441578","Morretes","UNIT","apartamento","840000","68",,"3","1","1000","400","12352.9411764706"
"2701997373","Sert?o do Trombudo","UNIT","casa","6500000","300",,"6","20","2000","0","21666.6666666667"
"2745244713","Meia Praia","UNIT","apartamento","3600000","157",,"4","3",,"1220","22929.9363057325"
"2729114035","Canto da Praia","UNIT","apartamento","1495000","99",,"5","2",,,"15101.0101010101"
"2560635210","Morretes","UNIT","apartamento","880000","70",,"3","1","1000","500","12571.4285714286"
"2764631483","Meia Praia","UNIT","apartamento","1684000","105",,"3","2","0","0","16038.0952380952"
"2761876931","Meia Praia","UNIT","apartamento","3800000","157",,"5","3",,,"24203.821656051"
"2655799061","Centro","UNIT","apartamento","3042990","185",,"4","2",,,"16448.5945945946"
"2670479698","Morretes","UNIT","apartamento","940000","69",,"2","1","1","1","13623.1884057971"
"2692110091","Andorinha","UNIT","apartamento","2100000","126",,"4","3","129","625","16666.6666666667"
"2764420846","Jardim Praia Mar","UNIT","apartamento","790000","63",,"3","1",,,"12539.6825396825"
"2637822656","Morretes","UNIT","apartamento","835000","70",,"2","1",,"0","11928.5714285714"
"2444182175","Andorinha","UNIT","apartamento","1700000","118",,"4","3","0","710","14406.7796610169"
"2758556130","Meia Praia","UNIT","apartamento","2900000","157",,"3","2","2900","1136","18471.3375796178"
"2599020457","Meia Praia","UNIT","apartamento","1600000","108",,"3","2",,,"14814.8148148148"
"2611783663","Morretes","UNIT","apartamento","862000","67",,"3","1","800","350","12865.671641791"
"2736812983","Centro","UNIT","apartamento","2804255","50",,"4","2","0","0","56085.1"
"2764632427","Meia Praia","UNIT","apartamento","2259781","150",,"4","2","1","1","15065.2066666667"
"2646971455","Meia Praia","UNIT","apartamento","4950000","173",,"3","3","5084","964","28612.7167630058"
"2714720237","Centro","UNIT","apartamento","1400000","118",,"3","2","0","0","11864.406779661"
"2685473175","Castelo Branco","UNIT","apartamento","1390000","133",,"4","2","0","0","10451.1278195489"
"2550758386","Tabuleiro dos Oliveiras","UNIT","apartamento","660000","70",,"1","1","0",,"9428.57142857143"
"2635689211","Meia Praia","UNIT","apartamento","1250000","125",,"3","2","0",,"10000"
"2569458101","Meia Praia","UNIT","apartamento","1400000","138",,"4","2",,,"10144.9275362319"
"2760452623","Centro","UNIT","apartamento","1690000","117",,"4","2",,"0","14444.4444444444"
"2561569266","Morretes","UNIT","apartamento","580000","74",,"1","1","1000","350","7837.83783783784"
"2765282136","Meia Praia","UNIT","apartamento","1007000","81",,"3","2","0","0","12432.0987654321"
"2765169649","Castelo Branco","UNIT","apartamento","1799000","115",,"3","2","0","0","15643.4782608696"
"2619829320","Castelo Branco","UNIT","apartamento","1549022","165",,"2","2","780","713","9388.01212121212"
"2646971169","Andorinha","UNIT","apartamento","1500000","126",,"1","2",,,"11904.7619047619"
"2645728036","Ilhota","UNIT","apartamento","2955500","194",,"4","3",,"3","15234.5360824742"
"2632683754","Morretes","UNIT","apartamento","600944","65",,"3","1","1100","380","9245.29230769231"
"2631033182","Morretes","UNIT","apartamento","674000","62",,"2","1","700","350","10870.9677419355"
"2761121472","Centro","UNIT","comercial","3490000","77",,"1","1",,,"45324.6753246753"
"2720891534","Sert?o do Trombudo","UNIT","casa","557000","117",,"3","0","500","0","4760.68376068376"
"2764632548","Meia Praia","UNIT","apartamento","1550000","127",,"4","2","1795","750","12204.7244094488"
"2751984404","Alto S?o Bento","UNIT","apartamento","490000","60",,"1","1","0",,"8166.66666666667"
"2629168768","Meia Praia","UNIT","apartamento","6980000","230",,"5","3","0","0","30347.8260869565"
"2723966274","Morretes","UNIT","apartamento","750000","68",,"2","1","500","350","11029.4117647059"
"2701238776","Morretes","UNIT","casa","450000","70",,"2","1","500","0","6428.57142857143"
"2571329845","Meia Praia","UNIT","apartamento","2520000","173",,"5","3","0","0","14566.4739884393"
"2730584254","Meia Praia","UNIT","apartamento","1350000","124",,"4","2",,,"10887.0967741935"
"2687811369","Meia Praia","UNIT","apartamento","1527000","120",,"4","2","0",,"12725"
"2660788406","Castelo Branco","UNIT","apartamento","1490000","200",,"3","0","0","0","7450"
"2763649242","Meia Praia","UNIT","apartamento","3650000","189",,"5","4","30000","579","19312.1693121693"
"2560637199","Morretes","UNIT","casa","550000","70",,"3","2","600","0","7857.14285714286"
"2744015187","Castelo Branco","UNIT","apartamento","940000","90",,"3","2","700","570","10444.4444444444"
"2755945353","Morretes","UNIT","apartamento","689000","69",,"3","1",,,"9985.50724637681"
"2765264358","Meia Praia","UNIT","apartamento","1060000","78",,"3","2","900","560","13589.7435897436"
"2726398463","Meia Praia","UNIT","apartamento","2579000","125",,"4","2","3800","1538","20632"
"2738805842","Centro","UNIT","apartamento","1750000","149",,"4","2","2000","1000","11744.966442953"
"2518155074","Centro","UNIT","apartamento","1227000","87",,"3","2","0",,"14103.4482758621"
"2760224016","Meia Praia","UNIT","apartamento","750000","70",,"3","1","2000","500","10714.2857142857"
"2646971266","Morretes","UNIT","terreno","1300000","252",,"0","0",,,"5158.73015873016"
"2745230102","Jardim Praia Mar","UNIT","apartamento","600000","67",,"2","1","0","0","8955.22388059702"
"2676665114","Casa Branca","UNIT","terreno","2400000","1875",,"0","0",,,"1280"
"2560637335","Morretes","UNIT","casa","620000","85",,"3","2","600",,"7294.11764705882"
"2688539929","Casa Branca","UNIT","terreno","850000","400",,"0","1",,,"2125"
"2761878443","Meia Praia","UNIT","apartamento","4500000","224",,"5","3",,,"20089.2857142857"
"2762950725","Morretes","UNIT","apartamento","900000","69",,"2","1",,,"13043.4782608696"
"2533607007","Castelo Branco","UNIT","casa","2100000","304",,"1","3","0","0","6907.8947368421"
"2646969723","Morretes","UNIT","apartamento","890000","70",,"1","1",,,"12714.2857142857"
"2756649105","Centro","UNIT","apartamento","915000","56",,"2","1",,,"16339.2857142857"
"2749536302","Jardim Praia Mar","UNIT","apartamento","694382","69",,"2","1","800","400","10063.5072463768"
"2560637003","Morretes","UNIT","casa","540000","95",,"3","2","600","0","5684.21052631579"
"2562694069","Meia Praia","UNIT","apartamento","2310000","120",,"3","2","0","0","19250"
"2764631838","Meia Praia","UNIT","apartamento","1450000","1445",,"4","2","0","0","1003.46020761246"
"2764634759","Castelo Branco","UNIT","apartamento","13000000","281",,"5","3","0","0","46263.3451957295"
"2723276265","Castelo Branco","UNIT","apartamento","1350000","124",,"4","2",,,"10887.0967741935"
"2761579418","Meia Praia","UNIT","apartamento","8630000","205",,"5","3",,,"42097.5609756098"
"2612685887","Meia Praia","UNIT","apartamento","807000","69",,"2","1","0","0","11695.652173913"
"2740287919","Meia Praia","UNIT","apartamento","3500000","188",,"4","3","0","0","18617.0212765957"
"2693494334","Morretes","UNIT","apartamento","871773","60",,"1","1","10","0","14529.55"
"2692636068","Meia Praia","UNIT","apartamento","2200000","135",,"3","2",,,"16296.2962962963"
"2764634214","Centro","UNIT","apartamento","15643000","320",,"5","5","0","0","48884.375"
"2736416021","Meia Praia","UNIT","apartamento","850000","90",,"2","1","980","550","9444.44444444445"
"2645785477","Meia Praia","UNIT","apartamento","2920000","135",,"4","2",,,"21629.6296296296"
"2746689524","Morretes","UNIT","comercial","891450","84",,"1","0",,"0","10612.5"
"2746689523","Morretes","UNIT","comercial","748125","71",,"1","0",,"0","10536.9718309859"
"2632160592","Centro","UNIT","apartamento","16000000","704",,"7","5",,,"22727.2727272727"
"2706362011","Meia Praia","UNIT","apartamento","2500000","193",,"5","3","0","0","12953.3678756477"
"2560637613","Morretes","UNIT","apartamento","806000","70",,"2","1","500","300","11514.2857142857"
"2761579815","Meia Praia","UNIT","apartamento","2600000","156",,"5","3",,,"16666.6666666667"
"2655964158","Andorinha","UNIT","apartamento","1100000","78",,"2","2","850","700","14102.5641025641"
"2757201119","Andorinha","UNIT","apartamento","1358747","122",,"4","2",,"0","11137.2704918033"
"2579392413","Morretes","UNIT","apartamento","750000","70",,"2","1","1200","350","10714.2857142857"
"2603912396","Andorinha","UNIT","apartamento","1690000","163",,"3","3",,,"10368.0981595092"
"2581740500","Morretes","UNIT","apartamento","802000","70",,"3","1","1000","350","11457.1428571429"
"2698543208","Meia Praia","UNIT","apartamento","950000","127",,"2","1",,,"7480.31496062992"
"2511795506","Meia Praia","UNIT","apartamento","1335806","115",,"4","2","0",,"11615.7043478261"
"2748954999","Castelo Branco","UNIT","apartamento","850000","87",,"3","2","1100","490","9770.11494252873"
"2736413655","Morretes","UNIT","apartamento","1150000","72",,"3","1","810","550","15972.2222222222"
"2767255618","Andorinha","UNIT","apartamento","3298880","185",,"5","3","1",,"17831.7837837838"
"2767580929","Morretes","UNIT","terreno","1380000","281",,"0","0","100",,"4911.03202846975"
"2700889302","Meia Praia","UNIT","apartamento","3800000","158",,"4","3",,,"24050.6329113924"
"2432459382","Meia Praia","UNIT","apartamento","3000000","153",,"4","3",,"600","19607.8431372549"
"2711999408","Meia Praia","UNIT","apartamento","995000","135",,"2","1","1300","560","7370.37037037037"
"2754746735","Meia Praia","UNIT","apartamento","18985728","380",,"7","6",,"0","49962.4421052632"
"2764347230","Alto S?o Bento","UNIT","apartamento","737171","69",,"3","1","1000","300","10683.6376811594"
"2723233256","Meia Praia","UNIT","apartamento","8733544","417",,"6","4","0","0","20943.7505995204"
"2741520863","Morretes","UNIT","casa","869000","130",,"1","2","0","0","6684.61538461538"
"2765332326","Meia Praia","UNIT","terreno","2650000","500",,"0","0","0","0","5300"
"2764631264","Meia Praia","UNIT","apartamento","1500000","109",,"4","2","0","0","13761.4678899083"
"2736815025","Morretes","UNIT","apartamento","568608","66",,"2","1","0","0","8615.27272727273"
"2754785414","Meia Praia","UNIT","apartamento","1950000","144",,"4","2","0","0","13541.6666666667"
"2746883528","Meia Praia","UNIT","apartamento","1550000","149",,"2","2",,,"10402.6845637584"
"2608012734","Centro","UNIT","apartamento","1550000","118",,"4","2","0",,"13135.593220339"
"2521640909","Meia Praia","UNIT","apartamento","2368607","142",,"4","2","0",,"16680.3309859155"
"2737657421","Andorinha","UNIT","apartamento","1298000","135",,"3","2","1900","484","9614.81481481482"
"2591565950","Castelo Branco","UNIT","apartamento","1440000","120",,"3","2","1500","400","12000"
"2716669021","Morretes","UNIT","casa","740000","119",,"2","2",,,"6218.48739495798"
"2613183873","Centro","UNIT","apartamento","1490000","116",,"3","2","0","0","12844.8275862069"
"2560637261","Morretes","UNIT","casa","550000","80",,"3","2","0","0","6875"
"2763105827","Andorinha","UNIT","apartamento","1165000","118",,"2","1","0","499","9872.8813559322"
"2703529793","Meia Praia","UNIT","casa","1450000","115",,"1","1","0",,"12608.6956521739"
"2566776287","Meia Praia","UNIT","apartamento","1150000","97",,"4","2","0","0","11855.6701030928"
"2748823300","Centro","UNIT","apartamento","13832699","200",,"5","3","250","250","69163.495"
"2748550403","Castelo Branco","UNIT","apartamento","1500000","157",,"6","2","1900","390","9554.14012738853"
"2765548429","Canto da Praia","UNIT","apartamento","1218613","87",,"3","2","0","0","14007.0459770115"
"2765619467","Morretes","UNIT","apartamento","680000","70",,"3","1","0","0","9714.28571428571"
"2695571478","Meia Praia","UNIT","apartamento","2300000","123",,"4","2","1400","680","18699.1869918699"
"2757849917","Morretes","UNIT","apartamento","850000","68",,"2","1","1000","350","12500"
"2729245113","Centro","UNIT","apartamento","694000","70",,"3","2",,,"9914.28571428571"
"2697457126","Andorinha","UNIT","apartamento","799000","115",,"2","1","800","350","6947.82608695652"
"2764631666","Centro","UNIT","apartamento","1208000","120",,"2","2","1300","480","10066.6666666667"
"2675944016","Meia Praia","UNIT","apartamento","4518860","205",,"4","3","0","0","22043.2195121951"
"2592169415","Canto da Praia","UNIT","apartamento","1200000","116",,"3","2",,,"10344.8275862069"
"2759271762","Canto da Praia","UNIT","apartamento","1580000","116",,"4","2",,"0","13620.6896551724"
"2560637630","Morretes","UNIT","apartamento","1198000","70",,"2","1","1000","500","17114.2857142857"
"2693494822","Morretes","UNIT","apartamento","865680","64",,"1","1","10","0","13526.25"
"2757850523","Morretes","UNIT","apartamento","795000","70",,"3","1","1000","350","11357.1428571429"
"2619825865","Castelo Branco","UNIT","apartamento","1262166","121",,"2","2","690","560","10431.1239669421"
"2560058933","Meia Praia","UNIT","apartamento","9800000","180",,"5","3",,,"54444.4444444444"
"2560637596","Morretes","UNIT","casa","550000","70",,"3","2","600","0","7857.14285714286"
"2757201222","Andorinha","UNIT","apartamento","1394168","122",,"4","2",,"0","11427.606557377"
"2674711952","Meia Praia","UNIT","apartamento","1230420","105",,"4","2",,,"11718.2857142857"
"2560637072","Morretes","UNIT","casa","595000","80",,"3","2","1000","0","7437.5"
"2749653722","Alto S?o Bento","UNIT","apartamento","673400","68",,"2","1","800","400","9902.94117647059"
"2660940766","Morretes","UNIT","apartamento","590000","70",,"3","1","0","0","8428.57142857143"
"2763748057","Morretes","UNIT","apartamento","927000","69",,"3","1",,,"13434.7826086957"
"2693495014","Morretes","UNIT","apartamento","865014","64",,"1","1","10","0","13515.84375"
"2569300958","Centro","UNIT","apartamento","12500000","411",,"7","4",,,"30413.6253041363"
"2711631997","Andorinha","UNIT","apartamento","1400000","119",,"1","2","1370","725","11764.7058823529"
"2699586564","Morretes","UNIT","apartamento","618000","70",,"3","1","1000","300","8828.57142857143"
"2720232955","Morretes","UNIT","casa","480000","65",,"2","2","500","0","7384.61538461538"
"2555701613","Morretes","UNIT","apartamento","740000","69",,"3","2","0",,"10724.6376811594"
"2763105248","Meia Praia","UNIT","apartamento","9998000","180",,"5","4","3900","2105","55544.4444444444"
"2657075810","Meia Praia","UNIT","apartamento","5126275","202",,"4","2","0","0","25377.599009901"
"2763173846","Meia Praia","UNIT","apartamento","1790000","124",,"4","2",,,"14435.4838709677"
"2718970637","Sert?o do Trombudo","UNIT","casa","557000","117",,"3","1","500","0","4760.68376068376"
"2664304796","Morretes","UNIT","apartamento","789000","65",,"1","1",,,"12138.4615384615"
"2684922851","Andorinha","UNIT","apartamento","1340000","127",,"4","2","1900","490","10551.1811023622"
"2743303126","Andorinha","UNIT","apartamento","950000","110",,"2","1","784","470","8636.36363636364"
"2670862520","Meia Praia","UNIT","apartamento","895000","80",,"3","1","0","0","11187.5"
"2664863504","Morretes","UNIT","apartamento","429000","70",,"3","1","0","0","6128.57142857143"
"2740008414","Meia Praia","UNIT","apartamento","4900000","173",,"4","3","5084","965","28323.6994219653"
"2714723207","Andorinha","UNIT","apartamento","650000","77",,"2","0","0","390","8441.55844155844"
"2595766458","Meia Praia","UNIT","apartamento","1500000","128",,"3","2",,,"11718.75"
"2765404536","Meia Praia","UNIT","apartamento","3880000","157",,"4","3",,"1300","24713.3757961783"
"2700106940","Meia Praia","UNIT","apartamento","999000","88",,"3","2",,,"11352.2727272727"
"2738794352","Morretes","UNIT","terreno","580000","270",,"0","0",,,"2148.14814814815"
"2739865143","Andorinha","UNIT","apartamento","1880000","112",,"3","2","0","0","16785.7142857143"
"2632574556","Meia Praia","UNIT","apartamento","1300000","109",,"3","2","1082","524","11926.6055045872"
"2672322885","Andorinha","UNIT","apartamento","2300000","164",,"4","3",,"795","14024.3902439024"
"2681523497","Morretes","UNIT","apartamento","660000","69",,"2","1","550","300","9565.21739130435"
"2764979922","Meia Praia","UNIT","apartamento","1500000","133",,"4","2","150","570","11278.1954887218"
"2688799819","Morretes","UNIT","apartamento","515000","66",,"2","1","500","300","7803.0303030303"
"2749529607","Jardim Praia Mar","UNIT","apartamento","656240","69",,"2","1","800","400","9510.72463768116"
"2712474306","Andorinha","UNIT","apartamento","699208","40",,"1","1","0","0","17480.2"
"2728011539","Morretes","UNIT","apartamento","525000","60",,"1","1","500","300","8750"
"2761576355","Meia Praia","UNIT","apartamento","1450000","100",,"2","2",,,"14500"
"2749230114","Casa Branca","UNIT","apartamento","749000","70",,"2","2",,,"10700"
"2723364613","Andorinha","UNIT","apartamento","1490000","132",,"1","2",,,"11287.8787878788"
"2685613539","Jardim Praia Mar","UNIT","apartamento","627296","70",,"1","1","0","0","8961.37142857143"
"2646999470","Andorinha","UNIT","apartamento","1590000","118",,"4","2","0","0","13474.5762711864"
"2676414900","Meia Praia","UNIT","apartamento","1299000","105",,"2","2",,"450","12371.4285714286"
"2569455788","Morretes","UNIT","apartamento","600000","66",,"2","1",,,"9090.90909090909"
"2662906033","Morretes","UNIT","apartamento","848335","67",,"2","1","1","1","12661.7164179104"
"2560637318","Morretes","UNIT","casa","550000","80",,"3","2","0","0","6875"
"2620661463","Andorinha","UNIT","apartamento","895000","80",,"3","1","550","500","11187.5"
"2702953181","Morretes","UNIT","casa","450000","70",,"2","1","500","0","6428.57142857143"
"2722922573","Morretes","UNIT","casa","740000","119",,"3","2","500","0","6218.48739495798"
"2764381321","Andorinha","UNIT","apartamento","1500000","113",,"4","2","1","500","13274.3362831858"
"2732243218","Morretes","UNIT","apartamento","424000","40",,"1","1","0","0","10600"
"2751093115","Castelo Branco","UNIT","apartamento","1599000","139",,"4","2","0","0","11503.5971223022"
"2669591094","Tabuleiro dos Oliveiras","UNIT","apartamento","695000","69",,"2","0","1","1","10072.4637681159"
"2760625614","Centro","UNIT","casa","4500000","210",,"5","3","0","0","21428.5714285714"
"2682160806","Andorinha","UNIT","apartamento","2000000","164",,"5","3","0","780","12195.1219512195"
"2763191814","Andorinha","UNIT","apartamento","1100000","83",,"3","2",,,"13253.0120481928"
"2660284823","Morretes","UNIT","casa","550000","76",,"3","2",,,"7236.84210526316"
"2760221735","Centro","UNIT","apartamento","695000","70",,"2","1","700","460","9928.57142857143"
"2667008133","Meia Praia","UNIT","apartamento","13750000","455",,"7","6",,"2705","30219.7802197802"
"2693494921","Morretes","UNIT","apartamento","992860","60",,"1","1","10","0","16547.6666666667"
"2742973857","Morretes","UNIT","apartamento","700000","70",,"2","1",,,"10000"
"2569300960","Centro","UNIT","apartamento","1600000","118",,"4","2",,,"13559.3220338983"
"2717835301","Sert?o do Trombudo","UNIT","outros","5200000","300",,"5","7","700",,"17333.3333333333"
"2511793546","Castelo Branco","UNIT","apartamento","1675000","108",,"4","2","0",,"15509.2592592593"
"2713980062","Morretes","UNIT","apartamento","575712","65",,"2","1",,,"8857.10769230769"
"2637821463","Alto S?o Bento","UNIT","casa","1050000","80",,"3","0",,"0","13125"
"2577005008","Meia Praia","UNIT","apartamento","2500000","170",,"4","3",,,"14705.8823529412"
"2699373478","Meia Praia","UNIT","apartamento","3090000","126",,"4","3",,"0","24523.8095238095"
"2763088929","Centro","UNIT","apartamento","1290000","85",,"3","2",,,"15176.4705882353"
"2764004443","Meia Praia","UNIT","apartamento","3800000","179",,"9","3","0",,"21229.0502793296"
"2764758939","Varzea","UNIT","apartamento","930000","70",,"2","1","0","0","13285.7142857143"
"2718873746","Meia Praia","UNIT","apartamento","1188500","109",,"2","2","1650","498","10903.6697247706"
"2645631157","Centro","UNIT","apartamento","3336000","191",,"5","3",,,"17465.9685863874"
"2754168827","Morretes","UNIT","apartamento","424000","41",,"1","1","0","0","10341.4634146341"
"2560637502","Morretes","UNIT","casa","590000","85",,"3","2","500","0","6941.17647058824"
"2644154072","Meia Praia","UNIT","apartamento","1300000","142",,"2","2","0","0","9154.92957746479"
"2743253113","Meia Praia","UNIT","apartamento","2577000","233",,"4","3","1700","850","11060.0858369099"
"2592727232","Andorinha","UNIT","apartamento","1590000","123",,"4","3","1200","600","12926.8292682927"
"2759113422","Meia Praia","UNIT","terreno","699000","455",,"0","0","1000","600","1536.26373626374"
"2636059524","Meia Praia","UNIT","apartamento","6158563","240",,"5","4","0","0","25660.6791666667"
"2560637699","Morretes","UNIT","apartamento","710000","70",,"2","1","500","300","10142.8571428571"
"2765293638","Meia Praia","UNIT","apartamento","1695000","120",,"4","2","0","0","14125"
"2594346472","Andorinha","UNIT","apartamento","1250000","122",,"3","2",,,"10245.9016393443"
"2706129695","Morretes","UNIT","apartamento","550000","70",,"2","1","500","350","7857.14285714286"
"2764345127","Meia Praia","UNIT","apartamento","1890000","115",,"4","2","1100","620","16434.7826086957"
"2736815021","Morretes","UNIT","apartamento","641186","69",,"2","2","0","0","9292.55072463768"
"2761880116","Meia Praia","UNIT","apartamento","11800000","217",,"5","3",,,"54377.8801843318"
"2573337525","Morretes","UNIT","casa","640000","70",,"3","2","350","0","9142.85714285714"
"2766853121","Meia Praia","UNIT","apartamento","995000","93",,"2","2","0","0","10698.9247311828"
"2730380529","Ilhota","UNIT","casa","2000000","350",,"2","4","0","0","5714.28571428571"
"2667707398","Andorinha","UNIT","apartamento","1526566","120",,"4","2","1","1","12721.3833333333"
"2645218394","Morretes","UNIT","apartamento","3899000","163",,"4","2","0","0","23920.245398773"
"2710044482","Morretes","UNIT","apartamento","610000","65",,"2","1","490","270","9384.61538461538"
"2764974911","Andorinha","UNIT","apartamento","850000","119",,"2","1","65","650","7142.85714285714"
"2560637376","Morretes","UNIT","casa","550000","74",,"3","2","600","0","7432.43243243243"
"2658141300","Morretes","UNIT","apartamento","700000","70",,"2","1",,"300","10000"
"2621870421","Andorinha","UNIT","apartamento","1680000","123",,"3","2","0","0","13658.5365853659"
"2758555853","Meia Praia","UNIT","apartamento","3995000","180",,"4","2","0","0","22194.4444444444"
"2764631265","Andorinha","UNIT","apartamento","1472834","122",,"4","2","0","0","12072.4098360656"
"2609060685","Meia Praia","UNIT","apartamento","3500000","1531",,"5","3","0","0","2286.08752449379"
"2728076694","Morretes","UNIT","apartamento","735000","68",,"3","1","1000","350","10808.8235294118"
"2728077652","Morretes","UNIT","casa","450000","70",,"1","1","500","0","6428.57142857143"
"2677800233","Centro","UNIT","apartamento","1695000","118",,"5","2","0","0","14364.406779661"
"2759130328","Meia Praia","UNIT","terreno","699000","455",,"0","0","1000","600","1536.26373626374"
"2564210111","Morretes","UNIT","apartamento","797000","70",,"2","1","500","300","11385.7142857143"
"2617731388","Meia Praia","UNIT","apartamento","9800000","180",,"5","3","0","2110","54444.4444444444"
"2560637300","Morretes","UNIT","casa","550000","90",,"3","2","1000",,"6111.11111111111"
"2763499021","Tabuleiro dos Oliveiras","UNIT","apartamento","649000","69",,"3","1",,,"9405.79710144928"
"2765063106","Meia Praia","UNIT","apartamento","5997000","343",,"1","4","100","0","17483.9650145773"
"2510252673","Varzea","UNIT","apartamento","620000","70",,"2","1","0","0","8857.14285714286"
"2630293615","Andorinha","UNIT","apartamento","1225275","112",,"3","2",,"0","10939.9553571429"
"2729778330","Meia Praia","UNIT","apartamento","1250000","102",,"2","2",,,"12254.9019607843"
"2763649133","Morretes","UNIT","casa","829000","100",,"3","2",,"0","8290"
"2560637225","Morretes","UNIT","casa","550000","90",,"3","2","0",,"6111.11111111111"
"2596028441","Meia Praia","UNIT","apartamento","3780000","187",,"4","3",,,"20213.9037433155"
"2617107696","Morretes","UNIT","apartamento","620000","64",,"2","1","0",,"9687.5"
"2650232475","Meia Praia","UNIT","apartamento","1650000","128",,"4","3","100","500","12890.625"
"2715747022","Andorinha","UNIT","apartamento","954000","85",,"2","1","530","503","11223.5294117647"
"2560637575","Morretes","UNIT","casa","550000","90",,"3","2","500","0","6111.11111111111"
"2705720551","Morretes","UNIT","apartamento","515000","66",,"2","1","500","350","7803.0303030303"
"2560637262","Morretes","UNIT","casa","480002","70",,"2","1","500","0","6857.17142857143"
"2641211985","Tabuleiro dos Oliveiras","UNIT","apartamento","790000","70",,"2","1",,,"11285.7142857143"
"2723133842","Andorinha","UNIT","apartamento","1200000","103",,"4","2","900","500","11650.4854368932"
"2702183983","Castelo Branco","UNIT","apartamento","799000","76",,"2","1","800","420","10513.1578947368"
"2595144582","Morretes","UNIT","casa","1500000","180",,"2","6","1000","0","8333.33333333333"
"2718030844","Castelo Branco","UNIT","apartamento","1150000","92",,"2","2","0","0","12500"
"2764955616","Meia Praia","UNIT","apartamento","13051000","426",,"8","4","0","0","30636.1502347418"
"2761879718","Meia Praia","UNIT","apartamento","1690000","119",,"3","2",,,"14201.6806722689"
"2720051287","Meia Praia","UNIT","apartamento","951000","70",,"2","2",,"470","13585.7142857143"
"2673397678","Morretes","UNIT","apartamento","699000","95",,"2","1","500","350","7357.8947368421"
"2729166624","Alto S?o Bento","UNIT","apartamento","581000","69",,"3","0",,,"8420.28985507246"
"2560636988","Morretes","UNIT","casa","590001","85",,"3","2","500","0","6941.18823529412"
"2760094110","Centro","UNIT","apartamento","695000","70",,"2","1","700","460","9928.57142857143"
"2764743233","Morretes","UNIT","apartamento","697131","67",,"2","1",,,"10404.9402985075"
"2763091014","Morretes","UNIT","apartamento","560000","43",,"2","1",,,"13023.2558139535"
"2560637037","Morretes","UNIT","casa","580000","80",,"3","2","0","0","7250"
"2590052907","<vazio>","UNIT","apartamento","1150000","130",,"3","2",,,"8846.15384615385"
"2561990856","Morretes","UNIT","casa","720000","115",,"3","0","500","0","6260.86956521739"
"2747202005","Andorinha","UNIT","apartamento","980000","102",,"2","1","632","445","9607.8431372549"
"2737654816","Andorinha","UNIT","apartamento","1300000","135",,"3","2","1200","454","9629.62962962963"
"2749359028","Meia Praia","UNIT","apartamento","890000","81",,"2","1","0","0","10987.6543209877"
"2592567932","Canto da Praia","UNIT","casa","4800000","362",,"3","3","2300","0","13259.6685082873"
"2738142652","Alto S?o Bento","UNIT","casa","420000","69",,"2","1",,,"6086.95652173913"
"2647769634","Meia Praia","UNIT","apartamento","4600000","188",,"5","3","0","1000","24468.085106383"
"2766852229","Centro","UNIT","apartamento","10479000","320",,"5","5","0","0","32746.875"
"2599020455","Morretes","UNIT","apartamento","1190000","113",,"3","2",,,"10530.9734513274"
"2766852232","Andorinha","UNIT","apartamento","1529800","120",,"4","2","0","650","12748.3333333333"
"2539510590","Meia Praia","UNIT","apartamento","2100000","151",,"4","2","0","0","13907.2847682119"
"2654353538","Centro","UNIT","apartamento","1600000","128",,"2","2","0","0","12500"
"2482909812","Meia Praia","UNIT","apartamento","4504000","183",,"5","3","0","0","24612.0218579235"
"2764630841","Centro","UNIT","apartamento","17500000","440",,"6","7","0","0","39772.7272727273"
"2765082718","Morretes","UNIT","terreno","850000","336",,"0","0","500","0","2529.7619047619"
"2694369976","Morretes","UNIT","apartamento","790000","68",,"3","2","500","350","11617.6470588235"
"2749743142","Ilhota","UNIT","apartamento","2845125","154",,"2","1","2000","1000","18474.8376623377"
"2560636999","Morretes","UNIT","casa","710000","110",,"3","2","0","0","6454.54545454545"
"2761879923","Andorinha","UNIT","apartamento","1590000","114",,"4","2",,,"13947.3684210526"
"2746295942","Morretes","UNIT","casa","700000","100",,"3","2","500","0","7000"
"2763562526","Morretes","UNIT","apartamento","795000","60",,"3","1",,,"13250"
"2560637489","Morretes","UNIT","apartamento","880000","70",,"3","1","1000","500","12571.4285714286"
"2723208912","Meia Praia","UNIT","apartamento","2464079","140",,"3","2",,,"17600.5642857143"
"2731627817","Meia Praia","UNIT","apartamento","2090000","128",,"3","2",,,"16328.125"
"2560637571","Morretes","UNIT","apartamento","580000","74",,"2","1","1000","350","7837.83783783784"
"2760155241","Centro","UNIT","apartamento","695000","70",,"2","1","700","460","9928.57142857143"
"2760013245","Morretes","UNIT","apartamento","750000","70",,"2","1","1","330","10714.2857142857"
"2765068428","Morretes","UNIT","apartamento","558000","43",,"1","1","1000","350","12976.7441860465"
"2560059201","Centro","UNIT","apartamento","2290000","175",,"4","3",,,"13085.7142857143"
"2612811405","Morretes","UNIT","terreno","850000","252",,"0","0","500","0","3373.01587301587"
"2676710410","Andorinha","UNIT","apartamento","1350000","125",,"3","2","1600","860","10800"
"2652670153","Morretes","UNIT","apartamento","677000","68",,"2","0",,"0","9955.88235294118"
"2743644809","Varzea","UNIT","apartamento","680088","67",,"3","1","0","0","10150.5671641791"
"2766853714","Castelo Branco","UNIT","apartamento","1299800","117",,"4","2","0","0","11109.4017094017"
"2655470872","Centro","UNIT","apartamento","1300000","92",,"3","2",,"0","14130.4347826087"
"2768686916","Meia Praia","UNIT","apartamento","557957","40",,"1","1",,,"13948.925"
"2764632334","Morretes","UNIT","apartamento","799000","61",,"2","1","550","450","13098.3606557377"
"2579474453","Meia Praia","UNIT","apartamento","1800000","161",,"3","3",,,"11180.1242236025"
"2726460191","Meia Praia","UNIT","apartamento","2200000","250",,"3","2","0","0","8800"
"2694370878","Morretes","UNIT","apartamento","515000","66",,"2","1","500","300","7803.0303030303"
"2744695933","Alto S?o Bento","UNIT","apartamento","568888","69",,"2","1","0","0","8244.75362318841"
"2443678881","Meia Praia","UNIT","apartamento","4900000","198",,"4","3","0","0","24747.4747474747"
"2564695763","Morretes","UNIT","apartamento","776000","70",,"2","1","500","300","11085.7142857143"
"2694760900","Morretes","UNIT","apartamento","699001","95",,"2","1","500","350","7357.90526315789"
"2727566346","Morretes","UNIT","apartamento","849000","65",,"2","1","500","350","13061.5384615385"
"2762331517","Sert?o do Trombudo","UNIT","outros","5250000","16573",,"1","0",,,"316.780305315875"
"2560636955","Morretes","UNIT","apartamento","580000","70",,"2","1",,,"8285.71428571429"
"2764633823","Morretes","UNIT","apartamento","670000","691",,"2","1","0","0","969.609261939219"
"2593921424","Varzea","UNIT","apartamento","574000","70",,"2","1",,,"8200"
"2625805824","Meia Praia","UNIT","apartamento","1220000","101",,"2","2",,,"12079.2079207921"
"2644395661","Castelo Branco","UNIT","apartamento","2095000","143",,"4","4",,,"14650.3496503496"
"2529057186","Meia Praia","UNIT","apartamento","1292230","118",,"4","2","0",,"10951.1016949153"
"2613409651","Casa Branca","UNIT","casa","8500000","440",,"4","5",,"1200","19318.1818181818"
"2560637027","Morretes","UNIT","apartamento","880001","70",,"3","1","1000","500","12571.4428571429"
"2748435813","Meia Praia","UNIT","apartamento","1115842","86",,"3","2",,"0","12974.9069767442"
"2560637511","Morretes","UNIT","apartamento","620000","74",,"2","1","500","300","8378.37837837838"
"2748438000","Castelo Branco","UNIT","apartamento","7993000","486",,"6","3",,"0","16446.5020576132"
"2749321139","Sert?ozinho","UNIT","apartamento","529360","55",,"1","1","800","400","9624.72727272727"
"2591359414","Jardim Praia Mar","UNIT","apartamento","570010","69",,"1","1","750","300","8261.01449275362"
"2767582002","Varzea","UNIT","apartamento","655000","64",,"2","1","100",,"10234.375"
"2761366523","Morretes","UNIT","apartamento","720000","110",,"2","2",,,"6545.45454545455"
"2762700042","Meia Praia","UNIT","apartamento","1500000","108",,"3","2","1","545","13888.8888888889"
"2759437914","Morretes","UNIT","apartamento","550000","68",,"2","1","0",,"8088.23529411765"
"2723959119","Andorinha","UNIT","apartamento","849000","115",,"2","1","667","435","7382.60869565217"
"2737592152","Andorinha","UNIT","apartamento","1300000","104",,"4","2",,,"12500"
"2764768481","Meia Praia","UNIT","apartamento","1780000","118",,"4","2","1","1","15084.7457627119"
"2656865288","Meia Praia","UNIT","apartamento","6595000","189",,"5","3",,"0","34894.1798941799"
"2655495385","Meia Praia","UNIT","apartamento","2587567","160",,"4","3","0","0","16172.29375"
"2735272929","Meia Praia","UNIT","apartamento","8085000","359",,"6","4","0","0","22520.8913649025"
"2764634145","Casa Branca","UNIT","casa","12000000","450",,"6","5","0","2000","26666.6666666667"
"2759065235","Meia Praia","UNIT","terreno","699000","455",,"0","0","1000","600","1536.26373626374"
"2763090332","Meia Praia","UNIT","apartamento","1630000","126",,"4","3",,,"12936.5079365079"
"2692636162","Centro","UNIT","apartamento","3600000","208",,"4","3",,,"17307.6923076923"
"2692635958","Meia Praia","UNIT","apartamento","1180000","100",,"2","2",,,"11800"
"2765548425","Meia Praia","UNIT","apartamento","1150000","117",,"2","1","0","400","9829.05982905983"
"2756214830","Meia Praia","UNIT","apartamento","1005007","40",,"1","1",,,"25125.175"
"2767582451","Morretes","UNIT","apartamento","698140","67",,"2","1","100",,"10420"
"2434762115","Centro","UNIT","apartamento","2800000","157",,"3","3","0","0","17834.3949044586"
"2760157921","Meia Praia","UNIT","apartamento","750000","70",,"3","1","2000","500","10714.2857142857"
"2569453263","Centro","UNIT","apartamento","1500000","114",,"4","2",,,"13157.8947368421"
"2764632411","Meia Praia","UNIT","apartamento","1300000","105",,"3","2","0","0","12380.9523809524"
"2560059200","Meia Praia","UNIT","apartamento","1329000","104",,"4","2",,,"12778.8461538462"
"2760080648","Meia Praia","UNIT","apartamento","2800000","175",,"5","3","2000","600","16000"
"2699373577","Andorinha","UNIT","apartamento","2420000","163",,"5","3",,"0","14846.6257668712"
"2764220321","Andorinha","UNIT","apartamento","1526565","120",,"4","2",,,"12721.375"
"2766852339","Meia Praia","UNIT","comercial","952800","75",,"1","1","0","0","12704"
"2697672998","Canto da Praia","UNIT","apartamento","2500000","161",,"1","3",,"0","15527.950310559"
"2761878252","Centro","UNIT","apartamento","2500000","140",,"3","3",,"0","17857.1428571429"
"2511793804","Meia Praia","UNIT","apartamento","2162000","116",,"4","2","0",,"18637.9310344828"
"2559266065","Sert?o do Trombudo","UNIT","terreno","980000","332",,"0","0","0",,"2951.80722891566"
"2760490017","Meia Praia","UNIT","apartamento","1399000","106",,"3","2",,,"13198.1132075472"
"2723623838","Andorinha","UNIT","apartamento","750000","96",,"1","1","590","496","7812.5"
"2580279411","Alto S?o Bento","UNIT","casa","1000000","150",,"4","2","0",,"6666.66666666667"
"2560637284","Morretes","UNIT","apartamento","550001","70",,"1","1","500","300","7857.15714285714"
"2626576930","Centro","UNIT","apartamento","16550000","440",,"6","6","1","1","37613.6363636364"
"2764975507","Morretes","UNIT","apartamento","920000","69",,"2","2","900","450","13333.3333333333"
"2596036081","Meia Praia","UNIT","apartamento","2550000","137",,"3","2",,,"18613.1386861314"
"2741811354","Morretes","UNIT","apartamento","479000","40",,"1","1","0","0","11975"
"2618397804","Morretes","UNIT","apartamento","741000","70",,"3","7","1000","400","10585.7142857143"
"2688753827","Meia Praia","UNIT","apartamento","11990000","270",,"5","3",,"3800","44407.4074074074"
"2560636986","Morretes","UNIT","casa","580000","90",,"3","2","0",,"6444.44444444444"
"2727432737","Alto S?o Bento","UNIT","apartamento","549000","70",,"3","1","0","0","7842.85714285714"
"2759541319","Meia Praia","UNIT","apartamento","1640000","117",,"4","2","3000","1200","14017.094017094"
"2764632872","Canto da Praia","UNIT","apartamento","1500000","100",,"4","2","0","0","15000"
"2755294588","Meia Praia","UNIT","casa","1949900","140",,"2","0","1200","1","13927.8571428571"
"2735685063","Morretes","UNIT","terreno","550001","288",,"0","0","500","0","1909.72569444444"
"2683018601","Meia Praia","UNIT","apartamento","1882918","151",,"3","2","0",,"12469.6556291391"
"2560637084","Morretes","UNIT","apartamento","620000","74",,"2","1","500","300","8378.37837837838"
"2763985222","Tabuleiro dos Oliveiras","UNIT","apartamento","900000","90",,"2","1","1200","400","10000"
"2567535767","Meia Praia","UNIT","apartamento","1400000","154",,"1","3","0","0","9090.90909090909"
"2765060729","Morretes","UNIT","apartamento","680000","80",,"2","2","1000","350","8500"
"2756211455","Meia Praia","UNIT","apartamento","1005007","40",,"1","1",,,"25125.175"
"2592783784","Meia Praia","UNIT","apartamento","1300000","150",,"2","2","1200","350","8666.66666666667"
"2702951379","Morretes","UNIT","apartamento","630000","100",,"3","2","500","0","6300"
"2560637740","Morretes","UNIT","casa","590000","85",,"3","2","500","0","6941.17647058824"
"2727832613","Castelo Branco","UNIT","apartamento","1199000","88",,"3","2",,,"13625"
"2565062615","Morretes","UNIT","casa","670000","90",,"3","1","1000",,"7444.44444444444"
"2723749579","Andorinha","UNIT","apartamento","750000","96",,"1","1","600","490","7812.5"
"2768649923","Andorinha","UNIT","apartamento","1799000","114",,"4","2","0","0","15780.701754386"
"2731120819","Meia Praia","UNIT","apartamento","1937000","145",,"4","2",,,"13358.6206896552"
"2736227914","Meia Praia","UNIT","apartamento","2200000","129",,"4","3",,,"17054.2635658915"
"2694444884","Morretes","UNIT","terreno","850000","252",,"0","0","500","0","3373.01587301587"
"2648657584","Centro","UNIT","apartamento","1320000","142",,"2","2","1300","422","9295.77464788732"
"2766854728","Meia Praia","UNIT","apartamento","1150000","100",,"4","2","0","700","11500"
"2720508934","Meia Praia","UNIT","apartamento","1500000","128",,"3","2",,,"11718.75"
"2436295273","Meia Praia","UNIT","apartamento","9360000","201",,"4","3",,,"46567.1641791045"
"2659644654","Castelo Branco","UNIT","apartamento","1300000","157",,"5","2","0","0","8280.25477707006"
"2699373581","<vazio>","UNIT","terreno","750000","1800",,"0","0",,"0","416.666666666667"
"2743479960","Morretes","UNIT","casa","829000","110",,"3","2","1","1","7536.36363636364"
"2564475153","Morretes","UNIT","apartamento","776000","70",,"2","1","500","300","11085.7142857143"
"2685743393","Andorinha","UNIT","apartamento","1100000","112",,"4","2","0","0","9821.42857142857"
"2735685891","Morretes","UNIT","terreno","600000","315",,"0","0","500","0","1904.7619047619"
"2756217416","Meia Praia","UNIT","apartamento","1005007","40",,"1","1",,,"25125.175"
"2609063275","Centro","UNIT","apartamento","13832699","200",,"5","3","0","0","69163.495"
"2763648533","Morretes","UNIT","apartamento","750000","70",,"2","1",,"370","10714.2857142857"
"2560637757","Morretes","UNIT","apartamento","900000","70",,"2","1","1000","300","12857.1428571429"
"2750962200","Jardim Praia Mar","UNIT","apartamento","582500","64",,"2","2","380","230","9101.5625"
"2765272215","Centro","UNIT","apartamento","1523000","142",,"4","3","0","0","10725.3521126761"
"2688743819","Morretes","UNIT","apartamento","620000","70",,"2","2","500","300","8857.14285714286"
"2690261973","Morretes","UNIT","apartamento","750000","70",,"3","1","1000","380","10714.2857142857"
"2715685838","Meia Praia","UNIT","apartamento","1480000","120",,"4","2","0","700","12333.3333333333"
"2453448640","Meia Praia","UNIT","apartamento","2387000","160",,"4","3",,,"14918.75"
"2683484142","Meia Praia","UNIT","apartamento","1250000","115",,"3","2","1200","500","10869.5652173913"
"2744014216","Canto da Praia","UNIT","casa","2800000","200",,"1","2","1900","600","14000"
"2560637216","Morretes","UNIT","casa","550000","74",,"3","2","600","0","7432.43243243243"
"2613763029","Andorinha","UNIT","apartamento","1490000","131",,"3","2",,,"11374.0458015267"
"2651328568","Andorinha","UNIT","apartamento","1650000","127",,"3","2","0","0","12992.125984252"
"2728428431","Jardim Praia Mar","UNIT","apartamento","650000","65",,"2","1",,"280","10000"
"2704501977","Meia Praia","UNIT","apartamento","950000","150",,"2","1",,,"6333.33333333333"
"2763649237","Morretes","UNIT","apartamento","997500","70",,"2","1","7200","371","14250"
"2762825414","Alto S?o Bento","UNIT","apartamento","662560","60",,"3","1",,,"11042.6666666667"
"2723877739","Morretes","UNIT","apartamento","590000","73",,"1","1",,"0","8082.19178082192"
"2574431281","Meia Praia","UNIT","apartamento","1458360","165",,"2","2",,"649","8838.54545454545"
"2723364765","Morretes","UNIT","apartamento","800000","69",,"3","1","1","1","11594.2028985507"
"2759671529","Meia Praia","UNIT","apartamento","1640000","117",,"4","2","3000","1200","14017.094017094"
"2723568355","Alto S?o Bento","UNIT","terreno","2600000","1585",,"0","0",,,"1640.3785488959"
"2678301997","Morretes","UNIT","terreno","850001","252",,"0","0","500","0","3373.01984126984"
"2560637171","Morretes","UNIT","apartamento","880000","70",,"3","1","1000","500","12571.4285714286"
"2763166014","Meia Praia","UNIT","apartamento","1750000","116",,"4","3",,,"15086.2068965517"
"2752618524","Morretes","UNIT","casa","1580000","160",,"3","3","680",,"9875"
"2703245044","Morretes","UNIT","apartamento","550000","70",,"2","1","500","350","7857.14285714286"
"2700271884","Morretes","UNIT","apartamento","790000","68",,"3","2","500","350","11617.6470588235"
"2694368807","Morretes","UNIT","casa","1500000","180",,"2","6","1000","0","8333.33333333333"
"2763927921","Tabuleiro dos Oliveiras","UNIT","apartamento","900000","90",,"2","1","1200","400","10000"
"2560637277","Morretes","UNIT","apartamento","620002","74",,"2","1","500","300","8378.4054054054"
"2560637207","Morretes","UNIT","apartamento","580000","70",,"2","1","1000","350","8285.71428571429"
"2737660691","Meia Praia","UNIT","apartamento","1200000","120",,"4","2","1200","484","10000"
"2734479915","Morretes","UNIT","terreno","550000","288",,"0","0","500","0","1909.72222222222"
"2736166191","Meia Praia","UNIT","apartamento","12413500","200",,"6","3",,,"62067.5"
"2694368874","Morretes","UNIT","apartamento","520001","70",,"2","2","1000","300","7428.58571428571"
"2562602447","Morretes","UNIT","apartamento","776000","70",,"2","1","500","300","11085.7142857143"
"2657046122","Meia Praia","UNIT","apartamento","6538000","169",,"5","3",,,"38686.3905325444"
"2758598360","Canto da Praia","UNIT","apartamento","3880000","243",,"5","3","0","550","15967.0781893004"
"2613688239","Andorinha","UNIT","apartamento","2300000","170",,"4","3",,,"13529.4117647059"
"2750109109","Morretes","UNIT","apartamento","586000","60",,"2","1",,,"9766.66666666667"
"2682448374","Meia Praia","UNIT","apartamento","1990000","135",,"4","2","0",,"14740.7407407407"
"2682113805","Morretes","UNIT","apartamento","549000","66",,"1","1","800","380","8318.18181818182"
"2710639195","Tabuleiro dos Oliveiras","UNIT","apartamento","650000","67",,"2","1","500","350","9701.49253731343"
"2732164341","Meia Praia","UNIT","apartamento","950000","120",,"2","1","650","520","7916.66666666667"
"2764630930","Andorinha","UNIT","apartamento","2200000","215",,"4","3","0","0","10232.5581395349"
"2704434553","Meia Praia","UNIT","apartamento","9000000","725",,"5","3",,"3000","12413.7931034483"
"2733171560","Centro","UNIT","apartamento","1900000","153",,"4","3","2304","1020","12418.3006535948"
"2626954637","Meia Praia","UNIT","apartamento","1200000","120",,"2","1","700","500","10000"
"2676286394","Morretes","UNIT","apartamento","790000","68",,"3","2","500","350","11617.6470588235"
"2736697914","Morretes","UNIT","apartamento","780000","68",,"2","1","500","350","11470.5882352941"
"2717753034","Meia Praia","UNIT","apartamento","1095000","115",,"4","2","1150","473","9521.73913043478"
"2511795591","Meia Praia","UNIT","apartamento","2326581","150",,"4","2","0",,"15510.54"
"2761878146","Meia Praia","UNIT","apartamento","1297000","95",,"2","1",,,"13652.6315789474"
"2754736338","Morretes","UNIT","apartamento","386800","44",,"1","1","0","1","8790.90909090909"
"2708860704","Centro","UNIT","apartamento","8602000","229",,"5","4","0","0","37563.3187772926"
"2754748209","Andorinha","UNIT","apartamento","1197054","114",,"4","2",,"0","10500.4736842105"
"2732136013","Morretes","UNIT","casa","720000","106",,"2","2","0","0","6792.45283018868"
"2596091583","Morretes","UNIT","apartamento","699000","68",,"3","1","800","400","10279.4117647059"
"2560637069","Morretes","UNIT","apartamento","695000","70",,"2","1","0","0","9928.57142857143"
"2762699568","Centro","UNIT","apartamento","1740000","117",,"3","2","1","1","14871.7948717949"
"2763087525","Meia Praia","UNIT","apartamento","1462197","115",,"3","2",,,"12714.7565217391"
"2754747728","Centro","UNIT","apartamento","1548115","135",,"4","2",,"0","11467.5185185185"
"2769421513","Centro","UNIT","casa","600000","140",,"2","3","0","0","4285.71428571429"
"2646971354","Meia Praia","UNIT","apartamento","2900000","190",,"4","3",,,"15263.1578947368"
"2614621709","Meia Praia","UNIT","apartamento","1100000","94",,"2","1","1200","420","11702.1276595745"
"2560637340","Morretes","UNIT","apartamento","880000","70",,"3","1","1000","500","12571.4285714286"
"2560637055","Morretes","UNIT","apartamento","1198000","70",,"2","1","1000","500","17114.2857142857"
"2563596201","Centro","UNIT","apartamento","2100000","135",,"4","2","1","1","15555.5555555556"
"2754712210","Alto S?o Bento","UNIT","apartamento","549000","60",,"1","1","0","0","9150"
"2759605154","Meia Praia","UNIT","apartamento","1640000","117",,"4","2","3000","1200","14017.094017094"
"2619803122","Meia Praia","UNIT","apartamento","1690000","146",,"1","3","100","0","11575.3424657534"
"2764220613","Andorinha","UNIT","comercial","2900000","97",,"0","1",,,"29896.9072164948"
"2566093293","Morretes","UNIT","casa","670000","90",,"3","1","1000",,"7444.44444444444"
"2476460689","Morretes","UNIT","apartamento","650000","69",,"2","1",,,"9420.28985507246"
"2753002161","Meia Praia","UNIT","apartamento","12500000","252",,"5","3",,,"49603.1746031746"
"2748436622","Centro","UNIT","apartamento","13045266","560",,"6","5",,"0","23295.1178571429"
"2562595802","Meia Praia","UNIT","apartamento","5500000","217",,"4","4",,,"25345.6221198157"
"2596877325","Morretes","UNIT","casa","899000","167",,"3","2","1000","0","5383.23353293413"
"2763195814","Centro","UNIT","apartamento","1600000","98",,"3","2","0",,"16326.5306122449"
"2656878340","Meia Praia","UNIT","apartamento","1099000","75",,"2","2","900","700","14653.3333333333"
"2764857006","Canto da Praia","UNIT","apartamento","1495000","100",,"4","2","0","0","14950"
"2765550314","Meia Praia","UNIT","apartamento","1150000","140",,"2","1","0","0","8214.28571428571"
"2561784419","Meia Praia","UNIT","apartamento","2150000","129",,"3","2",,,"16666.6666666667"
"2717750581","Meia Praia","UNIT","apartamento","1098000","115",,"4","2","1200","472","9547.82608695652"
"2644171671","Morretes","UNIT","comercial","400000","33",,"0","0",,,"12121.2121212121"
"2682115621","Morretes","UNIT","apartamento","548000","67",,"1","1","750","390","8179.10447761194"
"2560636979","Morretes","UNIT","casa","590000","90",,"3","2","0","0","6555.55555555556"
"2564768087","Morretes","UNIT","casa","670000","90",,"3","1","1000",,"7444.44444444444"
"2761579618","Andorinha","UNIT","apartamento","1500000","113",,"4","2",,,"13274.3362831858"
"2663051060","Morretes","UNIT","casa","520000","73",,"2","2","0","0","7123.28767123288"
"2759653146","Castelo Branco","UNIT","apartamento","700000","70",,"1","1","0","0","10000"
"2766852815","Meia Praia","UNIT","apartamento","1649800","157",,"5","4","2980","535","10508.2802547771"
"2689672648","Alto S?o Bento","UNIT","apartamento","500000","60",,"1","1","0","250","8333.33333333333"
"2764633725","Meia Praia","UNIT","apartamento","1100000","87",,"3","2","0","0","12643.6781609195"
"2760274279","Castelo Branco","UNIT","casa","1150000","250",,"2","3","650",,"4600"
"2678337794","Morretes","UNIT","apartamento","620000","70",,"2","2","500","300","8857.14285714286"
"2569300962","Centro","UNIT","apartamento","1219916","118",,"4","2",,,"10338.2711864407"
"2712055593","Centro","UNIT","apartamento","1000000","86",,"3","2","1200","410","11627.9069767442"
"2766852449","Andorinha","UNIT","apartamento","1690000","120",,"4","2","0","660","14083.3333333333"
"2769149731","Meia Praia","UNIT","apartamento","1150000","109",,"2","1",,,"10550.4587155963"
"2693915132","Morretes","UNIT","terreno","650000","288",,"0","0","300","0","2256.94444444444"
"2732555744","Morretes","UNIT","terreno","600000","315",,"0","0","500","0","1904.7619047619"
"2760224222","Andorinha","UNIT","casa","590000","89",,"3","2","900","0","6629.21348314607"
"2763648643","Morretes","UNIT","apartamento","735000","80",,"2","1",,"520","9187.5"
"2757814084","Morretes","UNIT","apartamento","932000","70",,"1","2","0","0","13314.2857142857"
"2564695386","Morretes","UNIT","casa","620000","88",,"3","2","500",,"7045.45454545455"
"2749758236","Centro","UNIT","apartamento","1490500","133",,"3","2",,,"11206.7669172932"
"2754860720","Casa Branca","UNIT","casa","5800000","300",,"5","2","2500","1600","19333.3333333333"
"2595763871","Andorinha","UNIT","apartamento","1200000","110",,"3","2",,,"10909.0909090909"
"2761051815","Morretes","UNIT","terreno","1500000","283",,"0","0","1000","0","5300.35335689046"
"2756629870","Centro","UNIT","apartamento","2800000","165",,"4","2","0","1000","16969.696969697"
"2765234316","Alto S?o Bento","UNIT","apartamento","400000","69",,"1","1","0","300","5797.10144927536"
"2726425070","Centro","UNIT","apartamento","8500000","200",,"5","3","0","0","42500"
"2638606372","Morretes","UNIT","apartamento","690000","100",,"2","1","630","360","6900"
"2737005441","Castelo Branco","UNIT","apartamento","799800","76",,"2","1","430","290","10523.6842105263"
"2677486908","Morretes","UNIT","apartamento","790000","68",,"3","2","500","350","11617.6470588235"
"2607162301","Morretes","UNIT","casa","750000","100",,"3","2","1000","0","7500"
"2714592115","Meia Praia","UNIT","apartamento","1350000","230",,"4","2","2100","650","5869.5652173913"
"2766851520","Centro","UNIT","apartamento","4599800","260",,"4","4","0","0","17691.5384615385"
"2761879921","Meia Praia","UNIT","apartamento","3090000","200",,"5","4",,,"15450"
"2664461018","Varzea","UNIT","apartamento","620000","65",,"2","1","800","300","9538.46153846154"
"2743922261","Meia Praia","UNIT","apartamento","1300000","157",,"2","1","0","665","8280.25477707006"
"2560637109","Morretes","UNIT","apartamento","900000","70",,"2","1","1000","300","12857.1428571429"
"2560637668","Morretes","UNIT","apartamento","580000","70",,"2","1","1000","350","8285.71428571429"
"2599989232","Castelo Branco","UNIT","apartamento","1290000","115",,"3","2",,,"11217.3913043478"
"2760158217","Centro","UNIT","apartamento","660000","61",,"2","1","1000","500","10819.6721311475"
"2754164490","Morretes","UNIT","apartamento","625652","62",,"2","1","1","0","10091.1612903226"
"2763978940","Meia Praia","UNIT","apartamento","6500000","202",,"5","3","205","1300","32178.2178217822"
"2762713814","Castelo Branco","UNIT","apartamento","1690000","118",,"3","2","1","1","14322.0338983051"
"2750149400","Meia Praia","UNIT","apartamento","1522000","128",,"4","2","0","0","11890.625"
"2656735521","Meia Praia","UNIT","apartamento","1990000","165",,"3","2",,"646","12060.6060606061"
"2769150313","Jardim Praia Mar","UNIT","apartamento","650000","64",,"2","1",,,"10156.25"
"2725058852","Centro","UNIT","comercial","5748800","505",,"5","5","0","0","11383.7623762376"
"2752927375","Meia Praia","UNIT","apartamento","12900000","179",,"5","4",,,"72067.0391061453"
"2609060710","Andorinha","UNIT","apartamento","1200000","126",,"4","2","0","650","9523.80952380952"
"2764635236","Meia Praia","UNIT","apartamento","780000","4005",,"1","1","0","0","194.756554307116"
"2764835848","Casa Branca","UNIT","apartamento","700000","70",,"2","1",,,"10000"
"2721777935","Morretes","UNIT","casa","1490000","116",,"1","2","0",,"12844.8275862069"
"2758499625","Morretes","UNIT","casa","759000","100",,"2","1","500","0","7590"
"2766854131","Meia Praia","UNIT","apartamento","849800","93",,"2","2","0","0","9137.63440860215"
"2766851929","Centro","UNIT","apartamento","1800000","197",,"4","3","0","270","9137.05583756345"
"2729460126","Meia Praia","UNIT","apartamento","1300000","200",,"1","1","0",,"6500"
"2572936107","Centro","UNIT","apartamento","1800000","139",,"3","2",,,"12949.6402877698"
"2514182410","Meia Praia","UNIT","apartamento","6333969","198",,"5","3","0",,"31989.7424242424"
"2699233574","Morretes","UNIT","apartamento","698000","70",,"2","7","1200","350","9971.42857142857"
"2660191963","Castelo Branco","UNIT","apartamento","1390000","256",,"4","2","800","500","5429.6875"
"2737453461","Castelo Branco","UNIT","apartamento","799500","76",,"2","1","520","250","10519.7368421053"
"2636326312","Andorinha","UNIT","apartamento","1090000","135",,"4","2","900","550","8074.07407407407"
"2755293826","Ilhota","UNIT","apartamento","4247440","190",,"4","1",,,"22354.9473684211"
"2744842544","Canto da Praia","UNIT","apartamento","1258000","87",,"3","2",,"500","14459.7701149425"
"2730737241","Meia Praia","UNIT","apartamento","1650000","165",,"2","2",,"470","10000"
"2560637036","Morretes","UNIT","apartamento","900000","70",,"2","1","1000","300","12857.1428571429"
"2701767295","Meia Praia","UNIT","apartamento","10642798","344",,"5","3",,,"30938.3662790698"
"2611243184","Andorinha","UNIT","apartamento","1200000","126",,"4","2","0","650","9523.80952380952"
"2690265792","Morretes","UNIT","apartamento","520000","70",,"2","2","1000","300","7428.57142857143"
"2702962205","Morretes","UNIT","casa","689900","72",,"3","1","500","0","9581.94444444445"
"2736814233","Castelo Branco","UNIT","apartamento","8935500","300",,"4","3","0","0","29785"
"2722032134","Canto da Praia","UNIT","apartamento","1490000","99",,"3","3","0",,"15050.5050505051"
"2582743410","Centro","UNIT","apartamento","1284716","92",,"3","1",,"0","13964.3043478261"
"2754748003","Meia Praia","UNIT","apartamento","16986694","427",,"7","4",,"0","39781.4847775176"
"2600613758","Meia Praia","UNIT","apartamento","2999000","152",,"5","3","0",,"19730.2631578947"
"2760097413","Centro","UNIT","apartamento","660000","61",,"2","1","1000","500","10819.6721311475"
"2684709393","Centro","UNIT","apartamento","16000000","714",,"8","5",,"0","22408.9635854342"
"2765359822","Castelo Branco","UNIT","apartamento","1700000","148",,"4","2","0","0","11486.4864864865"
"2760131037","Varzea","UNIT","apartamento","535000","67",,"2","1","0","0","7985.07462686567"
"2753354111","<vazio>","UNIT","apartamento","25000000","332",,"7","4",,,"75301.2048192771"
"2766852615","Meia Praia","UNIT","apartamento","906700","40",,"1","1","0","0","22667.5"
"2717661039","Castelo Branco","UNIT","apartamento","993000","130",,"2","1","1100","530","7638.46153846154"
"2678053098","Morretes","UNIT","apartamento","515000","66",,"2","0","500","300","7803.0303030303"
"2747191597","Andorinha","UNIT","apartamento","985000","102",,"2","1","638","445","9656.86274509804"
"2718871679","Meia Praia","UNIT","apartamento","1189000","110",,"2","2","1450","490","10809.0909090909"
"2760097340","Andorinha","UNIT","casa","590000","89",,"3","2","900","0","6629.21348314607"
"2753172975","Morretes","UNIT","terreno","625001","275",,"0","0","500","0","2272.73090909091"
"2730506074","Castelo Branco","UNIT","apartamento","944000","105",,"2","1","0","520","8990.47619047619"
"2766851940","Andorinha","UNIT","apartamento","1630800","118",,"4","3","0","710","13820.3389830508"
"2672624090","Meia Praia","UNIT","comercial","3800000","120",,"2","2","0",,"31666.6666666667"
"2758862554","Andorinha","UNIT","apartamento","1500000","128",,"3","2",,,"11718.75"
"2740881426","Morretes","UNIT","apartamento","625652","61",,"2","1","1","0","10256.5901639344"
"2767580179","Morretes","UNIT","apartamento","743400","70",,"2","1","100",,"10620"
"2726173836","Morretes","UNIT","apartamento","515000","66",,"2","1","500","350","7803.0303030303"
"2607785212","Andorinha","UNIT","apartamento","1570000","127",,"3","2",,,"12362.2047244094"
"2749668298","Centro","UNIT","apartamento","1850000","135",,"4","3","0","0","13703.7037037037"
"2761413524","Andorinha","UNIT","apartamento","1545000","112",,"4","2",,,"13794.6428571429"
"2565206320","Morretes","UNIT","apartamento","776000","70",,"2","1","500","300","11085.7142857143"
"2564773700","Morretes","UNIT","apartamento","665000","65",,"3","1","1000","500","10230.7692307692"
"2655980304","Meia Praia","UNIT","apartamento","1750000","180",,"4","3","1600","800","9722.22222222222"
"2705750109","Meia Praia","UNIT","apartamento","950000","90",,"1","1","980","550","10555.5555555556"
"2766851421","Meia Praia","UNIT","apartamento","1190000","96",,"4","1","0","320","12395.8333333333"
"2766853317","Meia Praia","UNIT","apartamento","1200000","96",,"3","2","0","0","12500"
"2740915784","Morretes","UNIT","apartamento","650000","60",,"2","1",,,"10833.3333333333"
"2728008591","Morretes","UNIT","apartamento","515000","65",,"2","1","500","350","7923.07692307692"
"2740138471","Tabuleiro dos Oliveiras","UNIT","terreno","14500000","11500",,"0","0","0","0","1260.86956521739"
"2747203598","Morretes","UNIT","comercial","598000","52",,"1","0","0","0","11500"
"2749760432","Ilhota","UNIT","apartamento","3558938","192",,"4","1","2200","1500","18536.1354166667"
"2761579516","Morretes","UNIT","comercial","1420405","81",,"1","0",,,"17535.8641975309"
"2726820434","Casa Branca","UNIT","terreno","2600000","1585",,"0","0","0","0","1640.3785488959"
"2593922657","Castelo Branco","UNIT","apartamento","990000","115",,"2","2",,,"8608.69565217391"
"2689593745","Morretes","UNIT","casa","890000","90",,"1","1",,,"9888.88888888889"
"2740008413","Meia Praia","UNIT","apartamento","7990000","337",,"5","3",,"0","23709.1988130564"
"2751721591","Centro","UNIT","apartamento","4998800","245",,"4","4","0","0","20403.2653061224"
"2761579221","Morretes","UNIT","comercial","748125","71",,"1","0",,,"10536.9718309859"
"2633691467","Tabuleiro dos Oliveiras","UNIT","apartamento","580000","65",,"2","1",,,"8923.07692307692"
"2562024797","Morretes","UNIT","apartamento","550000","70",,"1","1","500","300","7857.14285714286"
"2560637062","Morretes","UNIT","casa","570000","80",,"3","2","0","0","7125"
"2694444331","Morretes","UNIT","terreno","750000","288",,"0","0","500","0","2604.16666666667"
"2698360687","Morretes","UNIT","casa","450000","70",,"2","1","500","0","6428.57142857143"
"2746288397","Morretes","UNIT","casa","699000","100",,"3","2","500","0","6990"
"2708770867","Casa Branca","UNIT","casa","710000","139",,"3","2","0","0","5107.91366906475"
"2762948822","Andorinha","UNIT","apartamento","945000","105",,"2","1",,"420","9000"
"2600462959","Andorinha","UNIT","apartamento","1161284","106",,"3","2",,,"10955.5094339623"
"2764632182","Morretes","UNIT","apartamento","700000","67",,"3","1","0","385","10447.7611940299"
"2689597241","Morretes","UNIT","terreno","650000","288",,"0","0","300","0","2256.94444444444"
"2727575555","Morretes","UNIT","terreno","650000","297",,"0","0","500","0","2188.55218855219"
"2653999598","Meia Praia","UNIT","apartamento","980000","118",,"2","1","1000","500","8305.08474576271"
"2684702231","Meia Praia","UNIT","apartamento","1250000","164",,"2","2",,"0","7621.9512195122"
"2767583565","Varzea","UNIT","apartamento","634177","70",,"2","1","100",,"9059.67142857143"
"2691360766","Morretes","UNIT","casa","2300000","250",,"2","2","1000","0","9200"
"2684363244","Meia Praia","UNIT","apartamento","980000","130",,"2","1","1000","500","7538.46153846154"
"2764955330","Meia Praia","UNIT","apartamento","17073328","427",,"7","4","0","0","39984.37470726"
"2720069006","Meia Praia","UNIT","apartamento","1990000","121",,"1","2",,"470","16446.2809917355"
"2649179179","Castelo Branco","UNIT","apartamento","1450000","106",,"3","2",,,"13679.2452830189"
"2744006006","Meia Praia","UNIT","apartamento","7500000","260",,"4","4",,"0","28846.1538461538"
"2691236653","Centro","UNIT","apartamento","2200000","124",,"4","2","0","750","17741.935483871"
"2607163890","Morretes","UNIT","apartamento","862000","67",,"3","1","1000","350","12865.671641791"
"2690669775","Andorinha","UNIT","apartamento","950000","118",,"2","1","900","400","8050.84745762712"
"2655972756","Castelo Branco","UNIT","apartamento","949000","78",,"3","2","930","490","12166.6666666667"
"2717271346","Castelo Branco","UNIT","apartamento","798000","95",,"3","2","990","420","8400"
"2705721845","Morretes","UNIT","apartamento","650000","65",,"2","1","500","350","10000"
"2747203717","Morretes","UNIT","comercial","998000","93",,"1","0","0","0","10731.1827956989"
"2735168838","Morretes","UNIT","casa","869000","130",,"2","2",,,"6684.61538461538"
"2597534855","Centro","UNIT","apartamento","870000","120",,"2","1","1250","617","7250"
"2699371295","Meia Praia","UNIT","apartamento","4355000","222",,"5","3",,"0","19617.1171171171"
"2627473081","Morretes","UNIT","apartamento","776235","63",,"2","1","900","350","12321.1904761905"
"2560637321","Morretes","UNIT","apartamento","695000","70",,"2","1","1000","350","9928.57142857143"
"2560637379","Morretes","UNIT","apartamento","620001","74",,"2","1","500","300","8378.39189189189"
"2539435853","Andorinha","UNIT","apartamento","1420000","106",,"4","2","0","0","13396.2264150943"
"2688828019","Morretes","UNIT","terreno","900000","306",,"0","0",,"3","2941.17647058824"
"2763649142","Andorinha","UNIT","apartamento","1554000","135",,"4","1","15600","550","11511.1111111111"
"2678053907","Morretes","UNIT","apartamento","755770","68",,"3","1","1","1","11114.2647058824"
"2560636966","Morretes","UNIT","apartamento","550000","70",,"1","1","500","300","7857.14285714286"
"2768930018","Morretes","UNIT","apartamento","530000","70",,"2","1","480","275","7571.42857142857"
"2754169610","Morretes","UNIT","apartamento","626113","70",,"3","1","1","0","8944.47142857143"
"2752523301","Morretes","UNIT","apartamento","450000","60",,"1","1","1000","300","7500"
"2766852834","Castelo Branco","UNIT","apartamento","1416800","130",,"4","3","0","0","10898.4615384615"
"2694367481","Morretes","UNIT","casa","2300000","250",,"2","2","1000",,"9200"
"2738628652","Meia Praia","UNIT","apartamento","850000","145",,"2","0",,,"5862.06896551724"
"2661819986","Varzea","UNIT","casa","585000","120",,"2","2","600","0","4875"
"2737456215","Castelo Branco","UNIT","apartamento","735000","76",,"2","2","480","250","9671.05263157895"
"2699221291","Morretes","UNIT","casa","450000","70",,"2","1","500","0","6428.57142857143"
"2763649652","Morretes","UNIT","casa","743000","100",,"3","2",,"0","7430"
"2755511893","Andorinha","UNIT","apartamento","1459000","175",,"3","2",,,"8337.14285714286"
"2560636969","Morretes","UNIT","apartamento","580000","70",,"2","1","1000","350","8285.71428571429"
"2654177476","Meia Praia","UNIT","apartamento","2295000","145",,"4","3","0","0","15827.5862068966"
"2769196429","Morretes","UNIT","apartamento","386800","43",,"1","1",,,"8995.3488372093"
"2764633187","Meia Praia","UNIT","apartamento","950000","125",,"2","1","0","0","7600"
"2752516994","Morretes","UNIT","terreno","625000","275",,"0","0","500","0","2272.72727272727"
"2727636498","Andorinha","UNIT","apartamento","749000","70",,"1","1","680","496","10700"
"2609431997","Andorinha","UNIT","apartamento","1450000","123",,"4","2","1600","800","11788.6178861789"
"2592527426","Morretes","UNIT","apartamento","630000","66",,"2","1","900","300","9545.45454545455"
"2713657922","Meia Praia","UNIT","apartamento","1240000","130",,"3","2","0","0","9538.46153846154"
"2760910230","Centro","UNIT","apartamento","1595000","145",,"4","2","0","0","11000"
"2761877633","Canto da Praia","UNIT","apartamento","1380000","99",,"3","2",,,"13939.3939393939"
"2560637648","Morretes","UNIT","apartamento","929000","70",,"2","1","1000","350","13271.4285714286"
"2656894328","Jardim Praia Mar","UNIT","apartamento","749999","64",,"2","1","490","290","11718.734375"
"2702934583","Canto da Praia","UNIT","apartamento","1205000","99",,"4","2","0","0","12171.7171717172"
"2670956205","Meia Praia","UNIT","apartamento","16330000","427",,"7","4","0","0","38243.5597189696"
"2630707955","Meia Praia","UNIT","apartamento","2103000","119",,"4","3","1","1","17672.268907563"
"2574949088","Morretes","UNIT","apartamento","802000","70",,"2","0","1000","500","11457.1428571429"
"2700574679","Morretes","UNIT","terreno","650000","288",,"0","0","500","0","2256.94444444444"
"2560635244","Morretes","UNIT","apartamento","620000","74",,"2","1","500","300","8378.37837837838"
"2759058121","Andorinha","UNIT","apartamento","1187000","87",,"3","2","0","0","13643.6781609195"
"2564214078","Morretes","UNIT","casa","620000","88",,"3","2","500",,"7045.45454545455"
"2760155923","Andorinha","UNIT","casa","590000","89",,"3","2","900","0","6629.21348314607"
"2744007887","Centro","UNIT","apartamento","17500000","411",,"6","6",,"4500","42579.0754257908"
"2704377061","Centro","UNIT","apartamento","2300000","136",,"3","2","0",,"16911.7647058824"
"2582115359","Andorinha","UNIT","apartamento","1423000","124",,"4","2","1500","450","11475.8064516129"
"2761579818","Andorinha","UNIT","apartamento","1650000","113",,"4","2",,,"14601.7699115044"
"2766854829","Morretes","UNIT","apartamento","580400","70",,"2","1","0","0","8291.42857142857"
"2606210623","Meia Praia","UNIT","apartamento","1730000","151",,"3","2",,,"11456.9536423841"
"2680691196","Meia Praia","UNIT","apartamento","4257434","178",,"5","3","0",,"23918.1685393258"
"2564696097","Morretes","UNIT","casa","590000","90",,"3","2","500","0","6555.55555555556"
"2612506536","Meia Praia","UNIT","apartamento","1229000","101",,"3","2","1600","800","12168.3168316832"
"2651932982","Andorinha","UNIT","casa","1426000","124",,"4","2","0","0","11500"
"2666863325","Meia Praia","UNIT","apartamento","1399900","164",,"3","2","1500","478","8535.9756097561"
"2759743179","Meia Praia","UNIT","apartamento","970000","40",,"1","1",,,"24250"
"2560636980","Morretes","UNIT","apartamento","580000","70",,"2","1","1000","350","8285.71428571429"
"2577677764","Meia Praia","UNIT","apartamento","2965355","153",,"4","3",,,"19381.4052287582"
"2596607335","Meia Praia","UNIT","apartamento","1900000","163",,"3","3","0","0","11656.4417177914"
"2764630759","Castelo Branco","UNIT","apartamento","980000","129",,"2","1","0","0","7596.8992248062"
"2666560228","Morretes","UNIT","apartamento","750000","67",,"2","1",,,"11194.0298507463"
"2561691788","Morretes","UNIT","apartamento","620000","74",,"2","1","500","300","8378.37837837838"
"2715146667","Centro","UNIT","apartamento","8499000","494",,"5","3","150","499","17204.4534412955"
"2764635228","Meia Praia","UNIT","apartamento","965000","96",,"4","1","0","0","10052.0833333333"
"2764631080","Meia Praia","UNIT","apartamento","1480000","124",,"4","2","0","530","11935.4838709677"
"2765062145","Canto da Praia","UNIT","casa","5841023","377",,"1","4","100","0","15493.4297082228"
"2687527721","Meia Praia","UNIT","apartamento","5950000","185",,"4","3","0",,"32162.1621621622"
"2747202339","Andorinha","UNIT","comercial","1500000","90",,"1","1","0","0","16666.6666666667"
"2764895214","Itapema","UNIT","apartamento","649895","69",,"3","2","0","0","9418.76811594203"
"2720090692","Centro","UNIT","apartamento","1380000","100",,"1","2",,"470","13800"
"2696126805","Morretes","UNIT","terreno","650000","288",,"0","0",,"0","2256.94444444444"
"2761579716","Canto da Praia","UNIT","apartamento","1490000","101",,"3","3",,,"14752.4752475248"
"2635956653","Meia Praia","UNIT","apartamento","1599000","122",,"3","2","0",,"13106.5573770492"
"2708352406","Andorinha","UNIT","apartamento","2790000","247",,"5","2",,,"11295.5465587045"
"2738890450","Castelo Branco","UNIT","casa","3500000","219",,"3","3",,,"15981.7351598174"
"2703666576","Meia Praia","UNIT","apartamento","1200000","130",,"2","1",,,"9230.76923076923"
"2749355031","Castelo Branco","UNIT","apartamento","700000","78",,"2","1","400","450","8974.35897435897"
"2738894040","Morretes","UNIT","casa","790000","114",,"2","1",,,"6929.82456140351"
"2560637398","Morretes","UNIT","apartamento","695000","70",,"2","1","1000","350","9928.57142857143"
"2766854716","Andorinha","UNIT","apartamento","1085800","90",,"4","2","0","0","12064.4444444444"
"2677489302","Morretes","UNIT","casa","750000","117",,"3","1","500",,"6410.25641025641"
"2713237209","Castelo Branco","UNIT","apartamento","925000","109",,"2","1","150","499","8486.23853211009"
"2749874117","Varzea","UNIT","apartamento","650000","68",,"3","1","1000","348","9558.82352941176"
"2761578123","Morretes","UNIT","comercial","974085","92",,"1","0",,,"10587.8804347826"
"2560637617","Morretes","UNIT","apartamento","723000","70",,"2","1","500","300","10328.5714285714"
"2748803916","Tabuleiro dos Oliveiras","UNIT","apartamento","649000","70",,"2","1",,,"9271.42857142857"
"2762266623","Morretes","UNIT","apartamento","641000","70",,"3","1","0","0","9157.14285714286"
"2767583141","Alto S?o Bento","UNIT","apartamento","465000","53",,"1","1","100",,"8773.58490566038"
"2764673629","Morretes","UNIT","apartamento","709000","62",,"3","1","0","0","11435.4838709677"
"2681769098","Morretes","UNIT","apartamento","515000","66",,"2","1","500","300","7803.0303030303"
"2761878143","Morretes","UNIT","apartamento","1050000","69",,"3","1",,,"15217.3913043478"
"2610229188","Morretes","UNIT","terreno","1200000","504",,"0","0","0","0","2380.95238095238"
"2662034417","Morretes","UNIT","apartamento","630000","70",,"3","1","700","350","9000"
"2708476542","Casa Branca","UNIT","casa","695000","146",,"3","2","0","0","4760.27397260274"
"2766853941","Meia Praia","UNIT","apartamento","14809800","427",,"6","4","0","0","34683.3723653396"
"2679793398","<vazio>","UNIT","apartamento","1600000","300",,"5","2",,,"5333.33333333333"
"2763413013","Meia Praia","UNIT","comercial","2350000","120",,"1","1",,,"19583.3333333333"
"2560059976","Meia Praia","UNIT","apartamento","1629523","147",,"4","3",,,"11085.1904761905"
"2626576215","Meia Praia","UNIT","apartamento","2199000","143",,"4","3","0","0","15377.6223776224"
"2723208494","Castelo Branco","UNIT","apartamento","980000","114",,"2","1",,,"8596.49122807018"
"2582079670","Morretes","UNIT","apartamento","600000","70",,"3","1","1000","299","8571.42857142857"
"2733667896","Canto da Praia","UNIT","casa","2100000","199",,"4","3","0","0","10552.7638190955"
"2595154883","Ilhota","UNIT","apartamento","2003320","146",,"4","1","1800","900","13721.3698630137"
"2694728748","Morretes","UNIT","terreno","650001","288",,"0","0","500","0","2256.94791666667"
"2603797093","Meia Praia","UNIT","apartamento","1690000","98",,"3","2",,,"17244.8979591837"
"2747933634","Morretes","UNIT","apartamento","450000","70",,"2","1","750","300","6428.57142857143"
"2764633041","Andorinha","UNIT","apartamento","780000","81",,"3","1","0","461","9629.62962962963"
"2574943870","Morretes","UNIT","casa","849000","98",,"3","1","500",,"8663.26530612245"
"2749490525","Andorinha","UNIT","apartamento","945000","94",,"3","1",,,"10053.1914893617"
"2681788952","Morretes","UNIT","casa","750000","117",,"3","1","500",,"6410.25641025641"
"2646969738","Morretes","UNIT","apartamento","450000","70",,"1","1","100","250","6428.57142857143"
"2625616520","Meia Praia","UNIT","apartamento","756000","40",,"1","1","0","0","18900"
"2593150624","Morretes","UNIT","casa","680000","98",,"2","2","0",,"6938.77551020408"
"2749767107","Ilhota","UNIT","apartamento","2278125","148",,"3","1","1800","800","15392.7364864865"
"2764895317","Andorinha","UNIT","apartamento","595000","45",,"1","1","0","0","13222.2222222222"
"2666619211","Andorinha","UNIT","casa","18370000","813",,"5","6","0","905","22595.3259532595"
"2560059693","Meia Praia","UNIT","apartamento","2091732","160",,"4","3",,,"13073.325"
"2716787231","Meia Praia","UNIT","apartamento","3536226","250",,"6","3",,,"14144.904"
"2683040995","Castelo Branco","UNIT","apartamento","2400000","137",,"4","0",,,"17518.2481751825"
"2728521317","Castelo Branco","UNIT","apartamento","1220000","100",,"2","2",,,"12200"
"2596614287","Morretes","UNIT","apartamento","750000","68",,"3","1","800","350","11029.4117647059"
"2765778439","Meia Praia","UNIT","comercial","700000","48",,"1","1",,,"14583.3333333333"
"2698138394","Canto da Praia","UNIT","apartamento","2040000","120",,"3","3",,,"17000"
"2723972240","Ilhota","UNIT","casa","21000000","856",,"4","0","11000","2500","24532.7102803738"
"2751840293","Meia Praia","UNIT","apartamento","1007000","81",,"2","2",,,"12432.0987654321"
"2758885919","Meia Praia","UNIT","comercial","1550000","169",,"2","1",,"1200","9171.59763313609"
"2699373679","Castelo Branco","UNIT","apartamento","1500000","157",,"6","2",,"0","9554.14012738853"
"2711062503","Centro","UNIT","apartamento","4950000","142",,"4","3",,,"34859.1549295775"
"2765017664","Ilhota","UNIT","apartamento","2630000","146",,"5","0","0","0","18013.698630137"
"2749867730","Morretes","UNIT","casa","759000","100",,"2","1","500","0","7590"
"2729660365","Centro","UNIT","apartamento","960000","40",,"1","0",,,"24000"
"2747202342","Varzea","UNIT","terreno","3300000","2100",,"1","0","0","0","1571.42857142857"
"2766852230","Meia Praia","UNIT","apartamento","1598800","160",,"4","3","4720","868","9992.5"
"2766852131","Centro","UNIT","apartamento","1269800","167",,"4","2","0","0","7603.59281437126"
"2766852724","Meia Praia","UNIT","apartamento","2650000","260",,"4","2","0","0","10192.3076923077"
"2554910917","Morretes","UNIT","casa","870000","170",,"1","3","0","0","5117.64705882353"
"2646969728","Morretes","UNIT","apartamento","650000","72",,"1","1","850","220","9027.77777777778"
"2720557037","Morretes","UNIT","apartamento","890919","70",,"3","1","1","1","12727.4142857143"
"2625815389","Morretes","UNIT","casa","1260000","190",,"1","3","0","0","6631.57894736842"
"2749335218","Meia Praia","UNIT","apartamento","8000000","344",,"6","4","600","1500","23255.8139534884"
"2564619313","Morretes","UNIT","apartamento","620000","70",,"2","2","500","300","8857.14285714286"
"2767580178","Ilhota","UNIT","terreno","1200000","600",,"0","0","100",,"2000"
"2726055654","Morretes","UNIT","casa","1300000","110",,"1","1","0",,"11818.1818181818"
"2763563119","Meia Praia","UNIT","casa","1200000","126",,"3","1","3500","0","9523.80952380952"
"2606214974","Meia Praia","UNIT","apartamento","1160000","122",,"3","2",,,"9508.19672131147"
"2740205521","Casa Branca","UNIT","terreno","595000","300",,"0","0","0","0","1983.33333333333"
"2569914800","Meia Praia","UNIT","apartamento","2160000","209",,"5","3",,,"10334.9282296651"
"2615167900","Casa Branca","UNIT","casa","9000000","440",,"4","5","3210","1514","20454.5454545455"
"2658046830","Meia Praia","UNIT","apartamento","2491446","160",,"4","3","0",,"15571.5375"
"2766851228","Centro","UNIT","apartamento","6499800","290",,"5","4","0","0","22413.1034482759"
"2718962560","Morretes","UNIT","terreno","3750000","1389",,"0","0","2000","0","2699.78401727862"
"2761446951","Meia Praia","UNIT","apartamento","2230000","129",,"3","2",,"560","17286.8217054264"
"2727767033","Meia Praia","UNIT","apartamento","1698800","111",,"4","2",,,"15304.5045045045"
"2739055930","Centro","UNIT","apartamento","2490000","162",,"2","2","110","1000","15370.3703703704"
"2560637746","Morretes","UNIT","apartamento","723000","70",,"2","1","500","300","10328.5714285714"
"2754481258","Meia Praia","UNIT","comercial","6700000","408",,"1","0","0",,"16421.568627451"
"2689583420","Morretes","UNIT","terreno","650000","283",,"0","0","300","0","2296.81978798587"
"2595523356","Canto da Praia","UNIT","apartamento","2195000","100",,"2","2","0","0","21950"
"2754745452","Morretes","UNIT","comercial","2180000","92",,"1","1",,"0","23695.652173913"
"2608601376","Meia Praia","UNIT","apartamento","1149000","117",,"2","2","0","0","9820.51282051282"
"2761666519","Ilhota","UNIT","terreno","6500000","490",,"0","0","0","0","13265.306122449"
"2761598838","Centro","UNIT","apartamento","1695000","133",,"4","2",,,"12744.3609022556"
"2541352188","Meia Praia","UNIT","apartamento","1750000","116",,"4","2","0","0","15086.2068965517"
"2656863683","Meia Praia","UNIT","apartamento","1600000","130",,"3","3","2000","577","12307.6923076923"
"2563579258","Morretes","UNIT","casa","590000","90",,"3","2","600","0","6555.55555555556"
"2709207048","Andorinha","UNIT","apartamento","1060000","195",,"4","1",,,"5435.89743589744"
"2763195521","Andorinha","UNIT","apartamento","1390000","104",,"4","2",,,"13365.3846153846"
"2602454378","Meia Praia","UNIT","apartamento","1100000","120",,"4","2","1800","450","9166.66666666667"
"2569457603","Meia Praia","UNIT","apartamento","1600000","114",,"4","2",,,"14035.0877192982"
"2565061139","Morretes","UNIT","casa","699000","100",,"3","2","500",,"6990"
"2752392995","Meia Praia","UNIT","apartamento","3200000","157",,"1","4","3800","890","20382.1656050955"
"2545660842","Andorinha","UNIT","apartamento","1200000","119",,"4","2",,,"10084.0336134454"
"2728071806","Morretes","UNIT","terreno","3750000","1389",,"0","0","2000","0","2699.78401727862"
"2754745141","Meia Praia","UNIT","comercial","2670000","154",,"1","1",,"0","17337.6623376623"
"2609063279","Meia Praia","UNIT","apartamento","2500000","165",,"4","3","0","650","15151.5151515152"
"2749226936","Andorinha","UNIT","apartamento","1167948","106",,"4","2",,,"11018.3773584906"
"2702798387","Castelo Branco","UNIT","apartamento","1180000","121",,"2","2","0","500","9752.06611570248"
"2766852231","Canto da Praia","UNIT","terreno","39499800","3400",,"0","0","0","0","11617.5882352941"
"2560637298","Morretes","UNIT","apartamento","750000","70",,"2","1","500","350","10714.2857142857"
"2768626025","Meia Praia","UNIT","apartamento","1452465","115",,"3","2","0",,"12630.1304347826"
"2566095156","Morretes","UNIT","casa","699000","100",,"3","2","500",,"6990"
"2711101698","Morretes","UNIT","casa","480000","65",,"2","2","500","0","7384.61538461538"
"2750508025","Morretes","UNIT","casa","1190000","150",,"3","4","1000","0","7933.33333333333"
"2690222332","Meia Praia","UNIT","apartamento","1599000","132",,"2","4",,"500","12113.6363636364"
"2744978796","Morretes","UNIT","apartamento","585000","70",,"2","1","900","350","8357.14285714286"
"2720047033","Meia Praia","UNIT","apartamento","1190000","110",,"2","2",,"470","10818.1818181818"
"2560637603","Morretes","UNIT","casa","477000","68",,"2","1","1000","0","7014.70588235294"
"2562206883","Morretes","UNIT","casa","620000","88",,"3","2","500",,"7045.45454545455"
"2761880121","Meia Praia","UNIT","apartamento","1400000","96",,"3","2",,,"14583.3333333333"
"2762643152","Casa Branca","UNIT","apartamento","624000","70",,"2","1",,,"8914.28571428571"
"2763992914","Morretes","UNIT","apartamento","550000","66",,"3","1",,,"8333.33333333333"
"2765584527","Andorinha","UNIT","apartamento","1611795","110",,"3","2",,,"14652.6818181818"
"2560637720","Morretes","UNIT","casa","780000","100",,"3","2","1000","0","7800"
"2560637233","Morretes","UNIT","apartamento","710001","70",,"2","1","500","300","10142.8714285714"
"2719547969","Alto S?o Bento","UNIT","terreno","750000","600",,"0","0","0","0","1250"
"2635411581","Meia Praia","UNIT","apartamento","1835000","142",,"4","2","890","400","12922.5352112676"
"2720725335","Centro","UNIT","apartamento","1695000","133",,"2","2",,,"12744.3609022556"
"2761331992","Centro","UNIT","apartamento","1959000","150",,"5","2",,,"13060"
"2730700913","Andorinha","UNIT","apartamento","1700000","118",,"4","2",,,"14406.7796610169"
"2726600575","Meia Praia","UNIT","apartamento","1990000","121",,"4","2",,,"16446.2809917355"
"2656875472","Castelo Branco","UNIT","apartamento","949000","80",,"3","2","850","490","11862.5"
"2769032456","Meia Praia","UNIT","casa","990000","210",,"5","3","0","0","4714.28571428571"
"2766853326","Meia Praia","UNIT","apartamento","959260","101",,"2","2","0","0","9497.62376237624"
"2720362604","Meia Praia","UNIT","apartamento","1690000","120",,"4","2",,"600","14083.3333333333"
"2560637056","Morretes","UNIT","apartamento","750000","70",,"2","1","500","350","10714.2857142857"
"2671069030","Meia Praia","UNIT","apartamento","1890000","138",,"4","2","0",,"13695.652173913"
"2726560533","Meia Praia","UNIT","apartamento","1099000","110",,"4","2","1100","560","9990.90909090909"
"2682067697","Morretes","UNIT","terreno","650000","283",,"0","0","300","0","2296.81978798587"
"2597559855","Morretes","UNIT","apartamento","770000","70",,"2","1","900","350","11000"
"2743466361","Morretes","UNIT","apartamento","550000","70",,"2","1","1","1","7857.14285714286"
"2764631269","Meia Praia","UNIT","apartamento","1250000","120",,"4","2","0","0","10416.6666666667"
"2560637218","Morretes","UNIT","apartamento","723000","70",,"2","1","500","300","10328.5714285714"
"2706476419","Castelo Branco","UNIT","apartamento","650000","75",,"1","1","750","300","8666.66666666667"
"2767581465","Casa Branca","UNIT","apartamento","742000","70",,"3","2","100",,"10600"
"2564695181","Morretes","UNIT","apartamento","620000","70",,"2","2","500","300","8857.14285714286"
"2717826537","Andorinha","UNIT","apartamento","699000","90",,"2","1",,,"7766.66666666667"
"2715164805","Meia Praia","UNIT","apartamento","1761194","139",,"4","2","0","0","12670.4604316547"
"2753565393","<vazio>","UNIT","apartamento","537000","71",,"3","1",,"0","7563.38028169014"
"2724142342","Ilhota","UNIT","apartamento","2845125","154",,"5","3",,,"18474.8376623377"
"2560637380","Morretes","UNIT","apartamento","723000","70",,"2","1","500","300","10328.5714285714"
"2560637137","Morretes","UNIT","apartamento","1198000","70",,"2","1","1000","500","17114.2857142857"
"2761879617","Meia Praia","UNIT","apartamento","3995000","1795",,"5","2",,,"2225.62674094708"
"2705887862","Ilhota","UNIT","apartamento","4703165","194",,"5","4",,,"24243.118556701"
"2689321422","Andorinha","UNIT","apartamento","1095000","115",,"4","2","950","470","9521.73913043478"
"2765064429","Ilhota","UNIT","casa","14950000","574",,"1","3","100","0","26045.2961672474"
"2763098855","Meia Praia","UNIT","apartamento","1350000","130",,"4","2","0","0","10384.6153846154"
"2689040524","Centro","UNIT","apartamento","12500000","411",,"5","4","0","0","30413.6253041363"
"2728007452","Morretes","UNIT","terreno","650000","297",,"0","0","500","0","2188.55218855219"
"2621046873","Meia Praia","UNIT","comercial","1500000","139",,"1","1","0",,"10791.3669064748"
"2752317899","Meia Praia","UNIT","apartamento","1069000","186",,"3","2",,,"5747.31182795699"
"2726561637","Andorinha","UNIT","apartamento","1098000","115",,"4","2","1150","555","9547.82608695652"
"2562405409","Morretes","UNIT","casa","620000","88",,"3","2","500","0","7045.45454545455"
"2613024043","Andorinha","UNIT","apartamento","2210000","169",,"4","3",,,"13076.9230769231"
"2763649238","Morretes","UNIT","apartamento","750000","69",,"2","1","10200","386","10869.5652173913"
"2761880118","Castelo Branco","UNIT","apartamento","12000000","523",,"6","2",,,"22944.5506692161"
"2761878726","Castelo Branco","UNIT","apartamento","1650000","140",,"4","2",,,"11785.7142857143"
"2729034623","Morretes","UNIT","comercial","998000","93",,"0","0",,"998000","10731.1827956989"
"2737455827","Castelo Branco","UNIT","apartamento","750000","76",,"2","1","480","250","9868.42105263158"
"2764633232","Meia Praia","UNIT","apartamento","2200000","140",,"4","3","0","0","15714.2857142857"
"2565064146","Morretes","UNIT","casa","590000","90",,"3","2","500","0","6555.55555555556"
"2730744015","Meia Praia","UNIT","apartamento","2450000","137",,"4","3",,,"17883.2116788321"
"2560637517","Morretes","UNIT","apartamento","695000","70",,"2","1","1000","350","9928.57142857143"
"2560636982","Morretes","UNIT","casa","550000","90",,"3","2","0","0","6111.11111111111"
"2657185165","Andorinha","UNIT","apartamento","935840","84",,"3","2","950","495","11140.9523809524"
"2749534294","Jardim Praia Mar","UNIT","apartamento","640640","70",,"2","1","800","400","9152"
"2758557125","Meia Praia","UNIT","apartamento","900000","98",,"2","1","650","385","9183.67346938776"
"2758287618","Ilhota","UNIT","casa","20000900","1635",,"8","10",,"1800","12232.9663608563"
"2754746516","Meia Praia","UNIT","apartamento","6264860","198",,"5","3",,"0","31640.7070707071"
"2759433251","Meia Praia","UNIT","comercial","1170000","80",,"1","1","0",,"14625"
"2560637506","Morretes","UNIT","apartamento","723000","70",,"2","1","500","300","10328.5714285714"
"2764631860","Centro","UNIT","apartamento","2500000","135",,"4","3","0","0","18518.5185185185"
"2761579514","Meia Praia","UNIT","apartamento","12970000","252",,"5","3",,,"51468.253968254"
"2761932292","Andorinha","UNIT","apartamento","1450000","115",,"4","2",,,"12608.6956521739"
"2754146101","Morretes","UNIT","apartamento","568000","69",,"3","1","950","350","8231.88405797101"
"2562219663","Morretes","UNIT","apartamento","630000","80",,"2","1","0","300","7875"
"2763508235","Jardim Praia Mar","UNIT","apartamento","699400","70",,"3","1",,,"9991.42857142857"
"2560637345","Morretes","UNIT","apartamento","710000","70",,"2","1","500","300","10142.8571428571"
"2768348571","Morretes","UNIT","terreno","5200000","1200",,"0","0","2000","0","4333.33333333333"
"2694434718","Morretes","UNIT","terreno","630000","283",,"0","0","500","0","2226.14840989399"
"2602920069","Castelo Branco","UNIT","apartamento","3799000","266",,"5","4","0","0","14281.954887218"
"2560060082","Casa Branca","UNIT","apartamento","709000","70",,"2","2",,,"10128.5714285714"
"2765297919","Andorinha","UNIT","apartamento","1545000","112",,"4","2","0","0","13794.6428571429"
"2671308648","Varzea","UNIT","terreno","3300000","2145",,"0","0","0",,"1538.46153846154"
"2752513113","Morretes","UNIT","apartamento","420000","60",,"1","1","1000","300","7000"
"2703202873","Morretes","UNIT","terreno","850000","270",,"0","0",,,"3148.14814814815"
"2563928779","Morretes","UNIT","casa","450001","70",,"2","1","500",,"6428.58571428571"
"2766854623","Casa Branca","UNIT","casa","8000800","440",,"4","5","3000","1200","18183.6363636364"
"2763749061","Morretes","UNIT","apartamento","998000","93",,"3","2","950","549","10731.1827956989"
"2684945199","Castelo Branco","UNIT","apartamento","990000","95",,"2","2","990","490","10421.0526315789"
"2623280719","Meia Praia","UNIT","apartamento","850000","128",,"2","1","650","520","6640.625"
"2541759773","Meia Praia","UNIT","apartamento","1361000","93",,"4","2","0","0","14634.4086021505"
"2645187005","Morretes","UNIT","terreno","650000","264",,"0","0","300","0","2462.12121212121"
"2763648952","Morretes","UNIT","casa","800000","92",,"3","2","7464","0","8695.65217391304"
"2591650425","Meia Praia","UNIT","apartamento","1180000","122",,"3","2","1500","470","9672.13114754098"
"2754748107","Meia Praia","UNIT","comercial","1562500","104",,"1","0",,"0","15024.0384615385"
"2754748194","Morretes","UNIT","comercial","1226500","122",,"1","0",,"0","10053.2786885246"
"2564209350","Meia Praia","UNIT","apartamento","2260000","142",,"4","3","0","0","15915.4929577465"
"2699266734","Morretes","UNIT","apartamento","580000","70",,"2","1",,"400","8285.71428571429"
"2565059371","Morretes","UNIT","apartamento","620000","70",,"2","2","500","300","8857.14285714286"
"2751138502","Meia Praia","UNIT","apartamento","20888000","483",,"6","5",,,"43246.3768115942"
"2560059303","Morretes","UNIT","casa","799000","167",,"3","2",,,"4784.43113772455"
"2581736932","Morretes","UNIT","apartamento","618000","70",,"3","1","1000","300","8828.57142857143"
"2761666714","Ilhota","UNIT","terreno","7000000","450",,"0","0","0","0","15555.5555555556"
"2716658735","Centro","UNIT","apartamento","600000","28",,"1","1",,,"21428.5714285714"
"2769042317","Tabuleiro dos Oliveiras","UNIT","casa","900000","220",,"4","2","0","0","4090.90909090909"
"2560637718","Morretes","UNIT","casa","750000","114",,"3","2","1000","0","6578.94736842105"
"2688748924","Morretes","UNIT","casa","419000","52",,"1","1","500","0","8057.69230769231"
"2662161921","Morretes","UNIT","apartamento","450000","111",,"2","1","600","350","4054.05405405405"
"2569302095","Alto S?o Bento","UNIT","apartamento","570000","69",,"3","1",,,"8260.86956521739"
"2564215473","Morretes","UNIT","casa","590000","90",,"3","2","600","0","6555.55555555556"
"2764349422","Morretes","UNIT","apartamento","790000","89",,"2","0",,,"8876.40449438202"
"2756468359","Meia Praia","UNIT","apartamento","9000000","725",,"5","3",,"3004","12413.7931034483"
"2708158503","Casa Branca","UNIT","casa","490000","76",,"2","2",,,"6447.36842105263"
"2749989006","Sert?o do Trombudo","UNIT","terreno","380000","265",,"0","0",,,"1433.96226415094"
"2671184448","Morretes","UNIT","casa","539900","98",,"3","1","500","0","5509.18367346939"
"2560637098","Morretes","UNIT","casa","780000","100",,"3","2","0","0","7800"
"2729035141","Morretes","UNIT","comercial","598000","52",,"0","0",,,"11500"
"2735169425","Morretes","UNIT","casa","750000","97",,"2","2",,,"7731.9587628866"
"2760097339","Centro","UNIT","apartamento","650000","60",,"2","1","1200","500","10833.3333333333"
"2534694618","Meia Praia","UNIT","comercial","700000","81",,"1","1","0",,"8641.97530864198"
"2675439609","Casa Branca","UNIT","casa","3490000","251",,"5","4","0","0","13904.3824701195"
"2565205730","Morretes","UNIT","apartamento","665000","70",,"3","1","1000","500","9500"
"2677488112","Morretes","UNIT","casa","539900","98",,"3","1","500","0","5509.18367346939"
"2754746761","Canto da Praia","UNIT","casa","5193041","271",,"4","2",,"0","19162.5129151292"
"2761904029","Meia Praia","UNIT","apartamento","1600000","124",,"3","2",,,"12903.2258064516"
"2684947318","Castelo Branco","UNIT","apartamento","950000","93",,"2","2","990","490","10215.0537634409"
"2458580783","Centro","UNIT","apartamento","13702260","200",,"5","3","0","0","68511.3"
"2458579201","Centro","UNIT","apartamento","14194800","297",,"5","3","0","0","47793.9393939394"
"2752618523","Morretes","UNIT","casa","849000","130",,"3","3","700",,"6530.76923076923"
"2765063379","Ilhota","UNIT","casa","18370000","811",,"1","6","100","905","22651.0480887793"
"2764633839","Jardim Praia Mar","UNIT","apartamento","449000","4161",,"1","1","0","0","107.906753184331"
"2649304059","Morretes","UNIT","casa","1499000","200",,"2","2",,"0","7495"
"2744015179","Meia Praia","UNIT","apartamento","1300000","129",,"3","2",,,"10077.519379845"
"2607166584","Morretes","UNIT","apartamento","684000","68",,"2","1","1000","350","10058.8235294118"
"2735334827","Morretes","UNIT","casa","779000","128",,"2","2",,,"6085.9375"
"2564196407","Morretes","UNIT","apartamento","776000","70",,"2","1","500","300","11085.7142857143"
"2723101321","Morretes","UNIT","apartamento","604500","69",,"2","1","0","0","8760.86956521739"
"2764040616","Andorinha","UNIT","apartamento","1100000","83",,"2","2",,,"13253.0120481928"
"2682082693","Morretes","UNIT","terreno","650000","264",,"0","0","300","0","2462.12121212121"
"2735689114","Castelo Branco","UNIT","apartamento","1500000","150",,"3","2","1200","500","10000"
"2511793025","Varzea","UNIT","apartamento","630000","70",,"2","1","0",,"9000"
"2628048892","Morretes","UNIT","apartamento","1100000","118",,"3","2","0","0","9322.03389830508"
"2760221726","Centro","UNIT","apartamento","650000","60",,"2","1","1200","500","10833.3333333333"
"2723560696","Morretes","UNIT","apartamento","630000","70",,"2","1",,,"9000"
"2736302181","Canto da Praia","UNIT","apartamento","900000","54",,"1","1","100","700","16666.6666666667"
"2736303915","Canto da Praia","UNIT","apartamento","800000","50",,"1","1","100","700","16000"
"2596047182","Meia Praia","UNIT","apartamento","735000","84",,"2","1","700","360","8750"
"2766852318","Casa Branca","UNIT","casa","4199800","400",,"5","2","0","1000","10499.5"
"2723963965","Morretes","UNIT","terreno","699000","400",,"0","0","500","0","1747.5"
"2692571253","Meia Praia","UNIT","apartamento","630000","70",,"1","1",,"0","9000"
"2749888251","Canto da Praia","UNIT","apartamento","13500000","457",,"5","4","1","1","29540.4814004376"
"2765883927","Andorinha","UNIT","apartamento","8718723","66585",,"6","4","0","0","130.941248028835"
"2736815118","Ilhota","UNIT","apartamento","8985500","389",,"5","4","0","0","23098.971722365"
"2764957717","Tabuleiro dos Oliveiras","UNIT","apartamento","709000","86",,"2","1",,,"8244.18604651163"
"2764730917","Morretes","UNIT","casa","799000","93",,"3","1","0",,"8591.39784946237"
"2762833031","Morretes","UNIT","casa","759000","100",,"2","1","1000","0","7590"
"2729536463","Morretes","UNIT","apartamento","461000","70",,"1","1",,"370","6585.71428571429"
"2754950715","Meia Praia","UNIT","apartamento","1698000","131",,"3","2",,,"12961.8320610687"
"2727576098","Centro","UNIT","apartamento","10959000","320",,"5","5","0","0","34246.875"
"2711436203","Morretes","UNIT","terreno","1200000","252",,"0","0","1000","0","4761.90476190476"
"2726980037","Castelo Branco","UNIT","apartamento","1300000","117",,"4","2",,"600","11111.1111111111"
"2754747737","Ilhota","UNIT","apartamento","2740331","136",,"4","3",,"0","20149.4926470588"
"2597750183","Morretes","UNIT","apartamento","650001","69",,"2","1","1000","350","9420.30434782609"
"2744439495","Meia Praia","UNIT","apartamento","1250000","123",,"4","2",,,"10162.6016260163"
"2763088931","Centro","UNIT","apartamento","1500000","116",,"4","2",,,"12931.0344827586"
"2757764824","Morretes","UNIT","casa","1050000","120",,"3","3","0",,"8750"
"2560637099","Morretes","UNIT","casa","584001","74",,"2","2","1000","0","7891.9054054054"
"2730508439","Castelo Branco","UNIT","apartamento","1517000","132",,"3","2","0","600","11492.4242424242"
"2766853420","Centro","UNIT","apartamento","10500000","411",,"6","4","0","0","25547.4452554745"
"2694435475","Morretes","UNIT","casa","419000","52",,"1","1","500","0","8057.69230769231"
"2761879622","Meia Praia","UNIT","apartamento","1590000","129",,"4","2",,,"12325.5813953488"
"2694376912","Morretes","UNIT","casa","550000","85",,"3","2","600","0","6470.58823529412"
"2658958779","Sert?o do Trombudo","UNIT","casa","2680000","270",,"3","5",,"0","9925.92592592593"
"2723209707","Andorinha","UNIT","apartamento","1450000","126",,"3","2",,"550","11507.9365079365"
"2675050830","Casa Branca","UNIT","apartamento","560000","68",,"3","1","700","360","8235.29411764706"
"2724470330","Morretes","UNIT","apartamento","436000","41",,"1","1",,,"10634.1463414634"
"2618844406","Tabuleiro dos Oliveiras","UNIT","apartamento","660000","70",,"2","1","1000","300","9428.57142857143"
"2754745528","Ilhota","UNIT","apartamento","2706500","136",,"4","3",,"0","19900.7352941176"
"2601835198","Andorinha","UNIT","apartamento","1450000","126",,"4","2","0","650","11507.9365079365"
"2560637577","Morretes","UNIT","apartamento","754000","70",,"3","1","500","500","10771.4285714286"
"2614369251","Canto da Praia","UNIT","casa","5500000","300",,"4","4",,,"18333.3333333333"
"2761579219","Meia Praia","UNIT","apartamento","12610000","264",,"5","4",,,"47765.1515151515"
"2677343694","Meia Praia","UNIT","apartamento","850000","120",,"2","1","437","387","7083.33333333333"
"2705440309","Casa Branca","UNIT","casa","650000","93",,"4","3","0","0","6989.24731182796"
"2653009957","Castelo Branco","UNIT","apartamento","1250000","108",,"4","2",,,"11574.0740740741"
"2560637679","Morretes","UNIT","apartamento","723000","68",,"2","1","500","300","10632.3529411765"
"2766852341","Meia Praia","UNIT","apartamento","1199800","125",,"4","2","0","0","9598.4"
"2766855028","Meia Praia","UNIT","apartamento","2300000","132",,"4","2","2800000","880","17424.2424242424"
"2663605258","Castelo Branco","UNIT","apartamento","3199000","269",,"4","4","0","0","11892.1933085502"
"2596974157","Meia Praia","UNIT","apartamento","1150981","208",,"2","2",,,"5533.5625"
"2759014021","Andorinha","UNIT","apartamento","1289000","127",,"3","2",,,"10149.6062992126"
"2764895119","Castelo Branco","UNIT","apartamento","1554000","133",,"4","2","0","0","11684.2105263158"
"2630407653","Centro","UNIT","apartamento","1826000","129",,"4","0","2000","700","14155.0387596899"
"2767581974","Morretes","UNIT","apartamento","495000","50",,"1","1","100","100","9900"
"2678336797","Morretes","UNIT","terreno","630000","306",,"0","0","500","0","2058.82352941176"
"2655111502","Morretes","UNIT","terreno","630000","306",,"0","0","500","0","2058.82352941176"
"2754748009","Meia Praia","UNIT","apartamento","841416","142",,"5","3",,"0","5925.46478873239"
"2736006628","Alto S?o Bento","UNIT","casa","1150000","157",,"2","3",,,"7324.84076433121"
"2652943577","Meia Praia","UNIT","apartamento","1650000","163",,"3","3","0","0","10122.6993865031"
"2694762132","Morretes","UNIT","terreno","630000","306",,"0","0","500","0","2058.82352941176"
"2699371532","Andorinha","UNIT","apartamento","1450000","104",,"3","2",,"0","13942.3076923077"
"2764859737","Meia Praia","UNIT","apartamento","1490000","122",,"4","3","0","0","12213.1147540984"
"2636620121","Andorinha","UNIT","apartamento","1100000","135",,"4","2","1100","550","8148.14814814815"
"2758870617","Meia Praia","UNIT","casa","6999000","419",,"5","8","5000","2500","16704.0572792363"
"2748437996","Meia Praia","UNIT","apartamento","8085000","359",,"7","4",,"0","22520.8913649025"
"2699971128","Andorinha","UNIT","apartamento","1100000","118",,"4","0",,"0","9322.03389830508"
"2763649653","Meia Praia","UNIT","apartamento","710000","78",,"2","1","7429","847","9102.5641025641"
"2628277859","Castelo Branco","UNIT","apartamento","2237504","151",,"4","2","0","0","14817.9072847682"
"2762329031","Canto da Praia","UNIT","apartamento","1380000","99",,"3","2",,,"13939.3939393939"
"2560637232","Morretes","UNIT","apartamento","900000","70",,"2","2","1000","300","12857.1428571429"
"2560637431","Morretes","UNIT","apartamento","723000","68",,"2","1","500","300","10632.3529411765"
"2766855120","Castelo Branco","UNIT","apartamento","1430000","165",,"3","2","0","0","8666.66666666667"
"2609062691","Meia Praia","UNIT","apartamento","1790000","163",,"4","3","0","650","10981.5950920245"
"2731112059","Meia Praia","UNIT","apartamento","2211000","172",,"5","3",,,"12854.6511627907"
"2611783694","Morretes","UNIT","apartamento","650000","68",,"2","1","800","350","9558.82352941176"
"2726615602","Castelo Branco","UNIT","terreno","2100000","305",,"0","0","0","0","6885.24590163934"
"2620152150","Jardim Praia Mar","UNIT","apartamento","589000","60",,"3","1","900","300","9816.66666666667"
"2565061753","Morretes","UNIT","apartamento","776000","70",,"2","1","500","300","11085.7142857143"
"2631235466","Meia Praia","UNIT","apartamento","1130000","102",,"4","2","1000","500","11078.431372549"
"2558704344","<vazio>","UNIT","apartamento","525000","100",,"3","1",,,"5250"
"2656908780","Jardim Praia Mar","UNIT","apartamento","564000","64",,"2","2","490","290","8812.5"
"2555239242","Andorinha","UNIT","apartamento","670000","75",,"2","1","0","0","8933.33333333333"
"2637821866","Morretes","UNIT","apartamento","530000","72",,"2","1",,"0","7361.11111111111"
"2564778381","Morretes","UNIT","casa","699000","100",,"3","2","500",,"6990"
"2711840217","Morretes","UNIT","casa","800000","97",,"2","2","250","0","8247.42268041237"
"2747918012","Meia Praia","UNIT","apartamento","1680000","140",,"3","2","0",,"12000"
"2764976897","Meia Praia","UNIT","apartamento","1500000","122",,"3","3","1800","590","12295.0819672131"
"2761578431","Casa Branca","UNIT","casa","6999000","419",,"5","8",,,"16704.0572792363"
"2767583771","Morretes","UNIT","comercial","347947","241",,"0","0","100",,"1443.76348547718"
"2766529014","Meia Praia","UNIT","apartamento","1150000","109",,"2","1",,,"10550.4587155963"
"2766851925","Meia Praia","UNIT","apartamento","850000","127",,"2","1","650","520","6692.91338582677"
"2699371298","Alto S?o Bento","UNIT","terreno","390000","330",,"0","0","100","0","1181.81818181818"
"2646971218","Morretes","UNIT","apartamento","660000","70",,"2","2",,,"9428.57142857143"
"2508716377","Meia Praia","UNIT","apartamento","3500000","190",,"5","3","0","0","18421.0526315789"
"2740883331","Morretes","UNIT","casa","450000","85",,"3","2","500","0","5294.11764705882"
"2553329511","Andorinha","UNIT","apartamento","1650000","140",,"4","3","0","615","11785.7142857143"
"2749606769","Morretes","UNIT","apartamento","685000","63",,"2","1",,,"10873.0158730159"
"2681256935","Meia Praia","UNIT","casa","18835640","381",,"7","6",,,"49437.375328084"
"2764894830","Morretes","UNIT","apartamento","799000","66",,"3","1","0","0","12106.0606060606"
"2705762716","Morretes","UNIT","terreno","700000","270",,"0","0",,,"2592.59259259259"
"2715138300","Meia Praia","UNIT","apartamento","1160000","110",,"3","2","150","499","10545.4545454545"
"2753562351","<vazio>","UNIT","apartamento","541000","71",,"3","1",,"0","7619.71830985915"
"2572722685","Morretes","UNIT","casa","550000","70",,"3","1","0","0","7857.14285714286"
"2695400175","Casa Branca","UNIT","terreno","2400000","188000",,"0","0",,,"12.7659574468085"
"2718881042","Meia Praia","UNIT","apartamento","690000","105",,"1","0","800","470","6571.42857142857"
"2766853219","Castelo Branco","UNIT","apartamento","1150000","121",,"2","2","0","0","9504.13223140496"
"2758656827","Meia Praia","UNIT","casa","6999000","419",,"5","8","5000","2500","16704.0572792363"
"2764895021","<vazio>","UNIT","apartamento","695670","70",,"2","2","0","0","9938.14285714286"
"2700268419","Morretes","UNIT","apartamento","840000","68",,"3","1","1000","350","12352.9411764706"
"2688672463","Morretes","UNIT","casa","895000","128",,"2","2","0",,"6992.1875"
"2609061131","Meia Praia","UNIT","apartamento","2700000","165",,"4","3","0","650","16363.6363636364"
"2727349137","Morretes","UNIT","casa","744000","100",,"1","2","0","0","7440"
"2700511827","Morretes","UNIT","apartamento","515000","66",,"2","1","1000","350","7803.0303030303"
"2566095401","Morretes","UNIT","apartamento","665000","70",,"3","1","1000","500","9500"
"2593005042","Morretes","UNIT","casa","720000","115",,"3","2","1000","0","6260.86956521739"
"2766853226","Meia Praia","UNIT","apartamento","1099800","100",,"4","2","0","0","10998"
"2765802728","Castelo Branco","UNIT","apartamento","1060000","92",,"3","2",,,"11521.7391304348"
"2691279870","Meia Praia","UNIT","apartamento","1399000","112",,"3","2",,"450","12491.0714285714"
"2571352948","Meia Praia","UNIT","apartamento","1320000","100",,"3","2",,,"13200"
"2635464353","Meia Praia","UNIT","apartamento","1500000","127",,"4","2","0","600","11811.0236220472"
"2677856706","Morretes","UNIT","casa","539900","98",,"3","1","500","0","5509.18367346939"
"2734434513","Castelo Branco","UNIT","casa","2095900","137",,"4","2","1","1","15298.5401459854"
"2700257634","Morretes","UNIT","apartamento","650000","65",,"2","1","800","350","10000"
"2761879816","Meia Praia","UNIT","apartamento","1990000","138",,"4","2",,,"14420.2898550725"
"2613514328","Jardim Praia Mar","UNIT","apartamento","598000","60",,"2","1","800","250","9966.66666666667"
"2765233813","Meia Praia","UNIT","apartamento","1399000","123",,"3","2","1500","900","11373.9837398374"
"2649301378","Morretes","UNIT","casa","1499000","200",,"2","2",,"0","7495"
"2766306423","Centro","UNIT","apartamento","1627450","165",,"4","3",,,"9863.33333333333"
"2748586010","Morretes","UNIT","apartamento","550000","60",,"2","1",,,"9166.66666666667"
"2573688152","Morretes","UNIT","casa","899000","167",,"3","2","500","0","5383.23353293413"
"2554913096","Morretes","UNIT","apartamento","600000","60",,"2","1","0","0","10000"
"2646323072","Morretes","UNIT","apartamento","895000","70",,"3","1","900","380","12785.7142857143"
"2767583230","Morretes","UNIT","apartamento","395000","45",,"1","1","100",,"8777.77777777778"
"2766554818","Meia Praia","UNIT","apartamento","1452000","115",,"3","2",,,"12626.0869565217"
"2766854835","Castelo Branco","UNIT","apartamento","1298000","191",,"2","2","0","0","6795.81151832461"
"2733083940","Morretes","UNIT","casa","409000","51",,"1","1","0","0","8019.60784313726"
"2750502202","Morretes","UNIT","terreno","650000","288",,"0","0","500","0","2256.94444444444"
"2727599670","Meia Praia","UNIT","apartamento","2510000","130",,"4","2",,"612","19307.6923076923"
"2723097724","Varzea","UNIT","apartamento","605150","69",,"2","0","0","0","8770.28985507246"
"2676718894","Centro","UNIT","apartamento","685000","69",,"2","1","490","350","9927.53623188406"
"2765047034","Meia Praia","UNIT","apartamento","1590000","129",,"4","2",,,"12325.5813953488"
"2631837806","Canto da Praia","UNIT","casa","5900000","261",,"4","4",,,"22605.3639846743"
"2600725593","Morretes","UNIT","apartamento","650000","69",,"2","1","1000","350","9420.28985507246"
"2572601454","Sert?o do Trombudo","UNIT","terreno","780000","354",,"0","0",,,"2203.38983050847"
"2558704143","<vazio>","UNIT","apartamento","500000","90",,"2","1",,,"5555.55555555556"
"2629770429","Morretes","UNIT","apartamento","515000","66",,"1","1","500","300","7803.0303030303"
"2565205406","Morretes","UNIT","apartamento","620000","70",,"2","2","500","300","8857.14285714286"
"2765060250","Morretes","UNIT","apartamento","450000","60",,"1","1","1000","350","7500"
"2726521991","Casa Branca","UNIT","casa","3790000","272",,"4","4","0",,"13933.8235294118"
"2681618997","Meia Praia","UNIT","apartamento","950000","103",,"3","2","990","430","9223.30097087379"
"2700575478","Morretes","UNIT","terreno","650000","264",,"0","0","500","0","2462.12121212121"
"2766342914","Jardim Praia Mar","UNIT","apartamento","630000","69",,"2","1",,,"9130.4347826087"
"2490905179","Casa Branca","UNIT","terreno","752000","350",,"0","0","0","0","2148.57142857143"
"2608067036","Morretes","UNIT","apartamento","698000","66",,"2","1","900","350","10575.7575757576"
"2764632856","Meia Praia","UNIT","apartamento","1380000","110",,"4","2","0","700","12545.4545454545"
"2669009410","Morretes","UNIT","apartamento","445000","61",,"1","1","400","330","7295.08196721311"
"2718314655","Canto da Praia","UNIT","apartamento","1380000","100",,"4","2",,,"13800"
"2737030930","Morretes","UNIT","terreno","550002","288",,"0","0","500","0","1909.72916666667"
"2560637611","Morretes","UNIT","apartamento","710000","70",,"3","1","500","300","10142.8571428571"
"2761579122","Meia Praia","UNIT","apartamento","4499999","260",,"5","5",,,"17307.6884615385"
"2564697160","Morretes","UNIT","casa","450000","70",,"2","1","500",,"6428.57142857143"
"2721776202","Meia Praia","UNIT","apartamento","1495000","125",,"3","2","0",,"11960"
"2761666520","Casa Branca","UNIT","terreno","2300000","1137",,"0","0","0","0","2022.86719437115"
"2617318582","Castelo Branco","UNIT","apartamento","5198238","340",,"5","3",,,"15288.9352941176"
"2764672127","Meia Praia","UNIT","apartamento","1680000","105",,"4","2","0","0","16000"
"2757947760","Centro","UNIT","apartamento","550000","85",,"1","1","1500","450","6470.58823529412"
"2591545013","Castelo Branco","UNIT","apartamento","926000","102",,"2","2","1500","400","9078.43137254902"
"2760057829","Ilhota","UNIT","casa","5505000","362",,"5","3","0","0","15207.182320442"
"2767891021","Casa Branca","UNIT","apartamento","598000","70",,"2","1",,,"8542.85714285714"
"2698488098","Meia Praia","UNIT","apartamento","1520000","130",,"4","2",,,"11692.3076923077"
"2738792852","Morretes","UNIT","terreno","680000","294",,"0","0",,,"2312.92517006803"
"2720707193","Meia Praia","UNIT","apartamento","1675000","127",,"3","2",,,"13188.9763779528"
"2758498232","Morretes","UNIT","casa","1190000","150",,"3","4","1000","0","7933.33333333333"
"2684709395","Morretes","UNIT","casa","610000","84",,"2","2",,"0","7261.90476190476"
"2692570767","Morretes","UNIT","apartamento","600000","64",,"2","1",,"0","9375"
"2694441713","Morretes","UNIT","casa","527000","80",,"3","2","500","0","6587.5"
"2637438182","Casa Branca","UNIT","apartamento","698000","64",,"2","1","800","350","10906.25"
"2754745926","Ilhota","UNIT","apartamento","6665100","289",,"5","4",,"0","23062.6297577855"
"2732470663","Morretes","UNIT","casa","590000","87",,"1","2","0","0","6781.6091954023"
"2754745136","Meia Praia","UNIT","comercial","995000","65",,"1","1",,"0","15307.6923076923"
"2754745525","Centro","UNIT","apartamento","15643000","320",,"6","5",,"0","48884.375"
"2754748108","Centro","UNIT","apartamento","6019000","293",,"6","3",,"0","20542.662116041"
"2564475068","Morretes","UNIT","casa","450000","70",,"2","1","500",,"6428.57142857143"
"2745326834","<vazio>","UNIT","casa","550000","106",,"2","0",,,"5188.67924528302"
"2766850721","Andorinha","UNIT","apartamento","649800","43",,"1","1","0","0","15111.6279069767"
"2715225910","Casa Branca","UNIT","casa","6500000","312",,"4","2","300","0","20833.3333333333"
"2754748198","Castelo Branco","UNIT","comercial","1386787","61",,"1","0",,"0","22734.2131147541"
"2609811607","Meia Praia","UNIT","apartamento","16986000","428",,"5","4",,"0","39686.9158878505"
"2596078506","Morretes","UNIT","apartamento","690000","70",,"2","1","900","350","9857.14285714286"
"2562263611","Centro","UNIT","casa","1850000","118",,"4","2","0","0","15677.9661016949"
"2618380272","Morretes","UNIT","apartamento","590000","70",,"3","1","1000","300","8428.57142857143"
"2757664325","Canto da Praia","UNIT","casa","3500000","180",,"2","2","0","0","19444.4444444444"
"2564212744","Morretes","UNIT","casa","450000","70",,"2","1","500",,"6428.57142857143"
"2609062411","Canto da Praia","UNIT","casa","3500000","201",,"4","3","1800","500","17412.9353233831"
"2760158013","Centro","UNIT","apartamento","650000","60",,"2","1","1200","500","10833.3333333333"
"2767583564","Ilhota","UNIT","apartamento","280000","35",,"1","1","120","140","8000"
"2566088688","Morretes","UNIT","terreno","690000","270",,"0","0","0",,"2555.55555555556"
"2711114712","Centro","UNIT","apartamento","560000","70",,"2","1","0",,"8000"
"2761577045","Meia Praia","UNIT","apartamento","1289000","127",,"4","2",,,"10149.6062992126"
"2764631707","Centro","UNIT","apartamento","1650000","115",,"4","2","0","0","14347.8260869565"
"2689329229","Jardim Praia Mar","UNIT","apartamento","499999","64",,"2","1","440","220","7812.484375"
"2753187605","Morretes","UNIT","apartamento","386000","43",,"1","1","1000","350","8976.74418604651"
"2719039061","Jardim Praia Mar","UNIT","apartamento","650000","64",,"2","1","440","225","10156.25"
"2764858084","Meia Praia","UNIT","apartamento","1390000","131",,"4","2","0","0","10610.6870229008"
"2448754274","Centro","UNIT","apartamento","13702260","201",,"5","3","0","0","68170.447761194"
"2763105533","Castelo Branco","UNIT","comercial","700000","48",,"0","0","0","0","14583.3333333333"
"2765081813","Morretes","UNIT","terreno","625000","275",,"0","0","1000","0","2272.72727272727"
"2754746739","Ilhota","UNIT","apartamento","5345100","227",,"5","4",,"0","23546.6960352423"
"2764895118","Morretes","UNIT","apartamento","850000","70",,"3","1","0","0","12142.8571428571"
"2644817470","Meia Praia","UNIT","apartamento","670000","70",,"1","1",,,"9571.42857142857"
"2688011117","Morretes","UNIT","apartamento","450000","59",,"1","1","390","250","7627.1186440678"
"2746299835","Morretes","UNIT","terreno","850000","336",,"0","0","500","0","2529.7619047619"
"2637822557","Morretes","UNIT","casa","1060000","115",,"2","2",,"0","9217.39130434783"
"2766868424","Meia Praia","UNIT","apartamento","5981256","200",,"4","3",,"0","29906.28"
"2670320093","Meia Praia","UNIT","apartamento","1599000","214",,"4","1","150","480","7471.96261682243"
"2765064332","Meia Praia","UNIT","apartamento","1690000","119",,"1","2","100","0","14201.6806722689"
"2560637236","Morretes","UNIT","apartamento","750000","70",,"2","1","500","350","10714.2857142857"
"2764633622","Morretes","UNIT","apartamento","700000","70",,"2","1","0","0","10000"
"2560637664","Morretes","UNIT","casa","580000","74",,"2","1","1000","0","7837.83783783784"
"2690686574","Alto S?o Bento","UNIT","casa","470000","87",,"1","2",,,"5402.29885057471"
"2656970478","Alto S?o Bento","UNIT","casa","685000","95",,"1","2",,"0","7210.52631578947"
"2758480014","Morretes","UNIT","terreno","625000","275",,"0","0","500","0","2272.72727272727"
"2663299459","Morretes","UNIT","apartamento","450000","70",,"2","1","0","0","6428.57142857143"
"2751886239","<vazio>","UNIT","casa","592259","64",,"2","1",,,"9254.046875"
"2563843054","Centro","UNIT","casa","2387000","132",,"4","2","0","0","18083.3333333333"
"2700518377","Morretes","UNIT","casa","527000","80",,"3","2","1000","0","6587.5"
"2750112194","Morretes","UNIT","apartamento","458000","52",,"1","1",,,"8807.69230769231"
"2541091490","Andorinha","UNIT","apartamento","1690000","112",,"4","2","0","0","15089.2857142857"
"2609059393","Ilhota","UNIT","casa","13000000","450",,"6","8","7000","2000","28888.8888888889"
"2751486529","Meia Praia","UNIT","apartamento","695000","65",,"2","1",,"0","10692.3076923077"
"2735746826","Meia Praia","UNIT","apartamento","44000000","966",,"10","8","2300","1500","45548.6542443064"
"2764632395","Meia Praia","UNIT","apartamento","1500000","125",,"4","2","0","400","12000"
"2623215813","Morretes","UNIT","terreno","4200000","1430",,"0","0","0","0","2937.06293706294"
"2736924634","Meia Praia","UNIT","apartamento","1499000","147",,"2","1","1500","560","10197.2789115646"
"2590819120","Meia Praia","UNIT","apartamento","900000","100",,"3","2","900","480","9000"
"2560060465","Meia Praia","UNIT","apartamento","1087594","105",,"4","2",,,"10358.0380952381"
"2766851922","Meia Praia","UNIT","apartamento","1500000","133",,"4","2","1550","490","11278.1954887218"
"2714291971","Casa Branca","UNIT","terreno","850000","300",,"0","0","0",,"2833.33333333333"
"2764771670","Tabuleiro dos Oliveiras","UNIT","apartamento","506000","64",,"2","1",,,"7906.25"
"2717934432","Meia Praia","UNIT","apartamento","8085000","359",,"7","4",,,"22520.8913649025"
"2740231380","Ilhota","UNIT","casa","25000000","1747",,"6","8",,,"14310.2461362335"
"2560637561","Morretes","UNIT","apartamento","695000","70",,"2","1","1000","350","9928.57142857143"
"2757853413","Morretes","UNIT","apartamento","558000","43",,"1","1","1000","350","12976.7441860465"
"2767584335","Morretes","UNIT","apartamento","395000","45",,"1","1","100",,"8777.77777777778"
"2766659520","Andorinha","UNIT","apartamento","1400000","114",,"4","2","2500","600","12280.701754386"
"2432907381","Morretes","UNIT","casa","1100000","242",,"3","4","0","0","4545.45454545455"
"2597758770","Morretes","UNIT","apartamento","684000","69",,"3","1","1000","300","9913.04347826087"
"2681757615","Morretes","UNIT","casa","527000","80",,"3","2","500","0","6587.5"
"2730227126","Meia Praia","UNIT","apartamento","2600000","160",,"5","3",,,"16250"
"2759451420","<vazio>","UNIT","apartamento","529000","54",,"2","1","1","1","9796.2962962963"
"2761880017","Andorinha","UNIT","apartamento","1200000","84",,"3","2",,,"14285.7142857143"
"2757087215","Centro","UNIT","apartamento","418000","21",,"1","1",,,"19904.7619047619"
"2764770529","Morretes","UNIT","apartamento","990000","95",,"3","2","0","0","10421.0526315789"
"2761642646","Meia Praia","UNIT","apartamento","1700000","126",,"3","2",,,"13492.0634920635"
"2560637058","Morretes","UNIT","casa","750001","100",,"3","2","500","0","7500.01"
"2560637729","Morretes","UNIT","casa","750000","100",,"3","2","500",,"7500"
"2679228702","Varzea","UNIT","terreno","500000","288",,"0","0","0",,"1736.11111111111"
"2694372778","Morretes","UNIT","apartamento","618001","70",,"3","1","1000","300","8828.58571428571"
"2719904847","Varzea","UNIT","casa","585000","121",,"2","2","600","0","4834.71074380165"
"2688048239","Castelo Branco","UNIT","casa","1800000","129",,"4","2","0","550","13953.488372093"
"2765062364","Sert?o do Trombudo","UNIT","terreno","630000","300",,"0","0","100","0","2100"
"2729543625","Morretes","UNIT","apartamento","470000","58",,"1","1",,"350","8103.44827586207"
"2731887591","Morretes","UNIT","apartamento","723598","60",,"3","1",,,"12059.9666666667"
"2657182824","Andorinha","UNIT","apartamento","1100000","112",,"4","2","990","550","9821.42857142857"
"2761578432","Casa Branca","UNIT","casa","12000000","688",,"6","6",,,"17441.8604651163"
"2747202810","Alto S?o Bento","UNIT","terreno","1100000","918",,"1","0","0","0","1198.25708061002"
"2737068619","Morretes","UNIT","apartamento","470000","59",,"1","1",,,"7966.10169491525"
"2751972093","Morretes","UNIT","casa","740000","100",,"2","2",,,"7400"
"2754746747","Meia Praia","UNIT","apartamento","3099014","258",,"6","4",,"0","12011.6821705426"
"2761666918","Casa Branca","UNIT","terreno","700000","350",,"0","0","0","0","2000"
"2746707030","Casa Branca","UNIT","terreno","595000","300",,"0","0","0","0","1983.33333333333"
"2560637615","Morretes","UNIT","casa","750000","100",,"3","2","1000",,"7500"
"2762832029","Morretes","UNIT","casa","1190000","150",,"3","4","1000","0","7933.33333333333"
"2560637684","Morretes","UNIT","casa","750000","100",,"3","2","500",,"7500"
"2758554087","Castelo Branco","UNIT","apartamento","1500000","157",,"4","2","1900","390","9554.14012738853"
"2709458181","Meia Praia","UNIT","comercial","750000","75",,"1","1","1000","0","10000"
"2765238258","Meia Praia","UNIT","apartamento","1150000","109",,"2","1",,,"10550.4587155963"
"2560637748","Morretes","UNIT","apartamento","710000","68",,"2","1","500","300","10441.1764705882"
"2651460258","Meia Praia","UNIT","casa","1960000","120",,"4","2","243","782","16333.3333333333"
"2739978220","Castelo Branco","UNIT","apartamento","1590000","157",,"6","2","0","250","10127.3885350318"
"2751136532","Morretes","UNIT","apartamento","795000","70",,"3","1","1000","350","11357.1428571429"
"2684179748","Sert?o do Trombudo","UNIT","terreno","598000","628",,"0","0",,,"952.229299363057"
"2732047353","Andorinha","UNIT","apartamento","1200000","120",,"4","2",,,"10000"
"2761579323","Meia Praia","UNIT","apartamento","13500000","264",,"5","4",,,"51136.3636363636"
"2751117515","Centro","UNIT","apartamento","6830000","157",,"4","2","4096","2099","43503.1847133758"
"2681247333","Morretes","UNIT","casa","527000","80",,"3","2","500","0","6587.5"
"2658991999","Andorinha","UNIT","casa","18370000","811",,"5","6","0","905","22651.0480887793"
"2711004112","Sert?o do Trombudo","UNIT","terreno","750000","332",,"0","0","0","0","2259.03614457831"
"2765074575","Morretes","UNIT","apartamento","386001","43",,"1","1","1000","350","8976.76744186047"
"2765080482","Morretes","UNIT","terreno","1500001","283",,"0","0","1000","0","5300.35689045936"
"2753253620","Morretes","UNIT","apartamento","795000","70",,"3","1","1000","350","11357.1428571429"
"2716328727","Morretes","UNIT","casa","550000","100",,"1","2",,,"5500"
"2732044470","Andorinha","UNIT","apartamento","1200000","120",,"4","2",,,"10000"
"2560636996","Morretes","UNIT","casa","780000","100",,"3","2","0","0","7800"
"2683486119","Morretes","UNIT","casa","419000","52",,"1","1","500","0","8057.69230769231"
"2744179758","Morretes","UNIT","casa","580000","75",,"2","2",,,"7733.33333333333"
"2700511985","Morretes","UNIT","casa","419000","52",,"1","1","500","0","8057.69230769231"
"2560637354","Morretes","UNIT","casa","750000","100",,"3","2","500","0","7500"
"2764860423","Alto S?o Bento","UNIT","apartamento","475000","60",,"2","1","0","265","7916.66666666667"
"2760737018","Sert?o do Trombudo","UNIT","apartamento","348000","57",,"2","0","350","240","6105.26315789474"
"2608791592","Meia Praia","UNIT","apartamento","690000","70",,"3","1","750","400","9857.14285714286"
"2758554925","Meia Praia","UNIT","comercial","14660000","800",,"5","0","0","0","18325"
"2655988158","Jardim Praia Mar","UNIT","apartamento","563500","64",,"2","2","550","290","8804.6875"
"2761579321","Meia Praia","UNIT","apartamento","13900000","207",,"5","3",,,"67149.7584541063"
"2764220122","Canto da Praia","UNIT","casa","2968000","200",,"3","2",,,"14840"
"2753169713","Morretes","UNIT","apartamento","450000","60",,"1","1","1000","300","7500"
"2576702058","Morretes","UNIT","apartamento","618000","70",,"2","1","1000","500","8828.57142857143"
"2692570766","Casa Branca","UNIT","casa","650000","80",,"2","2","319","319","8125"
"2560637708","Morretes","UNIT","casa","750000","100",,"3","2","500","0","7500"
"2764894922","Castelo Branco","UNIT","apartamento","1444000","165",,"3","2","0","0","8751.51515151515"
"2764975506","Andorinha","UNIT","apartamento","1380000","127",,"3","1",,"615","10866.1417322835"
"2766853224","Canto da Praia","UNIT","apartamento","1054800","125",,"4","2","0","0","8438.4"
"2745680593","Morretes","UNIT","casa","650000","110",,"2","2",,,"5909.09090909091"
"2565793498","Morretes","UNIT","terreno","480000","0",,"0","0","500","0",
"2768470326","Centro","UNIT","casa","1000000","420",,"6","4","0","0","2380.95238095238"
"2621911621","Morretes","UNIT","casa","1500000","156",,"3","6","0","0","9615.38461538462"
"2626580029","Ilhota","UNIT","casa","18370000","811",,"6","6","7000","2000","22651.0480887793"
"2588872265","Centro","UNIT","casa","8100000","229",,"5","3","0","0","35371.1790393013"
"2754748296","Meia Praia","UNIT","apartamento","21928180","417",,"7","4",,"0","52585.5635491607"
"2572614873","Centro","UNIT","casa","5198800","280",,"4","4",,,"18567.1428571429"
"2590819917","Meia Praia","UNIT","apartamento","630000","84",,"2","1","800","430","7500"
"2735169025","Morretes","UNIT","casa","550000","94",,"2","2",,,"5851.06382978723"
"2717273449","Meia Praia","UNIT","casa","4700000","250",,"5","3","5250","1150","18800"
"2719037942","Jardim Praia Mar","UNIT","apartamento","599000","64",,"2","1","415","220","9359.375"
"2727840778","Morretes","UNIT","apartamento","680000","120",,"2","1","1050","626","5666.66666666667"
"2762425720","Sert?o do Trombudo","UNIT","terreno","280000","0",,"1","0",,,
"2683949822","Sert?o do Trombudo","UNIT","terreno","400000","300",,"0","0","0","0","1333.33333333333"
"2767583271","Centro","UNIT","apartamento","250000","35",,"1","1","120","140","7142.85714285714"
"2681982796","Canto da Praia","UNIT","casa","2970000","200",,"5","2","0",,"14850"
"2763576280","Morretes","UNIT","apartamento","782836","69",,"3","1",,,"11345.4492753623"
"2686529521","Casa Branca","UNIT","casa","7500000","419",,"5","4",,,"17899.7613365155"
"2702182067","Meia Praia","UNIT","casa","1590000","260",,"3","3","850","10","6115.38461538462"
"2754747726","Ilhota","UNIT","apartamento","2025000","129",,"4","2",,"0","15697.6744186047"
"2761331997","Morretes","UNIT","apartamento","640000","65",,"3","1","1600","500","9846.15384615385"
"2762237014","Meia Praia","UNIT","apartamento","1490000","125",,"3","3",,,"11920"
"2609062481","Canto da Praia","UNIT","casa","5851023","305",,"5","4","0","0","19183.6819672131"
"2763898836","<vazio>","UNIT","terreno","890000","505",,"0","0","0","0","1762.37623762376"
"2560637722","Morretes","UNIT","casa","710000","110",,"3","2","1000","0","6454.54545454545"
"2565058782","Morretes","UNIT","apartamento","665000","70",,"3","1","1000","500","9500"
"2607855783","Morretes","UNIT","apartamento","580000","51",,"1","1",,,"11372.5490196078"
"2752959293","Meia Praia","UNIT","apartamento","24990000","331",,"5","3",,,"75498.4894259819"
"2760219764","Centro","UNIT","apartamento","490000","85",,"1","1","1000","500","5764.70588235294"
"2766855325","Ilhota","UNIT","casa","18099800","811",,"5","6","0","905","22317.879161529"
"2754745927","Ilhota","UNIT","casa","9862500","450",,"5","2",,"0","21916.6666666667"
"2583173994","Morretes","UNIT","apartamento","498000","70",,"3","1","700","320","7114.28571428571"
"2747939820","Casa Branca","UNIT","casa","12000000","689",,"6","4","2196","1514","17416.5457184325"
"2642817361","Castelo Branco","UNIT","apartamento","1590000","157",,"10","2","0","0","10127.3885350318"
"2631432096","Canto da Praia","UNIT","casa","7500000","350",,"6","4","1","1","21428.5714285714"
"2674301801","Canto da Praia","UNIT","casa","3800000","352",,"3","3","0","0","10795.4545454545"
"2682431942","Meia Praia","UNIT","casa","1190000","92",,"2","2","0","0","12934.7826086957"
"2625483442","Morretes","UNIT","casa","740000","119",,"3","2","500",,"6218.48739495798"
"2730121118","Alto S?o Bento","UNIT","casa","690000","110",,"3","2","0","0","6272.72727272727"
"2727454047","<vazio>","UNIT","casa","3500000","270",,"3","2",,,"12962.962962963"
"2749729840","Casa Branca","UNIT","terreno","650000","455",,"0","0","0",,"1428.57142857143"
"2760097418","Centro","UNIT","apartamento","490000","85",,"1","1","1000","500","5764.70588235294"
"2660890580","Alto S?o Bento","UNIT","casa","510000","65",,"2","1",,"0","7846.15384615385"
"2767584422","Centro","UNIT","apartamento","250000","35",,"1","1","120","140","7142.85714285714"
"2754746319","Ilhota","UNIT","apartamento","2278125","148",,"4","3",,"0","15392.7364864865"
"2733892923","Canto da Praia","UNIT","apartamento","300000","55",,"1","1","1000","500","5454.54545454545"
"2753177099","Morretes","UNIT","apartamento","420000","60",,"1","1","500","300","7000"
"2430833208","Meia Praia","UNIT","apartamento","980000","105",,"2","1","560","490","9333.33333333333"
"2682448254","Meia Praia","UNIT","apartamento","1390000","104",,"3","2","0",,"13365.3846153846"
"2560637566","Morretes","UNIT","casa","570000","90",,"3","2","1000","0","6333.33333333333"
"2560637096","Morretes","UNIT","casa","570000","90",,"3","1","0","0","6333.33333333333"
"2677491095","Morretes","UNIT","terreno","650000","283",,"0","0","300","0","2296.81978798587"
"2766340122","Meia Praia","UNIT","apartamento","606000","45",,"1","1",,,"13466.6666666667"
"2579121329","Canto da Praia","UNIT","casa","18300000","818",,"6","6","1","1","22371.6381418093"
"2769150016","Casa Branca","UNIT","apartamento","395000","69",,"2","1",,,"5724.63768115942"
"2733244125","Ilhota","UNIT","casa","14950000","574",,"5","3",,,"26045.2961672474"
"2652534564","Morretes","UNIT","apartamento","641000","69",,"2","1","700","400","9289.85507246377"
"2729537625","Morretes","UNIT","apartamento","450000","70",,"1","1",,"320","6428.57142857143"
"2767893813","Andorinha","UNIT","apartamento","1226000","118",,"3","3",,,"10389.8305084746"
"2560637705","Morretes","UNIT","casa","580000","90",,"3","2","500","0","6444.44444444444"
"2674299296","Canto da Praia","UNIT","casa","3800000","348",,"3","3","0","0","10919.5402298851"
"2760014944","Meia Praia","UNIT","apartamento","2205072","142",,"4","2",,,"15528.676056338"
"2731640927","Sert?o do Trombudo","UNIT","terreno","690000","407",,"0","0","0",,"1695.3316953317"
"2724413585","Morretes","UNIT","casa","829000","170",,"3","2",,,"4876.47058823529"
"2560637634","Morretes","UNIT","terreno","650000","288",,"0","0","0","0","2256.94444444444"
"2766852217","Meia Praia","UNIT","apartamento","1194800","114",,"4","2","0","0","10480.701754386"
"2765080419","Morretes","UNIT","apartamento","375000","43",,"1","1","1000","350","8720.93023255814"
"2754747724","Meia Praia","UNIT","casa","3755000","274",,"6","3",,"0","13704.3795620438"
"2560637475","Morretes","UNIT","casa","570000","80",,"3","2","600","0","7125"
"2560637706","Morretes","UNIT","casa","550000","88",,"3","2","1000",,"6250"
"2766854617","Andorinha","UNIT","apartamento","1259800","123",,"4","2","0","0","10242.2764227642"
"2560637709","Morretes","UNIT","casa","550000","75",,"3","2","500","0","7333.33333333333"
"2560637203","Morretes","UNIT","casa","462000","55",,"1","2","500",,"8400"
"2565381256","Centro","UNIT","casa","2498800","163",,"5","3","0","0","15330.0613496933"
"2766204334","Andorinha","UNIT","apartamento","950000","115",,"4","2",,,"8260.86956521739"
"2560636995","Morretes","UNIT","casa","595001","74",,"3","2","0","0","8040.55405405405"
"2457295140","Varzea","UNIT","casa","899000","235",,"2","2",,"0","3825.53191489362"
"2730925714","Morretes","UNIT","casa","527000","80",,"3","2","500","0","6587.5"
"2749232997","Ilhota","UNIT","casa","14950000","1000",,"5","3","10","10","14950"
"2754745437","Meia Praia","UNIT","casa","10135998","344",,"5","3",,"0","29465.1104651163"
"2682274217","Morretes","UNIT","casa","419001","52",,"1","1","500","0","8057.71153846154"
"2751140419","Morretes","UNIT","apartamento","375000","43",,"1","1","1000","350","8720.93023255814"
"2689593922","Varzea","UNIT","terreno","689000","575",,"0","0",,,"1198.26086956522"
"2560637273","Morretes","UNIT","terreno","650000","288",,"0","0","0","0","2256.94444444444"
"2560637339","Morretes","UNIT","casa","560000","90",,"3","2","1000","0","6222.22222222222"
"2764832432","Andorinha","UNIT","apartamento","580000","70",,"1","1",,,"8285.71428571429"
"2443848483","Andorinha","UNIT","apartamento","850000","119",,"4","2","0","490","7142.85714285714"
"2763593920","Morretes","UNIT","apartamento","572070","53",,"1","1",,,"10793.7735849057"
"2560637690","Morretes","UNIT","casa","550000","90",,"3","2","500","0","6111.11111111111"
"2560637117","Morretes","UNIT","terreno","650000","288",,"0","0","0","0","2256.94444444444"
"2728068365","Morretes","UNIT","casa","480000","65",,"2","2","500","0","7384.61538461538"
"2560637674","Morretes","UNIT","casa","550000","70",,"3","2","600","0","7857.14285714286"
"2564476203","Morretes","UNIT","casa","590000","90",,"3","2","600",,"6555.55555555556"
"2687898418","Castelo Branco","UNIT","casa","2100000","150",,"2","4",,,"14000"
"2569457810","Ilhota","UNIT","terreno","339200","371",,"0","0",,,"914.285714285714"
"2694722275","Morretes","UNIT","casa","590000","85",,"2","2","500","0","6941.17647058824"
"2470892120","Castelo Branco","UNIT","apartamento","850000","114",,"3","2",,,"7456.14035087719"
"2736813751","Morretes","UNIT","apartamento","420000","57",,"1","1","0","0","7368.42105263158"
"2736157331","Meia Praia","UNIT","apartamento","632000","58",,"1","1","0","0","10896.5517241379"
"2736039929","Sert?o do Trombudo","UNIT","casa","290000","60",,"1","5","300","0","4833.33333333333"
"2656853449","Casa Branca","UNIT","outros","5800000","23000",,"10","30",,,"252.173913043478"
"2574579431","Ilhota","UNIT","apartamento","220000","50",,"1","1","0","250","4400"
"2768116320","Morretes","UNIT","casa","790000","110",,"2","2","0","0","7181.81818181818"
"2666436700","Morretes","UNIT","apartamento","374000","69",,"2","1","490","290","5420.28985507246"
"2737010559","Morretes","UNIT","apartamento","350002","55",,"1","1","500","250","6363.67272727273"
"2560637714","Morretes","UNIT","casa","522000","80",,"3","2","1000","0","6525"
"2564697285","Morretes","UNIT","casa","470000","60",,"1","2","500",,"7833.33333333333"
"2721774725","Morretes","UNIT","casa","547000","90",,"2","2","0",,"6077.77777777778"
"2764220513","Morretes","UNIT","casa","630000","93",,"2","1",,,"6774.1935483871"
"2651123226","Ilhota","UNIT","terreno","300000","312",,"0","0","0",,"961.538461538462"
"2648440187","Jardim Praia Mar","UNIT","terreno","685000","300",,"0","0",,,"2283.33333333333"
"2560637657","Morretes","UNIT","casa","570000","80",,"3","2","600","0","7125"
"2732562036","Morretes","UNIT","apartamento","350000","55",,"1","1","500","250","6363.63636363636"
"2735687516","Morretes","UNIT","apartamento","350000","55",,"1","1","500","250","6363.63636363636"
"2560637687","Morretes","UNIT","casa","590000","85",,"3","2","500","0","6941.17647058824"
"2761880018","Meia Praia","UNIT","apartamento","1650000","113",,"4","2",,,"14601.7699115044"
"2743300335","Morretes","UNIT","casa","450000","85",,"3","2","500","0","5294.11764705882"
"2750098404","Canto da Praia","UNIT","apartamento","400000","67",,"2","1","0","0","5970.14925373134"
"2670606201","Canto da Praia","UNIT","casa","2950000","220",,"3","2","0","520","13409.0909090909"
"2583985709","Meia Praia","UNIT","casa","6540000","169",,"5","3","3341","0","38698.224852071"
"2736814240","Morretes","UNIT","apartamento","370000","70",,"1","1","0","200","5285.71428571429"
"2765595122","Ilhota","UNIT","apartamento","202658","38",,"1","1",,,"5333.1052631579"
"2768192453","Centro","UNIT","apartamento","980000","66",,"2","1","0","0","14848.4848484848"
"2626746119","Sert?o do Trombudo","UNIT","terreno","510000","1",,"0","0",,,"510000"
"2737602714","Centro","UNIT","apartamento","358000","15",,"1","1",,,"23866.6666666667"
"2763131488","Morretes","UNIT","terreno","600000","252",,"0","0",,,"2380.95238095238"
"2564213789","Morretes","UNIT","casa","470000","60",,"1","2","500",,"7833.33333333333"
"2562406361","Morretes","UNIT","casa","462001","60",,"1","2","500",,"7700.01666666667"
"2728752722","Morretes","UNIT","apartamento","350000","65",,"1","1",,"350","5384.61538461538"
"2565064190","Morretes","UNIT","casa","450000","70",,"2","1","500",,"6428.57142857143"
"2697568788","Sert?o do Trombudo","UNIT","terreno","380000","200",,"0","0","0","0","1900"
"2770244720","Morretes","UNIT","apartamento","649000","47",,"1","1","600","250","13808.5106382979"
"2734952020","Canto da Praia","UNIT","apartamento","485000","47",,"1","1",,,"10319.1489361702"
"2561990058","Morretes","UNIT","casa","470000","60",,"1","2","500",,"7833.33333333333"
"2764348514","Canto da Praia","UNIT","apartamento","690000","89",,"2","0",,,"7752.80898876405"
"2671618441","Alto S?o Bento","UNIT","terreno","280000","276",,"0","0","0",,"1014.49275362319"
"2769696419","Meia Praia","UNIT","apartamento","1500000","128",,"4","2","0","650","11718.75"
"2769838584","Centro","UNIT","apartamento","1589010","102",,"3","2","2541","1","15578.5294117647"
"2769843463","Meia Praia","UNIT","apartamento","2799240","131",,"4","3","2900","750","21368.2442748092"
"2770104025","Castelo Branco","UNIT","apartamento","1189260","95",,"4","2","2023","1","12518.5263157895"
"2769840127","Meia Praia","UNIT","apartamento","1779720","140",,"4","4","1800","850","12712.2857142857"
"2769843345","Castelo Branco","UNIT","apartamento","1449020","109",,"4","2","2465000","1","13293.7614678899"
"2769850111","Andorinha","UNIT","apartamento","2349560","134",,"3","3","1800","887","17534.0298507463"
"2769848201","Meia Praia","UNIT","apartamento","2449800","127",,"4","3","3800","620","19289.7637795276"
"2769841850","Castelo Branco","UNIT","apartamento","1525147","115",,"4","2","1500","450","13262.147826087"
"2769844870","Andorinha","UNIT","apartamento","1649030","124",,"4","2","2575","1","13298.6290322581"
"2769849096","Andorinha","UNIT","apartamento","3509460","280",,"5","3","3800","1200","12533.7857142857"
"2769851590","Meia Praia","UNIT","apartamento","3597070","182",,"5","3","5946","680","19764.1208791209"
"2769853628","Andorinha","UNIT","apartamento","4199660","300",,"6","3","4000","1200","13998.8666666667"
"2769848574","Centro","UNIT","apartamento","11824550","297",,"5","3","15100","1","39813.2996632997"
"2769852751","Meia Praia","UNIT","apartamento","1798300","118",,"4","2","1300","550","15239.8305084746"
"2769853251","Meia Praia","UNIT","apartamento","2299120","118",,"4","2","1900","850","19484.0677966102"
"2769843252","Centro","UNIT","apartamento","1799540","140",,"4","3","1250","600","12853.8571428571"
"2769845822","Meia Praia","UNIT","apartamento","2589570","163",,"5","3","2100","850","15886.9325153374"
"2769847411","Meia Praia","UNIT","apartamento","6537270","157",,"5","2","4800","1800","41638.6624203822"
"2769846282","Centro","UNIT","apartamento","1699770","135",,"2","1","2890","1","12590.8888888889"
"2769847633","Andorinha","UNIT","apartamento","1599570","105",,"4","1","1800","500","15234"
"2769852306","Meia praia","UNIT","apartamento","1979060","153",,"5","3","2800","850","12935.0326797386"
"2769852884","Castelo Branco","UNIT","apartamento","2499210","122",,"4","3","2200","520","20485.3278688525"
"2769751946","Andorinha","UNIT","apartamento","1792640","132",,"4","2","1200","600","13580.6060606061"
"2770027221","Meia Praia","UNIT","apartamento","1689610","218",,"4","2","1500","700","7750.50458715596"
"2770253038","Andorinha","UNIT","apartamento","1169330","110",,"2","1","1200","500","10630.2727272727"
"2769476823","Castelo Branco","UNIT","apartamento","1799310","123",,"4","2","3030","1","14628.5365853659"
"2769755837","Andorinha","UNIT","apartamento","1349540","115",,"4","2","1300","470","11735.1304347826"
"2769757164","Andorinha","UNIT","apartamento","2709200","156",,"5","3","4607","1","17366.6666666667"
"2770031072","Centro","UNIT","apartamento","2389280","130",,"4","2","2000","800","18379.0769230769"
"2769758644","Morretes","UNIT","apartamento","798870","66",,"3","1","1195","1","12104.0909090909"
"2770032451","Meia praia","UNIT","apartamento","2799850","126",,"4","3","2200","650","22221.0317460317"
"2769187130","Andorinha","UNIT","apartamento","2099860","162",,"5","3","3576","1","12962.0987654321"
"2769757248","Morretes","UNIT","apartamento","793200","70",,"2","1","1200","450","11331.4285714286"
"2770032126","Andorinha","UNIT","apartamento","1829610","114",,"3","2","3111","1","16049.2105263158"
"2770254033","Morretes","UNIT","apartamento","724440","60",,"2","1","800","350","12074"
"2770252596","Meia Praia","UNIT","apartamento","7887500","166",,"5","3","1900","1500","47515.0602409639"
"2769183420","Meia Praia","UNIT","apartamento","2799610","129",,"4","3","2200","1200","21702.4031007752"
"2770025564","Meia praia","UNIT","apartamento","10178080","246",,"5","3","9000","1800","41374.3089430894"
"2769184563","<vazio>","UNIT","apartamento","794180","64",,"2","1","550","250","12409.0625"
"2770031829","Morretes","UNIT","apartamento","778510","67",,"2","1","1326","1","11619.552238806"
"2770029996","Andorinha","UNIT","apartamento","2498770","162",,"5","3","4248","1","15424.5061728395"
"2770032737","Morretes","UNIT","casa","849290","92",,"3","1","650","1","9231.41304347826"
"2769759133","Meia Praia","UNIT","apartamento","1649830","117",,"4","3","1600","650","14101.1111111111"
"2769475271","Meia Praia","UNIT","apartamento","2299020","128",,"4","3","3910","1","17961.09375"
"2769754283","Castelo Branco","UNIT","apartamento","1219130","137",,"4","2","2754","1","8898.75912408759"
"2770030390","Andorinha","UNIT","apartamento","2298480","162",,"5","3","1950","750","14188.1481481481"
"2770031278","Morretes","UNIT","terreno","649810","270",,"0","0","1","1","2406.7037037037"
"2769188682","Meia Praia","UNIT","apartamento","1989690","136",,"4","3","1800","480","14630.0735294118"
"2769847572","Meia Praia","UNIT","apartamento","1589040","145",,"4","3","1600","650","10958.8965517241"
"2769853456","Meia Praia","UNIT","apartamento","1599800","127",,"4","2","1500","650","12596.8503937008"
"2769854614","Meia Praia","UNIT","apartamento","2199540","161",,"5","3","1900","800","13661.7391304348"
"2769758069","Morretes","UNIT","apartamento","949210","70",,"2","2","850","300","13560.1428571429"
"2768968519","Andorinha","UNIT","apartamento","2099450","280",,"3","2","2000","800","7498.03571428571"
"2769844336","Meia Praia","UNIT","apartamento","2899790","120",,"4","3","1400","500","24164.9166666667"
"2769843864","Andorinha","UNIT","apartamento","1589890","127",,"4","2","2601","1","12518.8188976378"
"2769190032","Meia Praia","UNIT","apartamento","4499600","197",,"5","4","3800","1270","22840.6091370558"
"2770252229","Meia Praia","UNIT","apartamento","1799150","114",,"4","2","1200","750","15782.0175438596"
"2769754422","Castelo Branco","UNIT","apartamento","2799620","142",,"4","2","2500","700","19715.6338028169"
"2770027667","Castelo Branco","UNIT","apartamento","1199690","112",,"2","1","1200","540","10711.5178571429"
"2769755818","Morretes","UNIT","apartamento","1038580","69",,"2","1","950","400","15051.884057971"
"2770028687","Castelo Branco","UNIT","apartamento","2299550","124",,"4","2","1700","750","18544.7580645161"
"2770029006","Meia Praia","UNIT","apartamento","3989620","180",,"5","3","4500","950","22164.5555555556"
"2769474579","Meia Praia","UNIT","apartamento","2999210","138",,"4","2","1","1","21733.4057971014"
"2770254344","Castelo Branco","UNIT","apartamento","4797120","181",,"5","3","1500","800","26503.4254143646"
"2770253610","Andorinha","UNIT","apartamento","5849350","230",,"5","3","9500","1700","25431.9565217391"
"2769757343","Morretes","UNIT","apartamento","3889440","273",,"4","3","6613","1","14247.032967033"
"2770030162","Meia Praia","UNIT","apartamento","1999260","116",,"4","4","1900","500","17235"
"2769186740","Andorinha","UNIT","apartamento","1999690","127",,"4","3","3400","1","15745.5905511811"
"2770030836","Castelo Branco","UNIT","apartamento","1479070","109",,"3","2","1500","650","13569.4495412844"
"2769186800","Centro","UNIT","apartamento","4999740","201",,"5","4","8300","1","24874.328358209"
"2770031058","Meia Praia","UNIT","apartamento","2199140","122",,"4","2","1900","750","18025.737704918"
"2769758415","Meia Praia","UNIT","apartamento","2853850","129",,"4","3","4548","1","22122.8682170543"
"2769751901","Morretes","UNIT","apartamento","1099210","68",,"2","1","950","450","16164.8529411765"
"2769471415","Meia Praia","UNIT","apartamento","1789840","123",,"4","2","1500","500","14551.5447154472"
"2770025248","Andorinha","UNIT","apartamento","6651610","183",,"5","3","1","2000","36347.5956284153"
"2770025540","Andorinha","UNIT","apartamento","3598350","179",,"5","3","2500","2500","20102.5139664804"
"2770027288","Morretes","UNIT","apartamento","989750","78",,"2","1","860","400","12689.1025641026"
"2769277920","Meia Praia","UNIT","apartamento","6157180","240",,"5","4","8491","1","25654.9166666667"
"2770252725","Meia Praia","UNIT","apartamento","1949770","128",,"4","2","1900","650","15232.578125"
"2769472721","Andorinha","UNIT","apartamento","2199240","120",,"4","2","2400","850","18327"
"2770025539","Morretes","UNIT","apartamento","824590","60",,"2","1","990","380","13743.1666666667"
"2770024348","Meia Praia","UNIT","apartamento","1349700","107",,"3","2","1200","550","12614.0186915888"
"2770024111","Castelo Branco","UNIT","apartamento","2299200","137",,"4","2","2500","1250","16782.4817518248"
"2769841107","Alto S?o Bento","UNIT","casa","626070","88",,"3","1","935","1","7114.43181818182"
"2769839004","Andorinha","UNIT","apartamento","1979270","124",,"4","2","2890","1","15961.8548387097"
"2769839543","Meia praia","UNIT","apartamento","2799430","140",,"4","3","2800","500","19995.9285714286"
"2769847033","Meia Praia","UNIT","comercial","14659530","800",,"2","1","33568","1900","18324.4125"
"2769845948","Meia Praia","UNIT","apartamento","2364660","193",,"5","3","3800","950","12252.1243523316"
"2769844607","Centro","UNIT","apartamento","2599680","185",,"5","2","3500","1200","14052.3243243243"
"2769846149","Andorinha","UNIT","apartamento","1707510","118",,"4","3","2771","1","14470.4237288136"
"2769852836","Castelo Branco","UNIT","apartamento","4499570","276",,"6","4","6400","1","16302.7898550725"
"2769846561","Meia Praia","UNIT","apartamento","939330","87",,"3","2","1550","550","10796.8965517241"
"2769184360","Meia Praia","UNIT","apartamento","1181688","87",,"3","1","1928","1","13582.6206896552"
"2769755634","Meia Praia","UNIT","apartamento","7929440","185",,"5","3","9800","2000","42861.8378378378"
"2769186435","Andorinha","UNIT","apartamento","2298120","145",,"5","3","3908","1","15849.1034482759"
"2770032324","Tabuleiro dos Oliveiras","UNIT","apartamento","799810","70",,"2","1","1360","1","11425.8571428571"
"2769753086","Castelo Branco","UNIT","apartamento","894470","126",,"2","0","2000","650","7098.96825396825"
"2769849240","Andorinha","UNIT","apartamento","2498890","200",,"5","4","2500","750","12494.45"
"2769851371","Meia Praia","UNIT","apartamento","2564890","193",,"5","3","3800","620","13289.585492228"
"2765597322","Ilhota","UNIT","apartamento","202658","38",,"1","1",,,"5333.1052631579"
"2770094113","Andorinha","UNIT","apartamento","1798800","126",,"3","2","1750","650","14276.1904761905"
"2766833218","Casa Branca","UNIT","outros","1100000","200",,"2","2","1",,"5500"
"2770206625","Meia Praia","UNIT","apartamento","20888000","483",,"7","6","1","1","43246.3768115942"
"2770213549","Andorinha","UNIT","apartamento","799000","70",,"1","1","750","350","11414.2857142857"
"2770278128","Andorinha","UNIT","apartamento","1792000","140",,"1","2","0","630","12800"
"2769537128","Meia Praia","UNIT","apartamento","1575000","116",,"3","3","1200","601","13577.5862068966"
"2770248338","Meia Praia","UNIT","apartamento","3990000","260",,"5","3","5000","700","15346.1538461538"
"2768816313","Meia Praia","UNIT","apartamento","4535630","214",,"6","3","0","0","21194.5327102804"
"2769883040","Centro","UNIT","apartamento","2600000","185",,"5","2","0","0","14054.0540540541"
"2770229564","Centro","UNIT","apartamento","7888000","185",,"5","3","1","1","42637.8378378378"
"2770126540","Centro","UNIT","apartamento","2400000","149",,"3","3","1000","800","16107.3825503356"
"2770239827","Meia Praia","UNIT","apartamento","7888000","166",,"5","3","1","1","47518.0722891566"
"2770025506","Centro","UNIT","apartamento","3999350","135",,"4","2","2500","950","29624.8148148148"
"2701235709","Morretes","UNIT","casa","630001","100",,"3","2","500","0","6300.01"
"2768632232","Centro","UNIT","apartamento","1740000","117",,"1","2","100","0","14871.7948717949"
"2769977132","Meia Praia","UNIT","apartamento","1750000","134",,"4","2","1480","520","13059.7014925373"
"2437374015","Andorinha","UNIT","apartamento","385000","68",,"2","1","0","1","5661.76470588235"
"2769967880","Meia Praia","UNIT","apartamento","5299000","198",,"5","3",,"0","26762.6262626263"
"2769308191","Morretes","UNIT","apartamento","1052500","62",,"1","1","100",,"16975.8064516129"
"2769313874","Castelo Branco","UNIT","apartamento","1266000","101",,"2","2","100",,"12534.6534653465"
"2767582385","Morretes","UNIT","apartamento","4999000","198",,"4","3","100",,"25247.4747474747"
"2767583186","Centro","UNIT","apartamento","4195000","177",,"4","3","100",,"23700.5649717514"
"2767581382","Meia Praia","UNIT","apartamento","1716000","105",,"3","2","100",,"16342.8571428571"
"2769311875","Centro","UNIT","apartamento","839000","64",,"1","1","100",,"13109.375"
"2770030025","Andorinha","UNIT","apartamento","2349440","123",,"4","3","3995","1","19101.1382113821"
"2769852834","Meia Praia","UNIT","apartamento","3789490","213",,"5","3","6000","1","17791.0328638498"
"2770103863","Morretes","UNIT","apartamento","640200","68",,"2","1","600","350","9414.70588235294"
"2764359916","Meia Praia","UNIT","apartamento","1462197","115",,"4","2","1","1","12714.7565217391"
"2624566360","Casa Branca","UNIT","apartamento","540000","65",,"1","1","0","225","8307.69230769231"
"2713180530","Meia Praia","UNIT","apartamento","900000","107",,"2","1","0","0","8411.21495327103"
"2735565849","Ilhota","UNIT","casa","17000000","2000",,"7","10","7000","2000","8500"
"2754745133","Centro","UNIT","casa","5990000","368",,"5","5",,"0","16277.1739130435"
"2644278795","Morretes","UNIT","apartamento","709000","63",,"2","1","850","350","11253.9682539683"
"2569333312","Morretes","UNIT","casa","650000","65",,"3","1","0","0","10000"
"2746485227","Andorinha","UNIT","terreno","2197000","300",,"0","0",,,"7323.33333333333"
"2730785017","Casa Branca","UNIT","casa","1500000","150",,"1","2",,,"10000"
"2763649234","Morretes","UNIT","casa","750000","114",,"2","1",,"0","6578.94736842105"
"2716005427","Casa Branca","UNIT","casa","6999000","419",,"5","8","0","0","16704.0572792363"
"2751147314","Morretes","UNIT","apartamento","386000","43",,"1","1","1000","350","8976.74418604651"
"2766852223","Andorinha","UNIT","apartamento","1149800","120",,"3","2","0","482","9581.66666666667"
"2560637559","Morretes","UNIT","casa","750000","100",,"3","2","500",,"7500"
"2560637208","Morretes","UNIT","apartamento","797000","70",,"2","1","0","0","11385.7142857143"
"2763100435","Casa Branca","UNIT","terreno","725000","300",,"0","0","0","0","2416.66666666667"
"2671622394","Alto S?o Bento","UNIT","terreno","560000","552",,"0","0","0",,"1014.49275362319"
"2430848984","Meia Praia","UNIT","apartamento","1560000","165",,"3","2","780","713","9454.54545454545"
"2560637625","Morretes","UNIT","apartamento","620000","74",,"2","1","500","300","8378.37837837838"
"2734074319","Morretes","UNIT","comercial","479600","59",,"1","1","0","0","8128.81355932203"
"2765080042","Morretes","UNIT","casa","1190001","150",,"3","4","1000","0","7933.34"
"2560637265","Morretes","UNIT","casa","710000","105",,"3","2","0","0","6761.90476190476"
"2760158318","Centro","UNIT","apartamento","490000","85",,"1","1","1000","500","5764.70588235294"
"2569298355","Meia Praia","UNIT","apartamento","592000","40",,"1","1",,,"14800"
"2560637530","Morretes","UNIT","casa","462000","55",,"1","2","500",,"8400"
"2725006089","<vazio>","UNIT","casa","18370000","811",,"2","6","0","0","22651.0480887793"
"2724150851","Morretes","UNIT","apartamento","630000","70",,"2","1",,,"9000"
"2752684826","Ilhota","UNIT","casa","18370000","811",,"6","6",,"905","22651.0480887793"
"94919065","Canto da Praia","UNIT","casa","2950000","218",,"2","3","1100","80","13532.1100917431"
"2759234724","Andorinha","UNIT","apartamento","10000","437",,"9","6","100","10","22.883295194508"
"2762864386","Morretes","UNIT","apartamento","463900","69",,"3","1",,,"6723.1884057971"
"2647887720","Meia Praia","UNIT","casa","6680000","189",,"5","3","0","0","35343.9153439153"
"2724088774","Morretes","UNIT","apartamento","477000","64",,"2","2","104","365","7453.125"
"2560637144","Morretes","UNIT","terreno","650000","288",,"0","0","0","0","2256.94444444444"
"2580327994","Morretes","UNIT","casa","470000","60",,"1","2","500",,"7833.33333333333"
"2560057017","Meia Praia","UNIT","apartamento","1990000","164",,"5","3",,,"12134.1463414634"
"2769033042","Tabuleiro dos Oliveiras","UNIT","casa","999000","320",,"5","3","0","0","3121.875"
"2660284690","Morretes","UNIT","apartamento","450000","74",,"2","1",,,"6081.08108108108"
"2668438295","Meia Praia","UNIT","casa","1800000","205",,"3","2","0",,"8780.48780487805"
"2754745930","Andorinha","UNIT","apartamento","9878830","300",,"7","3",,"0","32929.4333333333"
"2560637477","Morretes","UNIT","casa","570000","90",,"3","1","1000","0","6333.33333333333"
"2747201025","Canto da Praia","UNIT","casa","7650000","350",,"7","4","0","0","21857.1428571429"
"2685614737","Meia Praia","UNIT","apartamento","745000","46",,"1","1","0","0","16195.652173913"
"2560637361","Morretes","UNIT","casa","580000","80",,"3","2","1000","0","7250"
"2718961434","Jardim Praia Mar","UNIT","apartamento","563400","64",,"2","1","440","210","8803.125"
"2725007146","Ilhota","UNIT","casa","14950000","575",,"2","3","0","0","26000"
"2597988477","Castelo Branco","UNIT","casa","1378000","240",,"2","2",,,"5741.66666666667"
"2560637384","Morretes","UNIT","casa","550000","95",,"3","2","600",,"5789.47368421053"
"2759405016","Morretes","UNIT","apartamento","420000","60",,"1","1","500","300","7000"
"2758386841","Tabuleiro dos Oliveiras","UNIT","apartamento","390000","56",,"1","1","1","1","6964.28571428571"
"2560637594","Morretes","UNIT","casa","462000","55",,"1","2","500",,"8400"
"2733219020","Ilhota","UNIT","casa","18370000","574",,"3","3","0",,"32003.4843205575"
"2560637689","Morretes","UNIT","casa","580000","80",,"3","2","1000","0","7250"
"2682738365","Morretes","UNIT","casa","550000","76",,"2","1","0",,"7236.84210526316"
"2678340832","Morretes","UNIT","casa","550000","75",,"3","2","500","0","7333.33333333333"
"2560637480","Morretes","UNIT","casa","540000","95",,"3","2","500","0","5684.21052631579"
"2660284689","Morretes","UNIT","apartamento","450000","74",,"2","1",,,"6081.08108108108"
"2762836313","Morretes","UNIT","apartamento","420000","55",,"1","1","500","300","7636.36363636364"
"2761879721","Meia Praia","UNIT","apartamento","1790000","123",,"3","2",,,"14552.8455284553"
"2727491057","Sert?o do Trombudo","UNIT","terreno","286821","200",,"0","0","1","0","1434.105"
"2722470049","Casa Branca","UNIT","casa","750000","120",,"2","2",,,"6250"
"2676776410","Morretes","UNIT","terreno","500000","284",,"0","0",,,"1760.56338028169"
"2644998762","Morretes","UNIT","casa","450000","65",,"1","2","500","0","6923.07692307692"
"2700108285","Ilhota","UNIT","apartamento","255000","38",,"1","1",,"300","6710.52631578947"
"2651709408","Morretes","UNIT","casa","1650000","200",,"4","3",,,"8250"
"2764740721","Alto S?o Bento","UNIT","apartamento","595226","67",,"3","1",,,"8883.97014925373"
"2752687396","Ilhota","UNIT","casa","14950000","574",,"5","3",,,"26045.2961672474"
"2560637309","Morretes","UNIT","terreno","650000","288",,"0","0","0","0","2256.94444444444"
"2761579415","Meia Praia","UNIT","apartamento","24990000","331",,"6","3",,,"75498.4894259819"
"2560637283","Morretes","UNIT","casa","462000","55",,"1","2","500",,"8400"
"2560637635","Morretes","UNIT","terreno","650000","288",,"0","0","0","0","2256.94444444444"
"2735747819","Morretes","UNIT","apartamento","613000","63",,"2","1",,,"9730.15873015873"
"2560637366","Morretes","UNIT","terreno","650000","288",,"0","0","0","0","2256.94444444444"
"2721531871","Ilhota","UNIT","casa","500000","74",,"2","1","0","0","6756.75675675676"
"2567865289","Centro","UNIT","casa","9998800","505",,"6","5",,,"19799.603960396"
"2574648001","Meia Praia","UNIT","apartamento","658440","40",,"1","1",,,"16461"
"2518092778","Canto da Praia","UNIT","casa","2950000","200",,"3","3","1500","500","14750"
"2762883866","Morretes","UNIT","apartamento","499000","69",,"3","1",,,"7231.88405797101"
"2754747723","Meia Praia","UNIT","casa","3005000","161",,"6","3",,"0","18664.5962732919"
"2560637675","Morretes","UNIT","casa","595001","80",,"3","2","1000","0","7437.5125"
"2662253170","Morretes","UNIT","casa","1200000","315",,"2","2",,,"3809.52380952381"
"2762890210","Morretes","UNIT","apartamento","459000","69",,"2","1",,,"6652.17391304348"
"2560637739","Morretes","UNIT","casa","550000","88",,"3","2","1000",,"6250"
"2702443816","Morretes","UNIT","apartamento","410000","63",,"1","1","480","320","6507.93650793651"
"2702735875","Canto da Praia","UNIT","casa","7500000","350",,"7","4",,,"21428.5714285714"
"2732416567","Casa Branca","UNIT","casa","12000000","689",,"6","4","2196","1514","17416.5457184325"
"2560637000","Morretes","UNIT","terreno","650000","288",,"0","0","0","0","2256.94444444444"
"2761510113","Morretes","UNIT","casa","550000","70",,"3","2","2616","0","7857.14285714286"
"2754746763","Meia Praia","UNIT","casa","1416517","177",,"3","2",,"0","8002.9209039548"
"2763648032","Morretes","UNIT","casa","590000","76",,"3","2",,"0","7763.15789473684"
"2761579627","Canto da Praia","UNIT","casa","7650000","350",,"7","4",,,"21857.1428571429"
"2769751998","Centro","UNIT","apartamento","2549150","130",,"4","2","2900","850","19608.8461538462"
"2770028524","Meia Praia","UNIT","apartamento","1749410","130",,"4","3","3200","650","13457"
"2770027283","Morretes","UNIT","apartamento","749480","54",,"2","1","900","540","13879.2592592593"
"2769468396","Morretes","UNIT","apartamento","969490","69",,"3","1","900","450","14050.5797101449"
"2770251912","Meia Praia","UNIT","apartamento","1199590","124",,"2","1","1500","600","9674.11290322581"
"2769852720","Morretes","UNIT","apartamento","1099070","70",,"3","1","800","450","15701"
"2768967485","Castelo Branco","UNIT","apartamento","1759370","103",,"4","2","1800","550","17081.2621359223"
"2769187285","Centro","UNIT","apartamento","3679350","131",,"4","2","6377","1","28086.641221374"
"2769757259","Castelo Branco","UNIT","apartamento","886390","68",,"3","1","1507","1","13035.1470588235"
"2769842370","Andorinha","UNIT","apartamento","1358070","113",,"4","1","1400","550","12018.3185840708"
"2768965745","Morretes","UNIT","apartamento","6499830","268",,"5","2","5800","1500","24253.0970149254"
"2769846435","Meia Praia","UNIT","apartamento","1099740","169",,"2","1","500","365","6507.33727810651"
"2769855061","Meia Praia","UNIT","apartamento","5999670","260",,"5","4","8500","2200","23075.6538461538"
"2769752537","Meia Praia","UNIT","apartamento","1999710","168",,"5","2","2000","660","11903.0357142857"
"2769759729","Andorinha","UNIT","apartamento","2349310","163",,"5","3","1900","850","14412.9447852761"
"2769472313","Meia Praia","UNIT","apartamento","2989010","142",,"4","3","2200","950","21049.3661971831"
"2769843887","Centro","UNIT","apartamento","1549010","127",,"4","2","2900","650","12196.9291338583"
"2769851811","Jardim Praia Mar","UNIT","apartamento","838640","60",,"2","1","1278","400","13977.3333333333"
"2768967857","Castelo Branco","UNIT","apartamento","2699190","142",,"4","2","1500","750","19008.3802816901"
"2769848728","Meia Praia","UNIT","apartamento","2549330","128",,"4","3","3655","1","19916.640625"
"2769846148","Andorinha","UNIT","apartamento","1572702","127",,"4","2","2601","1","12383.4803149606"
"2769838288","Andorinha","UNIT","apartamento","1989460","120",,"4","4","3213","1","16578.8333333333"
"2769757472","Andorinha","UNIT","apartamento","3499580","142",,"4","3","5950","1","24644.9295774648"
"2769472670","Canto da Praia","UNIT","apartamento","1749860","116",,"4","2","2975","1","15085"
"2769752096","Centro","UNIT","apartamento","3779230","146",,"4","2","2500","800","25885.1369863014"
"2769754521","Centro","UNIT","apartamento","1099220","85",,"3","2","700","383","12932"
"2769757300","Tabuleiro dos Oliveiras","UNIT","apartamento","989490","70",,"2","1","1683","1","14135.5714285714"
"2769840897","Casa Branca","UNIT","apartamento","809610","70",,"3","1","650","350","11565.8571428571"
"2770027732","Meia Praia","UNIT","apartamento","7123200","180",,"5","3","1","680","39573.3333333333"
"2769753602","Centro","UNIT","apartamento","1989450","130",,"4","2","1500","600","15303.4615384615"
"2770254038","Meia Praia","UNIT","apartamento","2989460","193",,"5","3","2000","800","15489.4300518135"
"2769753714","Morretes","UNIT","apartamento","789550","56",,"2","1","900","450","14099.1071428571"
"2770253921","Meia Praia","UNIT","apartamento","1689780","127",,"4","3","1","1","13305.3543307087"
"2770253946","Castelo Branco","UNIT","apartamento","2909050","176",,"4","3","500","780","16528.6931818182"
"2770251487","Morretes","UNIT","apartamento","879740","67",,"3","1","950","400","13130.447761194"
"2770028692","Meia Praia","UNIT","apartamento","3699200","183",,"5","3","5500","1200","20214.2076502732"
"2770253862","Meia Praia","UNIT","apartamento","2449110","137",,"4","3","1800","600","17876.7153284672"
"2770030362","Castelo Branco","UNIT","apartamento","1249480","97",,"3","1","1400","650","12881.2371134021"
"2769754988","Centro","UNIT","apartamento","2289260","149",,"4","3","1700","650","15364.1610738255"
"2770029676","Castelo Branco","UNIT","apartamento","1499170","110",,"4","2","1800","600","13628.8181818182"
"2769473857","Morretes","UNIT","apartamento","779720","52",,"1","1","850","400","14994.6153846154"
"2769476527","Meia Praia","UNIT","apartamento","6929830","166",,"5","4","11645","1","41745.9638554217"
"2769757484","Meia Praia","UNIT","apartamento","4889060","202",,"5","3","8313","1","24203.2673267327"
"2769758217","Meia Praia","UNIT","apartamento","1519710","126",,"4","3","2500","650","12061.1904761905"
"2770032015","Varzea","UNIT","terreno","2989630","2100",,"0","0","19999","1","1423.63333333333"
"2769758436","Andorinha","UNIT","apartamento","1599200","110",,"4","4","1800","65","14538.1818181818"
"2769474711","Meia Praia","UNIT","apartamento","9529200","180",,"5","4","15899","1","52940"
"2769758443","Morretes","UNIT","apartamento","569610","85",,"2","2","550","300","6701.29411764706"
"2770031182","Andorinha","UNIT","apartamento","1639690","117",,"4","2","1900","550","14014.4444444444"
"2769186745","Castelo Branco","UNIT","apartamento","2789600","161",,"5","3","4743","1","17326.7080745342"
"2769190345","Meia Praia","UNIT","apartamento","2689640","130",,"4","2","1800","650","20689.5384615385"
"2769754303","Meia Praia","UNIT","apartamento","3199900","216",,"3","2","5440","1","14814.3518518519"
"2769185844","Andorinha","UNIT","apartamento","3457390","188",,"5","3","2900","850","18390.3723404255"
"2770253861","Meia Praia","UNIT","apartamento","5499140","225",,"5","3","3000","1","24440.6222222222"
"2769752943","Meia Praia","UNIT","apartamento","3999340","177",,"4","2","4000","1000","22595.1412429379"
"2769473434","Andorinha","UNIT","apartamento","2329110","145",,"3","3","2400","850","16062.8275862069"
"2770030513","Meia Praia","UNIT","apartamento","1889810","110",,"4","2","2950","65","17180.0909090909"
"2770029674","Castelo Branco","UNIT","apartamento","1699100","252",,"4","2","1900","800","6742.46031746032"
"2770029771","Castelo Branco","UNIT","apartamento","1799890","141",,"4","2","1600","65","12765.1773049645"
"2769844752","Meia Praia","UNIT","apartamento","1099200","79",,"3","2","1400","450","13913.9240506329"
"2769183285","Meia Praia","UNIT","apartamento","1999630","145",,"5","3","3400","1","13790.5517241379"
"2769755235","Andorinha","UNIT","apartamento","1379630","191",,"3","1","2000","900","7223.19371727749"
"2770024542","Tabuleiro dos Oliveiras","UNIT","apartamento","668570","60",,"2","1","900","450","11142.8333333333"
"2769858737","Centro","UNIT","apartamento","1799590","149",,"4","3","1","1","12077.7852348993"
"2769840162","Canto da Praia","UNIT","apartamento","4499530","180",,"5","3","7225","1","24997.3888888889"
"2769845152","Meia Praia","UNIT","apartamento","3008240","182",,"5","3","3928","950","16528.7912087912"
"2769472370","Morretes","UNIT","apartamento","849490","70",,"2","2","950","450","12135.5714285714"
"2769758208","Andorinha","UNIT","apartamento","2379660","133",,"4","3","2800","880","17892.1804511278"
"2770027494","Centro","UNIT","apartamento","2289080","141",,"4","2","1300","700","16234.609929078"
"2769842986","Andorinha","UNIT","apartamento","1488810","109",,"4","2","1600","550","13658.8073394495"
"2769845685","Andorinha","UNIT","apartamento","2789880","206",,"5","3","2800","550","13543.1067961165"
"2769754864","Tabuleiro dos Oliveiras","UNIT","apartamento","849660","70",,"2","1","850","350","12138"
"2769189762","Centro","UNIT","apartamento","3699720","150",,"5","3","3800","120","24664.8"
"2769755640","Andorinha","UNIT","apartamento","3974880","260",,"6","3","1900","950","15288"
"2769845015","Andorinha","UNIT","apartamento","1689040","130",,"4","2","2533","1","12992.6153846154"
"2770094018","Meia Praia","UNIT","apartamento","2990000","190",,"5","3","36000","1000","15736.8421052632"
"2770250472","Meia Praia","UNIT","apartamento","849020","102",,"2","1","1800","420","8323.72549019608"
"2769753582","Morretes","UNIT","casa","828430","110",,"3","2","700","1","7531.18181818182"
"2770027653","Morretes","UNIT","apartamento","849870","67",,"2","1","750","300","12684.6268656716"
"2769754448","Meia Praia","UNIT","apartamento","2099260","130",,"4","3","2500","700","16148.1538461538"
"2770027375","Andorinha","UNIT","apartamento","2334620","120",,"4","2","2408","700","19455.1666666667"
"2769472419","<vazio>","UNIT","apartamento","739900","67",,"2","1","1","1","11043.2835820896"
"2770254475","Meia Praia","UNIT","apartamento","3157730","128",,"3","2","2750","550","24669.765625"
"2770027982","Meia Praia","UNIT","apartamento","1560570","111",,"4","2","1800","650","14059.1891891892"
"2769468577","Morretes","UNIT","casa","789520","110",,"3","2","800","1","7177.45454545455"
"2770030419","Centro","UNIT","apartamento","1689180","100",,"3","2","1800","550","16891.8"
"2770030922","Meia Praia","UNIT","apartamento","3599840","180",,"5","3","3500","850","19999.1111111111"
"2769182071","Meia Praia","UNIT","apartamento","1989510","123",,"4","2","1600","850","16174.8780487805"
"2769757578","Meia Praia","UNIT","apartamento","2499270","130",,"4","3","4250","1","19225.1538461538"
"2769758042","Morretes","UNIT","apartamento","1349170","69",,"3","2","1200","350","19553.1884057971"
"2769758434","Andorinha","UNIT","apartamento","2599860","156",,"4","3","3000","1200","16665.7692307692"
"2769757568","Morretes","UNIT","apartamento","729040","64",,"2","1","1241","1","11391.25"
"2770028472","Meia Praia","UNIT","apartamento","1199780","120",,"2","1","1200","600","9998.16666666667"
"2770027670","Andorinha","UNIT","apartamento","7821540","271",,"5","3","5000","1970","28861.7712177122"
"2769754559","Meia Praia","UNIT","apartamento","1279310","100",,"2","1","1200","650","12793.1"
"2770254037","Tabuleiro dos Oliveiras","UNIT","apartamento","649340","60",,"2","1","1000","400","10822.3333333333"
"2770024408","Alto S?o Bento","UNIT","apartamento","649720","60",,"1","1","900","450","10828.6666666667"
"2769753968","Morretes","UNIT","apartamento","589850","72",,"1","1","900","300","8192.36111111111"
"2769755629","Meia Praia","UNIT","apartamento","2199870","132",,"4","3","1600","850","16665.6818181818"
"2770025907","Andorinha","UNIT","apartamento","739560","66",,"1","1","900","420","11205.4545454545"
"2770030861","Meia Praia","UNIT","apartamento","2799770","160",,"5","1","476","1","17498.5625"
"2770030881","Meia Praia","UNIT","apartamento","3999080","254",,"6","3","6800","1","15744.4094488189"
"2769471997","Andorinha","UNIT","apartamento","1872800","116",,"4","2","3184","1","16144.8275862069"
"2769757263","Meia Praia","UNIT","apartamento","2399240","127",,"4","3","4080","1","18891.6535433071"
"2769473335","Meia praia","UNIT","apartamento","3397890","179",,"4","3","3800","900","18982.625698324"
"2769758610","Castelo Branco","UNIT","apartamento","2079270","134",,"4","5","1900","776","15516.9402985075"
"2769851541","Meia Praia","UNIT","apartamento","2609340","135",,"4","2","1800","650","19328.4444444444"
"2769854418","Meia Praia","UNIT","apartamento","1998780","252",,"5","2","3000","850","7931.66666666667"
"2769854163","Meia Praia","UNIT","apartamento","2689350","132",,"4","2","4800","600","20373.8636363636"
"2770251039","Andorinha","UNIT","apartamento","3199030","183",,"5","3","4500","1200","17481.0382513661"
"2769844095","Centro","UNIT","apartamento","2160739","127",,"4","2","2990","1","17013.6929133858"
"2769841451","Andorinha","UNIT","apartamento","4249180","187",,"5","3","7225","1","22722.8877005348"
"2769842617","Meia Praia","UNIT","apartamento","1589050","133",,"4","2","1600","550","11947.7443609023"
"2769846614","Meia Praia","UNIT","apartamento","1749190","128",,"4","2","2975","1","13665.546875"
"2769847728","Morretes","UNIT","apartamento","3779490","187",,"5","3","5355","1","20211.1764705882"
"2769842396","Morretes","UNIT","casa","649170","105",,"3","2","800","1","6182.57142857143"
"2769848787","Meia Praia","UNIT","apartamento","1949770","126",,"4","3","1800","525","15474.3650793651"
"2769847635","Andorinha","UNIT","apartamento","1899770","132",,"4","2","2890","1","14392.196969697"
"2769854816","Meia Praia","UNIT","apartamento","2299880","175",,"5","3","1900","700","13142.1714285714"
"2769848202","Meia Praia","UNIT","apartamento","2799890","190",,"5","3","4242","590","14736.2631578947"
"2769854539","Castelo Branco","UNIT","apartamento","1649850","140",,"4","2","1700","700","11784.6428571429"
"2769851070","Meia Praia","UNIT","apartamento","2409710","199",,"5","3","3200","950","12109.0954773869"
"2769835499","Meia Praia","UNIT","apartamento","2399830","128",,"4","3","3570","1","18748.671875"
"2769843255","Morretes","UNIT","casa","579670","117",,"3","1","986","1","4954.44444444444"
"2769843430","Andorinha","UNIT","apartamento","1579620","126",,"4","2","2000","660","12536.6666666667"
"2769840167","Andorinha","UNIT","apartamento","1799190","124",,"4","2","1600","650","14509.5967741935"
"2769850242","Meia praia","UNIT","apartamento","2999490","285",,"5","2","3500","950","10524.5263157895"
"2769851088","Morretes","UNIT","casa","898230","167",,"2","2","850","1","5378.62275449102"
"2769855329","Meia Praia","UNIT","apartamento","3406160","197",,"5","3","3500","490","17290.152284264"
"2769853322","Andorinha","UNIT","apartamento","4199710","300",,"6","3","4000","1200","13999.0333333333"
"2769845784","Meia Praia","UNIT","apartamento","3199490","216",,"5","3","3600","1100","14812.4537037037"
"2769847142","Centro","UNIT","apartamento","3299110","128",,"4","2","3200","65","25774.296875"
"2769847990","Meia praia","UNIT","apartamento","3999260","128",,"4","3","1800","850","31244.21875"
"2769847783","Castelo Branco","UNIT","apartamento","1949420","145",,"5","3","2703","691","13444.275862069"
"2769853141","Canto da Praia","UNIT","casa","3249630","200",,"3","3","3360","1","16248.15"
"2769188336","Castelo Branco","UNIT","apartamento","1189470","95",,"2","2","2040","1","12520.7368421053"
"2768646048","Meia Praia","UNIT","apartamento","5320000","183",,"5","3","0","1300","29071.0382513661"
"2769180288","Tabuleiro dos Oliveiras","UNIT","apartamento","824520","69",,"2","1","1200","500","11949.5652173913"
"2769186519","Andorinha","UNIT","apartamento","1199460","75",,"3","2","1","500","15992.8"
"2769181836","Morretes","UNIT","apartamento","984630","70",,"3","2","950","450","14066.1428571429"
"2769178521","Morretes","UNIT","apartamento","859650","63",,"2","1","900","360","13645.2380952381"
"2769838302","Morretes","UNIT","apartamento","6671610","186",,"5","3","11203","1","35868.8709677419"
"2769476955","Centro","UNIT","apartamento","1549050","200",,"4","1","1550","1100","7745.25"
"2769848032","Canto da Praia","UNIT","casa","2949750","200",,"3","3","1200","450","14748.75"
"2770030379","Alto S?o Bento","UNIT","apartamento","679490","70",,"2","1","1156","1","9707"
"2769838583","Canto da Praia","UNIT","apartamento","1667490","125",,"4","2","2521","1","13339.92"
"2769184405","Centro","UNIT","apartamento","3119490","216",,"5","2","5304","1","14442.0833333333"
"2769757632","Centro","UNIT","apartamento","1639610","117",,"4","2","2618","600","14013.7606837607"
"2769839872","Meia Praia","UNIT","apartamento","1499570","122",,"4","2","1600","650","12291.5573770492"
"2768969260","Meia Praia","UNIT","apartamento","1683860","105",,"4","2","1500","650","16036.7619047619"
"2769474756","Meia Praia","UNIT","apartamento","2689250","164",,"5","3","2200","850","16397.8658536585"
"2769839857","Andorinha","UNIT","apartamento","1879060","127",,"4","2","1900","750","14795.7480314961"
"2770032024","Tabuleiro dos Oliveiras","UNIT","apartamento","949160","70",,"2","1","1615","1","13559.4285714286"
"2770029689","Meia Praia","UNIT","apartamento","999660","93",,"3","2","1300","480","10749.0322580645"
"2769848307","Castelo Branco","UNIT","apartamento","1049290","114",,"4","2","1700","1","9204.29824561403"
"2769188516","Meia Praia","UNIT","apartamento","1099840","129",,"2","2","1600","750","8525.89147286822"
"2769842288","Meia Praia","UNIT","apartamento","1849300","129",,"4","3","2500","850","14335.6589147287"
"2769754834","Tabuleiro dos Oliveiras","UNIT","apartamento","949850","70",,"2","1","900","400","13569.2857142857"
"2769190816","Tabuleiro dos Oliveiras","UNIT","apartamento","849610","62",,"1","1","850","320","13703.3870967742"
"2769187251","Meia Praia","UNIT","apartamento","1999170","180",,"5","3","3400","1","11106.5"
"2769185886","Morretes","UNIT","apartamento","5199690","273",,"5","3","8840","1","19046.4835164835"
"2770028730","Meia Praia","UNIT","apartamento","4616030","228",,"5","3","1","1","20245.7456140351"
"2769842023","Andorinha","UNIT","apartamento","1799890","126",,"4","2","1600","650","14284.8412698413"
"2769854623","Tabuleiro dos Oliveiras","UNIT","apartamento","721450","69",,"2","1","900","300","10455.7971014493"
"2769758068","Morretes","UNIT","casa","1249790","320",,"2","2","300","1","3905.59375"
"2769839948","Canto da Praia","UNIT","apartamento","1559090","99",,"3","2","2000","1","15748.3838383838"
"2769853064","Meia Praia","UNIT","apartamento","2451230","199",,"5","3","2800","950","12317.7386934673"
"2769850184","Meia Praia","UNIT","apartamento","679510","49",,"1","1","2800","350","13867.5510204082"
"2769472056","Morretes","UNIT","apartamento","999850","63",,"3","1","900","450","15870.6349206349"
"2769183105","Meia Praia","UNIT","apartamento","2199150","116",,"4","2","3400","1","18958.1896551724"
"2769757270","Andorinha","UNIT","comercial","3867770","190",,"1","1","7629","1","20356.6842105263"
"2769754973","Meia Praia","UNIT","apartamento","2747230","163",,"5","3","2500","950","16854.1717791411"
"2769755633","Meia Praia","UNIT","apartamento","1395650","85",,"2","1","3500","450","16419.4117647059"
"2769184708","Andorinha","UNIT","apartamento","1969420","118",,"4","2","3349","1","16690"
"2770029669","Andorinha","UNIT","apartamento","1697400","131",,"4","2","1600","650","12957.2519083969"
"2769851351","Morretes","UNIT","apartamento","969620","70",,"2","1","800","450","13851.7142857143"
"2770251313","Morretes","UNIT","casa","869200","130",,"3","2","800","1","6686.15384615385"
"2769853821","Castelo Branco","UNIT","apartamento","949240","98",,"2","1","800","300","9686.12244897959"
"2769849651","Meia Praia","UNIT","apartamento","2509160","199",,"5","3","3500","1200","12608.8442211055"
"2769751993","Meia Praia","UNIT","apartamento","2679140","160",,"4","3","2300","850","16744.625"
"2769842086","Meia Praia","UNIT","apartamento","3970847","129",,"4","3","5312","1","30781.7596899225"
"2769854139","Centro","UNIT","apartamento","2299240","185",,"5","3","2300","850","12428.3243243243"
"2769840907","Morretes","UNIT","apartamento","741270","60",,"2","1","850","350","12354.5"
"2769851854","Meia Praia","UNIT","apartamento","4011590","290",,"5","4","3500","1200","13833.0689655172"
"2770028533","Andorinha","UNIT","comercial","10999780","1000",,"5","29","3000","2000","10999.78"
"2770028535","Morretes","UNIT","apartamento","928400","69",,"3","1","980","350","13455.0724637681"
"2770254978","Meia Praia","UNIT","apartamento","1649290","117",,"4","2","1800","650","14096.4957264957"
"2770254474","Castelo Branco","UNIT","comercial","1887060","84",,"1","1","1200","600","22465"
"2769852958","Castelo Branco","UNIT","apartamento","1526630","132",,"4","2","1300","550","11565.3787878788"
"2769855223","Tabuleiro dos Oliveiras","UNIT","apartamento","799220","65",,"2","1","650","300","12295.6923076923"
"2769470109","Morretes","UNIT","apartamento","729870","49",,"1","1","850","400","14895.306122449"
"2770030467","Tabuleiro dos Oliveiras","UNIT","apartamento","849570","69",,"2","1","950","35","12312.6086956522"
"2769180491","Castelo Branco","UNIT","apartamento","2749410","185",,"5","4","3200","1100","14861.6756756757"
"2769700920","Andorinha","UNIT","apartamento","1950000","130",,"3","3",,,"15000"
"2769426939","Meia Praia","UNIT","apartamento","1890000","115",,"4","2",,,"16434.7826086957"
"2769730216","Meia Praia","UNIT","apartamento","1550000","127",,"4","2",,,"12204.7244094488"
"2768681491","Meia Praia","UNIT","apartamento","3750000","142",,"4","3",,,"26408.4507042254"
"2769720648","Meia Praia","UNIT","apartamento","1300000","87",,"3","3",,,"14942.5287356322"
"2770125948","Casa Branca","UNIT","apartamento","692900","69",,"1","1",,,"10042.0289855072"
"2770125829","Jardim Praia Mar","UNIT","apartamento","751868","68",,"1","1",,,"11056.8823529412"
"2770262131","Canto da Praia","UNIT","apartamento","790000","49",,"1","1",,,"16122.4489795918"
"2769888818","Centro","UNIT","apartamento","1548115","135",,"4","2",,,"11467.5185185185"
"2769538017","Canto da Praia","UNIT","apartamento","720000","48",,"1","1",,,"15000"
"2769970433","Andorinha","UNIT","apartamento","1000000","93",,"3","2",,,"10752.688172043"
"2769440918","Andorinha","UNIT","apartamento","1850000","137",,"4","3",,,"13503.6496350365"
"2770192990","Centro","UNIT","apartamento","2446000","133",,"3","3","1","1","18390.977443609"
"2770277868","Meia Praia","UNIT","apartamento","1920000","149",,"1","4","0","0","12885.9060402685"
"2770278026","Meia Praia","UNIT","apartamento","2090000","134",,"1","2","1624","776","15597.0149253731"
"2769537921","Meia Praia","UNIT","apartamento","1250000","98",,"3","1","750","580","12755.1020408163"
"2769538114","Meia Praia","UNIT","apartamento","2400000","137",,"3","1","2300","1120","17518.2481751825"
"2769125021","Centro","UNIT","apartamento","7165000","235",,"5","3","1","1","30489.3617021277"
"2769536336","Centro","UNIT","apartamento","2100000","130",,"3","2",,"500","16153.8461538462"
"2767582232","Morretes","UNIT","apartamento","900000","70",,"2","1","100",,"12857.1428571429"
"2768182531","Morretes","UNIT","casa","890000","90",,"2","2","0","0","9888.88888888889"
"2767584024","Castelo Branco","UNIT","apartamento","1300000","102",,"1","0","100",,"12745.0980392157"
"2770045036","Centro","UNIT","apartamento","2900000","154",,"4","0","3000","0","18831.1688311688"
"2770277867","Meia Praia","UNIT","apartamento","1684000","105",,"1","2","1306","585","16038.0952380952"
"2764940113","Morretes","UNIT","apartamento","828377","62",,"1","0","500","0","13360.9193548387"
"2770091351","Meia Praia","UNIT","apartamento","1680000","147",,"3","1","18000","750","11428.5714285714"
"2770201815","Meia Praia","UNIT","apartamento","7628000","261",,"5","3","1","1","29226.0536398467"
"2769959038","Meia Praia","UNIT","apartamento","1150000","109",,"2","1","865","558","10550.4587155963"
"2690155611","Andorinha","UNIT","apartamento","2000000","135",,"4","2",,,"14814.8148148148"
"2711003805","Sert?o do Trombudo","UNIT","terreno","265575","200",,"0","0","0","0","1327.875"
"2761506951","Meia Praia","UNIT","apartamento","1575000","130",,"4","2",,"500","12115.3846153846"
"2764022539","Morretes","UNIT","apartamento","650000","89",,"2","0",,,"7303.37078651685"
"2770125832","Centro","UNIT","apartamento","1800000","105",,"2","2",,,"17142.8571428571"
"2770166507","Meia Praia","UNIT","apartamento","1800000","116",,"1","3",,,"15517.2413793103"
"2769766962","Meia Praia","UNIT","apartamento","2201409","172",,"5","3",,,"12798.8895348837"
"2769402625","Morretes","UNIT","apartamento","890000","69",,"2","1",,,"12898.5507246377"
"2770245024","Alto S?o Bento","UNIT","terreno","350000","330",,"0","0","0","0","1060.60606060606"
"2769341146","Meia Praia","UNIT","apartamento","1960000","122",,"3","2","253","531","16065.5737704918"
"2764633847","Meia Praia","UNIT","apartamento","2330000","120",,"4","2","2400","0","19416.6666666667"
"2763090330","Morretes","UNIT","apartamento","470000","70",,"2","1",,,"6714.28571428571"
"2769343130","Meia Praia","UNIT","apartamento","4591000","180",,"4","3","0",,"25505.5555555556"
"2770027114","Meia Praia","UNIT","apartamento","1300000","87",,"2","3","0",,"14942.5287356322"
"2770155962","Morretes","UNIT","apartamento","785000","60",,"1","1","0",,"13083.3333333333"
"2769343816","Meia Praia","UNIT","apartamento","1890000","115",,"3","2","0",,"16434.7826086957"
"2769342623","Meia Praia","UNIT","apartamento","1920000","149",,"4","4","0",,"12885.9060402685"
"2762859815","Meia Praia","UNIT","apartamento","2400000","127",,"3","2","0",,"18897.6377952756"
"2711131061","Morretes","UNIT","apartamento","350000","77",,"1","1",,,"4545.45454545455"
"2769854142","Meia Praia","UNIT","apartamento","2699870","137",,"4","3","1900","750","19707.0802919708"
"2769758780","Morretes","UNIT","apartamento","809110","89",,"3","2","950","100","9091.12359550562"
"2769848122","Castelo Branco","UNIT","apartamento","1689200","138",,"4","3","2500","650","12240.5797101449"
"2770028007","Castelo Branco","UNIT","apartamento","1989460","129",,"4","2","1600","650","15422.1705426357"
"2769755915","Andorinha","UNIT","comercial","1489220","82",,"1","0","1200","350","18161.2195121951"
"2769854230","Meia Praia","UNIT","apartamento","1939850","119",,"4","2","2100","770","16301.2605042017"
"2769474225","Centro","UNIT","apartamento","929500","80",,"1","1","1500","300","11618.75"
"2770024638","Morretes","UNIT","casa","589080","87",,"3","2","650","1","6771.03448275862"
"2769847511","Meia Praia","UNIT","apartamento","1499400","154",,"4","2","1870","1","9736.36363636364"
"2766436118","Meia Praia","UNIT","apartamento","2200000","130",,"3","2","0",,"16923.0769230769"
"2769148272","Meia Praia","UNIT","apartamento","2200000","129",,"4","2",,,"17054.2635658915"
"2770248513","Meia Praia","UNIT","apartamento","4200000","157",,"3","3","0","0","26751.5923566879"
"2770155826","Meia Praia","UNIT","apartamento","2200000","138",,"4","3","0","0","15942.0289855072"
"2767610714","Meia Praia","UNIT","apartamento","2100000","142",,"4","3","3000","600","14788.7323943662"
"2770365520","Morretes","UNIT","apartamento","1420000","70",,"5","1","0","415","20285.7142857143"
"2770222265","Casa Branca","UNIT","terreno","915000","400",,"1","0",,,"2287.5"
"2770221653","Casa Branca","UNIT","terreno","915000","358",,"1","0",,,"2555.86592178771"
"2767581549","Morretes","UNIT","apartamento","850000","75",,"1","1","100","370","11333.3333333333"
"2770090769","Meia Praia","UNIT","apartamento","1500000","110",,"2","2","1500","750","13636.3636363636"
"2768634232","Meia Praia","UNIT","apartamento","2186531","115",,"1","2","100","0","19013.3130434783"
"2767582251","Centro","UNIT","apartamento","2069852","119",,"3","3","100","400","17393.7142857143"
"2767581775","Jardim Praia Mar","UNIT","apartamento","850000","60",,"1","1","120","400","14166.6666666667"
"2763648651","Meia Praia","UNIT","apartamento","1780000","119",,"4","2","1000","500","14957.9831932773"
"2767581980","Morretes","UNIT","apartamento","945135","70",,"2","1","100","300","13501.9285714286"
"2767582635","Morretes","UNIT","apartamento","922383","68",,"1","1","100","300","13564.4558823529"
"2767584416","Morretes","UNIT","apartamento","979099","69",,"2","1","100","300","14189.8405797101"
"2770025830","Canto da Praia","UNIT","apartamento","5500000","142",,"4","3","0","0","38732.3943661972"
"2770201569","Meia Praia","UNIT","apartamento","12500000","455",,"5","3","0","905","27472.5274725275"
"2767581995","Castelo Branco","UNIT","apartamento","2263707","151",,"3","2","100",,"14991.4370860927"
"2767584831","Castelo Branco","UNIT","apartamento","2241135","151",,"3","2","100",,"14841.9536423841"
"2767581294","Morretes","UNIT","apartamento","950000","65",,"1","1","100",,"14615.3846153846"
"2767581648","Morretes","UNIT","apartamento","836942","70",,"2","1","100",,"11956.3142857143"
"2770391213","Meia Praia","UNIT","apartamento","9998000","180",,"5","3",,,"55544.4444444444"
"2770390932","Meia Praia","UNIT","apartamento","7210000","166",,"5","3",,,"43433.734939759"
"2770279738","Meia Praia","UNIT","apartamento","1500000","122",,"4","2",,,"12295.0819672131"
"2769982525","Morretes","UNIT","apartamento","810361","70",,"3","1",,,"11576.5857142857"
"2769969227","Morretes","UNIT","apartamento","845000","70",,"2","1",,,"12071.4285714286"
"2769977249","Jardim Praia Mar","UNIT","apartamento","819499","69",,"3","1",,,"11876.7971014493"
"2770039942","Morretes","UNIT","apartamento","750000","68",,"2","1",,,"11029.4117647059"
"2769993323","Centro","UNIT","apartamento","2650000","139",,"4","3",,,"19064.7482014388"
"2769991947","Morretes","UNIT","apartamento","700000","69",,"2","1",,,"10144.9275362319"
"2769342624","Morretes","UNIT","apartamento","754000","68",,"1","1","0",,"11088.2352941176"
"2766852842","Morretes","UNIT","apartamento","824800","70",,"2","1","0","0","11782.8571428571"
"2769206117","Morretes","UNIT","apartamento","780000","69",,"2","1",,,"11304.347826087"
"2769898130","Centro","UNIT","apartamento","2998000","172",,"5","3",,,"17430.2325581395"
"2769450123","Morretes","UNIT","apartamento","840000","70",,"2","1",,,"12000"
"2769897045","Centro","UNIT","apartamento","2500000","160",,"5","2",,,"15625"
"2769313870","Castelo Branco","UNIT","apartamento","1311000","81",,"2","2",,,"16185.1851851852"
"2769150117","Morretes","UNIT","apartamento","808614","69",,"1","1",,,"11719.0434782609"
"2769150413","Morretes","UNIT","apartamento","1097405","68",,"1","1",,,"16138.3088235294"
"2770222913","Casa Branca","UNIT","casa","3790000","272",,"6","4",,,"13933.8235294118"
"2767582396","<vazio>","UNIT","apartamento","3600000","205",,"4","2","100","300","17560.9756097561"
"2706041524","<vazio>","UNIT","apartamento","500000","63",,"3","1","0","0","7936.50793650794"
"2770278196","Meia Praia","UNIT","apartamento","1500000","124",,"3","1","100","536","12096.7741935484"
"2770364420","Meia Praia","UNIT","apartamento","3300000","182",,"6","3","3100","890","18131.8681318681"
"2769759457","Meia Praia","UNIT","apartamento","4150000","183",,"5","3","0","0","22677.5956284153"
"2769481128","Meia Praia","UNIT","apartamento","1790000","120",,"4","2","0","0","14916.6666666667"
"2769195152","Meia Praia","UNIT","apartamento","2500000","123",,"4","2","0","0","20325.2032520325"
"2767582460","Morretes","UNIT","apartamento","836000","67",,"1","1","100","100","12477.6119402985"
"2770221652","Castelo Branco","UNIT","apartamento","11990000","270",,"6","3",,,"44407.4074074074"
"2769991862","Castelo Branco","UNIT","apartamento","1500000","140",,"4","2",,,"10714.2857142857"
"2769993430","Castelo Branco","UNIT","apartamento","1389000","104",,"4","2",,,"13355.7692307692"
"2769150215","Meia Praia","UNIT","apartamento","2150000","284",,"4","2",,,"7570.42253521127"
"2769991473","Meia Praia","UNIT","apartamento","3990000","182",,"5","3",,,"21923.0769230769"
"2769149820","Canto da Praia","UNIT","apartamento","2250000","109",,"4","3",,,"20642.2018348624"
"2770390830","Meia Praia","UNIT","apartamento","1890000","115",,"4","2",,,"16434.7826086957"
"2769712153","Alto S?o Bento","UNIT","apartamento","490000","59",,"1","1",,,"8305.08474576271"
"2768626330","Meia Praia","UNIT","apartamento","2500000","124",,"7","2","0",,"20161.2903225806"
"2769150414","Centro","UNIT","apartamento","2300000","165",,"5","3",,,"13939.3939393939"
"2769988538","Morretes","UNIT","apartamento","858900","70",,"2","1",,,"12270"
"2769150629","Castelo Branco","UNIT","apartamento","3900000","203",,"5","3",,,"19211.8226600985"
"2769602645","<vazio>","UNIT","apartamento","2798000","161",,"5","3","0","0","17378.8819875776"
"2770126539","Jardim Praia Mar","UNIT","apartamento","689500","70",,"1","1",,,"9850"
"2769312870","Ilhota","UNIT","apartamento","2845125","155",,"4","0",,,"18355.6451612903"
"2770124967","Jardim Praia Mar","UNIT","apartamento","689500","70",,"1","1",,,"9850"
"2770364939","Morretes","UNIT","apartamento","580000","60",,"1","1","0",,"9666.66666666667"
"2768627018","Meia Praia","UNIT","apartamento","1587000","133",,"3","2","0",,"11932.3308270677"
"2765048721","Centro","UNIT","casa","1000000","150",,"2","3","0","0","6666.66666666667"
"2764634148","Meia Praia","UNIT","apartamento","1900000","124",,"4","2","0","0","15322.5806451613"
"2764632142","Jardim Praia Mar","UNIT","apartamento","839000","64",,"2","1","0","0","13109.375"
"2769759344","Meia Praia","UNIT","apartamento","1990000","129",,"4","3","0","0","15426.3565891473"
"2764631844","Morretes","UNIT","apartamento","980000","70",,"2","1","0","500","14000"
"2765088214","Morretes","UNIT","casa","700000","90",,"2","1","500","0","7777.77777777778"
"2769824614","Morretes","UNIT","apartamento","890000","69",,"2","1",,,"12898.5507246377"
"2769962417","Morretes","UNIT","apartamento","728000","69",,"2","1",,,"10550.7246376812"
"2769775059","Morretes","UNIT","apartamento","772000","69",,"2","1",,,"11188.4057971014"
"2769966147","Meia Praia","UNIT","apartamento","1858953","150",,"4","3",,,"12393.02"
"2770006202","Centro","UNIT","apartamento","1751500","135",,"4","3",,,"12974.0740740741"
"2761579419","Morretes","UNIT","apartamento","827400","70",,"2","1",,,"11820"
"2766852331","Meia Praia","UNIT","apartamento","1579800","131",,"4","2","0","0","12059.5419847328"
"2770277909","Meia Praia","UNIT","apartamento","3500000","274",,"5","2","150","540","12773.7226277372"
"2764922633","Morretes","UNIT","casa","850000","125",,"3","2",,"0","6800"
"2770364519","Centro","UNIT","apartamento","3998000","206",,"5","3","0","0","19407.7669902913"
"2769759455","Tabuleiro dos Oliveiras","UNIT","apartamento","880000","70",,"2","1","0","0","12571.4285714286"
"2769747262","Andorinha","UNIT","apartamento","9878830","300",,"7","3","0","0","32929.4333333333"
"2769343422","Meia Praia","UNIT","apartamento","3398000","205",,"4","3","0","0","16575.6097560976"
"2764631746","Meia Praia","UNIT","apartamento","1813000","123",,"4","2","0","0","14739.837398374"
"2769149821","Morretes","UNIT","apartamento","890000","66",,"2","1",,,"13484.8484848485"
"2761879521","Meia Praia","UNIT","apartamento","1850000","108",,"4","2",,,"17129.6296296296"
"2769991861","Morretes","UNIT","apartamento","790000","66",,"3","2",,,"11969.696969697"
"2764634419","Morretes","UNIT","apartamento","1052500","67",,"2","1","0","0","15708.9552238806"
"2770247863","Morretes","UNIT","apartamento","750000","90",,"2","1",,,"8333.33333333333"
"2769991948","Castelo Branco","UNIT","apartamento","5800000","183",,"4","3",,,"31693.9890710382"
"2770199476","Centro","UNIT","apartamento","3350000","176",,"4","3","0","0","19034.0909090909"
"2770200161","Casa Branca","UNIT","outros","2800000","2278",,"0","0","3434","0","1229.14837576822"
"2770200069","Ilhota","UNIT","casa","14950000","574",,"5","3","0","0","26045.2961672474"
"2770198425","Meia Praia","UNIT","apartamento","2600000","156",,"5","3","0","1400","16666.6666666667"
"2770200066","Meia Praia","UNIT","apartamento","5950000","175",,"5","3","0","0","34000"
"2770200056","Morretes","UNIT","apartamento","899000","69",,"3","1","0","0","13028.9855072464"
"2770197543","Morretes","UNIT","apartamento","899000","669",,"3","1","0","0","1343.79671150972"
"2770199137","Meia Praia","UNIT","apartamento","3600000","131",,"3","3","0","995","27480.9160305344"
"2770199136","Meia Praia","UNIT","apartamento","8792058","420",,"6","4","0","0","20933.4714285714"
"2770198025","Andorinha","UNIT","apartamento","3081399","177",,"4","3","0","0","17409.0338983051"
"2770199243","Meia Praia","UNIT","apartamento","7210000","166",,"5","3","0","2105","43433.734939759"
"2770199145","Meia Praia","UNIT","apartamento","4591000","180",,"5","3","0","0","25505.5555555556"
"2770199244","Meia Praia","UNIT","apartamento","2150000","484",,"4","2","0","0","4442.14876033058"
"2770198960","Castelo Branco","UNIT","apartamento","1850000","128",,"4","3","0","0","14453.125"
"2770199132","Castelo Branco","UNIT","apartamento","2700000","142",,"4","2","0","0","19014.0845070423"
"2770198426","Meia Praia","UNIT","apartamento","2260000","134",,"3","5","0","776","16865.671641791"
"2770198959","Meia Praia","UNIT","apartamento","9998000","180",,"5","4","0","2105","55544.4444444444"
"2770199477","Castelo Branco","UNIT","apartamento","4517000","183",,"5","3","0","0","24683.0601092896"
"2770199478","Casa Branca","UNIT","apartamento","1999900","190",,"3","2","0","0","10525.7894736842"
"2770198953","Canto da Praia","UNIT","apartamento","1490000","99",,"3","3","0","0","15050.5050505051"
"2770198958","Meia Praia","UNIT","apartamento","4940000","268",,"5","2","0","0","18432.8358208955"
"2770199969","Meia Praia","UNIT","apartamento","6830000","157",,"5","2","0","0","43503.1847133758"
"2770200148","Meia Praia","UNIT","apartamento","4355000","222",,"4","3","0","1471","19617.1171171171"
"2770199133","Meia Praia","UNIT","apartamento","6158563","240",,"5","4","7306","820","25660.6791666667"
"2770200243","Centro","UNIT","apartamento","7800000","200",,"5","3","9478","2362","39000"
"2770199138","Meia Praia","UNIT","apartamento","3290000","156",,"4","3","0","1200","21089.7435897436"
"2770199432","Morretes","UNIT","apartamento","998000","68",,"2","1","0","0","14676.4705882353"
"2770199968","Meia Praia","UNIT","apartamento","5950000","190",,"5","3","0","0","31315.7894736842"
"2770200067","Meia Praia","UNIT","apartamento","8250000","185",,"5","3","0","0","44594.5945945946"
"2770199147","Meia Praia","UNIT","apartamento","1684000","105",,"3","2","0","0","16038.0952380952"
"2770200068","Meia Praia","UNIT","apartamento","9710000","180",,"5","4","0","2105","53944.4444444444"
"2770198954","Meia Praia","UNIT","apartamento","7888000","166",,"1","3","0","1400","47518.0722891566"
"2770199970","Meia Praia","UNIT","apartamento","8993000","180",,"5","4","0","2105","49961.1111111111"
"2770199740","Meia Praia","UNIT","apartamento","3496000","203",,"4","2","0","0","17221.6748768473"
"2761881714","Meia Praia","UNIT","apartamento","1800000","132",,"4","2",,"0","13636.3636363636"
"2769968613","Morretes","UNIT","apartamento","475000","55",,"1","1",,,"8636.36363636364"
"2770199140","Meia Praia","UNIT","apartamento","4000000","190",,"5","3","0","0","21052.6315789474"
"2770200232","Meia Praia","UNIT","apartamento","2399000","128",,"3","2","3400","800","18742.1875"
"2770198949","Meia Praia","UNIT","apartamento","2790000","142",,"3","3","3400","800","19647.8873239437"
"2770249036","Meia Praia","UNIT","apartamento","1350000","78",,"2","2","1400","900","17307.6923076923"
"2765016364","Centro","UNIT","apartamento","1980000","125",,"4","3","0","0","15840"
"2770198430","Meia Praia","UNIT","apartamento","2199000","142",,"3","3","3400","800","15485.9154929577"
"2765019920","Meia Praia","UNIT","apartamento","1800000","128",,"4","2","0","0","14062.5"
"2770199139","Meia Praia","UNIT","apartamento","1790000","110",,"4","4","0","0","16272.7272727273"
"2770198946","Meia Praia","UNIT","apartamento","3090000","126",,"4","3","0","0","24523.8095238095"
"2770200226","Andorinha","UNIT","apartamento","2420000","162",,"5","3","0","625","14938.2716049383"
"2738893343","<vazio>","UNIT","apartamento","820000","62",,"2","2",,"700","13225.8064516129"
"2664303916","Centro","UNIT","apartamento","2177456","140",,"4","2","0",,"15553.2571428571"
"2769739444","Meia Praia","UNIT","apartamento","980000","90",,"2","1","0","0","10888.8888888889"
"2769704665","Centro","UNIT","apartamento","620000","89",,"2","2","0","0","6966.29213483146"
"2769189689","Meia Praia","UNIT","apartamento","1399770","164",,"2","2","1500","478","8535.18292682927"
"2670859617","Morretes","UNIT","apartamento","1052000","66",,"1","1","0","0","15939.3939393939"
"2754955505","Meia Praia","UNIT","apartamento","2150000","175",,"5","3",,,"12285.7142857143"
"2769850382","Morretes","UNIT","apartamento","579760","69",,"2","1","850","300","8402.31884057971"
"2769840201","Morretes","UNIT","apartamento","649650","67",,"2","1","900","350","9696.26865671642"
"2767583779","Morretes","UNIT","apartamento","779625","70",,"2","1","100",,"11137.5"
"2768647870","Tabuleiro dos Oliveiras","UNIT","apartamento","780000","69",,"3","1","0","0","11304.347826087"
"2767584134","Morretes","UNIT","apartamento","756281","65",,"1","1","100","200","11635.0923076923"
"2745607229","Meia Praia","UNIT","apartamento","1190000","102",,"2","1","1560","560","11666.6666666667"
"2769609634","Morretes","UNIT","casa","690000","118",,"2","1","100",,"5847.45762711864"
"2646971260","Meia Praia","UNIT","apartamento","3450000","195",,"4","3",,,"17692.3076923077"
"2769743511","Centro","UNIT","apartamento","1200000","110",,"2","1","0","0","10909.0909090909"
"2704936609","Meia Praia","UNIT","apartamento","2899000","185",,"2","4","4000","1170","15670.2702702703"
"2769473020","Morretes","UNIT","apartamento","653410","68",,"2","1","900","415","9608.97058823529"
"2763410127","Morretes","UNIT","apartamento","784000","68",,"2","1",,,"11529.4117647059"
"2699373874","Meia Praia","UNIT","apartamento","3033998","182",,"1","3",,"0","16670.3186813187"
"2769852267","Alto S?o Bento","UNIT","apartamento","549300","65",,"1","1","450","300","8450.76923076923"
"2692635960","Meia Praia","UNIT","apartamento","1180000","100",,"2","2",,,"11800"
"2769753508","Morretes","UNIT","apartamento","849620","98",,"2","1","1445","1","8669.59183673469"
"2754169609","Morretes","UNIT","apartamento","649630","69",,"3","1","0","0","9414.92753623188"
"2767152246","Meia Praia","UNIT","apartamento","2850000","137",,"1","3","0",,"20802.9197080292"
"2769183810","Morretes","UNIT","casa","549360","72",,"3","1","500","1","7630"
"2745153906","Jardim Praia Mar","UNIT","apartamento","778573","70",,"3","1","0","0","11122.4714285714"
"2769184810","Morretes","UNIT","casa","549330","72",,"3","1","500","1","7629.58333333333"
"2769556251","Meia Praia","UNIT","apartamento","2350000","135",,"5","3",,"951","17407.4074074074"
"2719898471","Morretes","UNIT","apartamento","780000","103",,"2","1","0","1","7572.81553398058"
"2769472515","Morretes","UNIT","apartamento","569390","69",,"1","1","800","450","8252.02898550725"
"2740907882","Morretes","UNIT","apartamento","580000","70",,"2","1","1","1","8285.71428571429"
"2769181620","Morretes","UNIT","apartamento","774890","70",,"2","1","980","35","11069.8571428571"
"2769842192","Morretes","UNIT","apartamento","689690","60",,"2","1","950","300","11494.8333333333"
"2768650214","Tabuleiro dos Oliveiras","UNIT","apartamento","950000","69",,"3","1","0","0","13768.115942029"
"2757784423","Meia Praia","UNIT","apartamento","3500000","178",,"5","3","1200","1000","19662.9213483146"
"2765097545","Centro","UNIT","apartamento","2100000","133",,"4","2","0","767","15789.4736842105"
"2721918471","Morretes","UNIT","apartamento","626000","70",,"2","1","951","0","8942.85714285714"
"2656027792","Jardim Praia Mar","UNIT","apartamento","733000","70",,"2","1",,,"10471.4285714286"
"2729350652","Sert?o Do Trombudo","UNIT","apartamento","680000","61",,"2","1","0","350","11147.5409836066"
"2745206422","Morretes","UNIT","apartamento","695000","69",,"3","1","0","0","10072.4637681159"
"2767582145","Morretes","UNIT","apartamento","769500","70",,"2","1","100",,"10992.8571428571"
"2757784226","Meia Praia","UNIT","apartamento","3150000","190",,"5","4","1100","900","16578.9473684211"
"2748545489","Jardim Praia Mar","UNIT","apartamento","630000","70",,"1","1","0","0","9000"
"2743547557","Jardim Praia Mar","UNIT","apartamento","778237","66",,"2","1","1","1","11791.4696969697"
"2768971530","Alto S?o Bento","UNIT","casa","579660","70",,"3","1","500","1","8280.85714285714"
"2727086082","Ocean Tower","UNIT","apartamento","4500000","226",,"4","3","4720","2100","19911.5044247788"
"2645358484","Centro","UNIT","apartamento","3993000","203",,"5","3",,,"19669.9507389163"
"2744834201","Casa Branca","UNIT","apartamento","660000","70",,"2","1","0","0","9428.57142857143"
"2729591151","Meia Praia","UNIT","apartamento","2450000","137",,"3","3","0","0","17883.2116788321"
"2769752931","Morretes","UNIT","comercial","329670","78",,"1","0","20","1","4226.53846153846"
"2764976896","Meia Praia","UNIT","apartamento","3900000","197",,"5","4","6500","1000","19796.9543147208"
"2769150818","Morretes","UNIT","apartamento","961916","69",,"2","2",,,"13940.8115942029"
"2511793365","Morretes","UNIT","apartamento","1052000","66",,"2","1","0",,"15939.3939393939"
"2725527842","Jardim Praia Mar","UNIT","apartamento","689000","64",,"2","1",,"488","10765.625"
"2769469835","Morretes","UNIT","apartamento","648930","70",,"2","1","300","300","9270.42857142857"
"2769475303","Morretes","UNIT","apartamento","428400","38",,"1","1","603","1","11273.6842105263"
"2769177333","Morretes","UNIT","apartamento","799900","68",,"2","1","900","400","11763.2352941176"
"2769473417","Meia Praia","UNIT","apartamento","1499270","96",,"4","2","1","1","15617.3958333333"
"2769187425","Meia Praia","UNIT","apartamento","1249650","114",,"4","2","2125","1","10961.8421052632"
"2749726632","Morretes","UNIT","apartamento","790000","64",,"1","1","0",,"12343.75"
"2726547841","Jardim Praia Mar","UNIT","apartamento","750000","60",,"2","1","0","0","12500"
"2721286858","Morretes","UNIT","apartamento","775000","68",,"2","1","0",,"11397.0588235294"
"2729591149","Tabuleiro","UNIT","apartamento","750000","66",,"2","1","0","0","11363.6363636364"
"2769537919","Meia Praia","UNIT","apartamento","4900000","195",,"4","3",,"900","25128.2051282051"
"2768968700","Centro","UNIT","apartamento","4999350","197",,"5","4","6000","1600","25377.4111675127"
"2690560265","Andorinha","UNIT","apartamento","2199000","129",,"4","3","1","1","17046.511627907"
"2754541796","Andorinha","UNIT","apartamento","1900000","120",,"4","2","2000","600","15833.3333333333"
"2699373777","Meia Praia","UNIT","apartamento","1700000","135",,"4","2",,"600","12592.5925925926"
"2646971458","Meia Praia","UNIT","apartamento","2950000","190",,"1","2",,,"15526.3157894737"
"2769709155","Andorinha","UNIT","apartamento","1526566","120",,"4","2",,,"12721.3833333333"
"2752584072","Meia Praia","UNIT","apartamento","1267400","111",,"1","2","100","0","11418.018018018"
"2714718783","Castelo Branco","UNIT","apartamento","1099000","92",,"2","2","0","0","11945.652173913"
"2693494816","Morretes","UNIT","apartamento","901773","66",,"1","1","0","10","13663.2272727273"
"2769473622","Morretes","UNIT","apartamento","919890","63",,"2","1","1","1","14601.4285714286"
"2761664451","Meia Praia","UNIT","apartamento","1190000","100",,"2","1",,,"11900"
"2723210017","Castelo Branco","UNIT","apartamento","1850000","128",,"3","2",,,"14453.125"
"2769476150","Morretes","UNIT","apartamento","949490","96",,"2","2","1615","1","9890.52083333333"
"2729592828","Morretes","UNIT","apartamento","750000","67",,"1","1","0","0","11194.0298507463"
"2692635959","Meia Praia","UNIT","apartamento","1180000","100",,"2","2",,,"11800"
"2560698778","Morretes","UNIT","apartamento","680000","67",,"2","1",,,"10149.2537313433"
"2562410210","Morretes","UNIT","apartamento","673719","78",,"3","1",,,"8637.42307692308"
"2745606996","Meia Praia","UNIT","apartamento","1194000","101",,"2","1","1570","570","11821.7821782178"
"2768492913","Jardim Praia Mar","UNIT","apartamento","730000","70",,"2","1","0","0","10428.5714285714"
"2757199530","Morretes","UNIT","apartamento","674000","69",,"1","1","0","415","9768.11594202899"
"2751884918","Tabuleiro dos Oliveiras","UNIT","apartamento","799000","54",,"2","1","900","350","14796.2962962963"
"2715164806","Morretes","UNIT","apartamento","704000","68",,"3","1","0","0","10352.9411764706"
"2769754419","Meia Praia","UNIT","apartamento","2419200","208",,"5","3","1","700","11630.7692307692"
"2676665294","Morretes","UNIT","apartamento","802000","66",,"2","1",,,"12151.5151515152"
"2712160887","Meia Praia","UNIT","apartamento","2400000","127",,"4","2","0","0","18897.6377952756"
"2693494817","Morretes","UNIT","apartamento","913009","66",,"1","1","0","10","13833.4696969697"
"2704135716","Centro","UNIT","apartamento","5900000","326",,"6","3",,,"18098.1595092025"
"2630293620","Andorinha","UNIT","apartamento","1920000","140",,"3","2",,"0","13714.2857142857"
"2768646645","Morretes","UNIT","apartamento","763200","67",,"3","1","0","0","11391.0447761194"
"2757202715","Meia Praia","UNIT","apartamento","3150000","197",,"5","3","4500","1000","15989.847715736"
"2745678245","Tabuleiro dos Oliveiras","UNIT","apartamento","580000","67",,"2","1",,"450","8656.71641791045"
"2509404183","Morretes","UNIT","apartamento","970000","69",,"2","1","0","0","14057.9710144928"
"2661820287","Morretes","UNIT","apartamento","779900","83",,"2","1","700","300","9396.38554216867"
"2769185218","Morretes","UNIT","apartamento","589280","72",,"2","1","1003","1","8184.44444444444"
"2767582527","Morretes","UNIT","apartamento","780000","102",,"2","1",,"310","7647.05882352941"
"2720507954","Meia Praia","UNIT","apartamento","4350000","188",,"5","3",,,"23138.2978723404"
"2715163811","Jardim Praia Mar","UNIT","apartamento","630000","63",,"2","1","0","0","10000"
"2714721442","Morretes","UNIT","apartamento","3980000","197",,"3","3","0","0","20203.0456852792"
"2632727066","Centro","UNIT","apartamento","1105000","100",,"3","2","1000","500","11050"
"2699373279","Meia Praia","UNIT","apartamento","3600000","131",,"4","3",,"0","27480.9160305344"
"2769476415","Alto S?o Bento","UNIT","apartamento","618710","69",,"2","1","1052","1","8966.8115942029"
"2646970778","Morretes","UNIT","apartamento","990000","69",,"1","1",,,"14347.8260869565"
"2695116873","Morretes","UNIT","apartamento","999000","70",,"2","1","1000","550","14271.4285714286"
"2694269575","Meia Praia","UNIT","apartamento","3500000","164",,"4","3","5000","1150","21341.4634146341"
"2649180453","Meia Praia","UNIT","apartamento","2950000","127",,"3","2",,"800","23228.3464566929"
"2745607156","Meia Praia","UNIT","apartamento","1195000","100",,"2","1","1550","550","11950"
"2754168917","Morretes","UNIT","apartamento","599000","71",,"1","1","0","1","8436.61971830986"
"2761482572","Andorinha","UNIT","apartamento","2549020","118",,"4","2","1","1","21601.8644067797"
"2682308740","Morretes","UNIT","apartamento","788500","62",,"2","1",,"3","12717.7419354839"
"2769841525","Morretes","UNIT","apartamento","633390","65",,"3","1","650","350","9744.46153846154"
"2769844175","Morretes","UNIT","apartamento","689230","70",,"3","1","750","400","9846.14285714286"
"2719264547","Meia Praia","UNIT","apartamento","3100000","182",,"5","3","1500","800","17032.967032967"
"2745679225","Morretes","UNIT","apartamento","750000","69",,"1","1",,,"10869.5652173913"
"2769178589","Morretes","UNIT","apartamento","799230","69",,"2","1","950","350","11583.0434782609"
"2664298283","Morretes","UNIT","apartamento","789000","65",,"1","1",,,"12138.4615384615"
"2757245242","Centro","UNIT","apartamento","4400000","208",,"4","3",,,"21153.8461538462"
"2767582055","Morretes","UNIT","apartamento","709029","69",,"2","1","100",,"10275.7826086957"
"2754860597","Centro","UNIT","apartamento","2500000","160",,"4","3","0","1300","15625"
"2706114802","Morretes","UNIT","apartamento","780000","102",,"2","1","0","0","7647.05882352941"
"2704940061","Andorinha","UNIT","apartamento","1880000","118",,"3","2",,,"15932.2033898305"
"2666206760","Morretes","UNIT","apartamento","945135","62",,"3","1","1","1","15244.1129032258"
"2677258393","Meia Praia","UNIT","apartamento","3190000","180",,"4","2",,"3","17722.2222222222"
"2764979818","Meia Praia","UNIT","apartamento","1800000","128",,"4","2","2000","700","14062.5"
"2735275330","Morretes","UNIT","apartamento","680000","70",,"1","1","0","380","9714.28571428571"
"2734926818","Morretes","UNIT","apartamento","779000","68",,"3","1","0","0","11455.8823529412"
"2756820549","Castelo Branco","UNIT","apartamento","1260000","97",,"1","1","0","0","12989.6907216495"
"2769472141","Morretes","UNIT","casa","589050","87",,"3","2","800","1","6770.68965517241"
"2733471131","Andorinha","UNIT","apartamento","1150000","83",,"3","2","1","1","13855.421686747"
"2761249239","Andorinha","UNIT","apartamento","7499740","281",,"5","5","4500","1500","26689.4661921708"
"2746885893","Andorinha","UNIT","apartamento","1400000","160",,"3","3","1400","470","8750"
"2720509234","Meia Praia","UNIT","apartamento","3500000","186",,"4","3",,,"18817.2043010753"
"2749769110","Meia Praia","UNIT","apartamento","1380000","110",,"4","2",,"500","12545.4545454545"
"2682308639","Meia Praia","UNIT","apartamento","3610000","179",,"4","3",,,"20167.5977653631"
"2740008120","Meia Praia","UNIT","apartamento","3500000","210",,"4","2","5400","1600","16666.6666666667"
"2721918858","Meia Praia","UNIT","apartamento","3600000","132",,"4","3","1500","1000","27272.7272727273"
"2757661935","Morretes","UNIT","apartamento","890000","70",,"1","1",,,"12714.2857142857"
"2754167245","Morretes","UNIT","apartamento","750000","68",,"1","1","0","0","11029.4117647059"
"2676776420","Meia Praia","UNIT","apartamento","3464510","188",,"4","3",,,"18428.2446808511"
"2732110197","Morretes","UNIT","apartamento","779900","84",,"2","1","700","300","9284.52380952381"
"2744290769","Castelo Branco","UNIT","apartamento","2100000","147",,"4","3","1500","630","14285.7142857143"
"2759162714","Meia Praia","UNIT","apartamento","1700000","117",,"4","2",,"710","14529.9145299145"
"2769469058","Andorinha","UNIT","apartamento","1679480","97",,"2","3","1400","650","17314.2268041237"
"2642395140","Meia Praia","UNIT","apartamento","2350000","135",,"5","2",,"951","17407.4074074074"
"2769186042","Morretes","UNIT","apartamento","849300","60",,"2","1","850","300","14155"
"2740353821","Morretes","UNIT","apartamento","800000","70",,"3","1","870","320","11428.5714285714"
"2646970995","Centro","UNIT","apartamento","2500000","135",,"3","2",,"1000","18518.5185185185"
"2758485619","Morretes","UNIT","apartamento","997010","93",,"3","2","950","550","10720.5376344086"
"2769181589","Jardim Praia Mar","UNIT","apartamento","798210","60",,"2","1","1145","1","13303.5"
"2745472909","Morretes","UNIT","apartamento","940000","70",,"2","1","900","400","13428.5714285714"
"2764632157","Meia Praia","UNIT","apartamento","4500000","196",,"5","3","0","0","22959.1836734694"
"2740173914","MEIA PRAIA","UNIT","apartamento","2500000","132",,"4","2",,,"18939.3939393939"
"2655800856","Meia Praia","UNIT","apartamento","2450000","127",,"3","3",,,"19291.3385826772"
"2692635857","Meia Praia","UNIT","apartamento","1860000","200",,"4","3",,,"9300"
"2656871976","Meia Praia","UNIT","apartamento","2500000","162",,"5","3","1400","700","15432.0987654321"
"2769841787","Andorinha","UNIT","apartamento","1389550","119",,"4","2","1500","650","11676.8907563025"
"2769186409","Castelo Branco","UNIT","apartamento","1049660","95",,"2","2","1784","1","11049.0526315789"
"2694161747","Centro","UNIT","apartamento","2500000","127",,"4","2","1500","600","19685.0393700787"
"2539437003","Meia Praia","UNIT","apartamento","2630000","160",,"5","3","0","0","16437.5"
"2738796822","Castelo Branco","UNIT","apartamento","1280000","114",,"3","2",,"600","11228.0701754386"
"2698957982","Meia Praia","UNIT","apartamento","2800000","136",,"1","2","1650","1000","20588.2352941176"
"2729442754","Morretes","UNIT","apartamento","640000","69",,"2","1","0","0","9275.36231884058"
"2692634782","Centro","UNIT","apartamento","4850000","189",,"1","2",,,"25661.3756613757"
"2679526622","Meia Praia","UNIT","apartamento","3090000","126",,"4","3",,"650","24523.8095238095"
"2763648029","Morretes","UNIT","apartamento","790000","67",,"2","1",,"400","11791.0447761194"
"2764632205","Morretes","UNIT","apartamento","950000","69",,"2","1","0","500","13768.115942029"
"2723484285","Centro","UNIT","apartamento","2215000","147",,"4","3",,,"15068.0272108844"
"2699782109","Meia Praia","UNIT","apartamento","1997000","129",,"3","2",,,"15480.6201550388"
"2763476142","Tabuleiro dos Oliveiras","UNIT","apartamento","799000","67",,"1","1","0","0","11925.3731343284"
"2649205259","Castelo Branco","UNIT","apartamento","1998509","150",,"3","2",,"3","13323.3933333333"
"2717860141","Meia Praia","UNIT","apartamento","2450000","191",,"2","3","1","650","12827.2251308901"
"2656735398","Meia Praia","UNIT","apartamento","3331000","156",,"5","3",,"0","21352.5641025641"
"2764634817","Meia Praia","UNIT","apartamento","4600000","187",,"5","3","0","0","24598.9304812834"
"2714715287","Meia Praia","UNIT","apartamento","987000","90",,"2","2","0","0","10966.6666666667"
"2655713966","Meia Praia","UNIT","apartamento","4500000","207",,"5","3","0",,"21739.1304347826"
"2755296632","Centro","UNIT","apartamento","2399300","206",,"5","3","1","1","11647.0873786408"
"2753757401","Morretes","UNIT","apartamento","750000","69",,"2","1",,,"10869.5652173913"
"2747718200","Meia Praia","UNIT","apartamento","1450000","120",,"2","1",,"0","12083.3333333333"
"2639048577","Meia Praia","UNIT","apartamento","1400000","164",,"2","2","1500","480","8536.58536585366"
"2666979898","Meia Praia","UNIT","apartamento","3090000","126",,"4","3",,,"24523.8095238095"
"2560637289","Morretes","UNIT","apartamento","797000","70",,"2","0","0","0","11385.7142857143"
"2717860339","Morretes","UNIT","apartamento","780000","70",,"2","1","0","0","11142.8571428571"
"2769472179","Meia Praia","UNIT","apartamento","1579690","127",,"4","2","1800","850","12438.5039370079"
"2700334082","Castelo Branco","UNIT","apartamento","1380000","90",,"2","2",,,"15333.3333333333"
"2676258732","Meia Praia","UNIT","apartamento","3800000","137",,"4","3","0","0","27737.2262773723"
"2741387580","Morretes","UNIT","apartamento","740000","64",,"3","1","0","0","11562.5"
"2757308522","Meia Praia","UNIT","apartamento","1919040","149",,"5","4","4500","1300","12879.4630872483"
"2670855757","Jardim Praia Mar","UNIT","apartamento","839000","64",,"1","1","0","0","13109.375"
"2611786500","Morretes","UNIT","casa","640000","95",,"3","2","800","0","6736.84210526316"
"2758174413","Centro","UNIT","apartamento","3949800","180",,"5","3","5500","1200","21943.3333333333"
"2564095230","Morretes","UNIT","apartamento","821000","70",,"2","1",,,"11728.5714285714"
"2720532653","Morretes","UNIT","apartamento","669950","80",,"1","1","0","0","8374.375"
"2715416494","Morretes","UNIT","apartamento","770000","65",,"3","1","600","450","11846.1538461538"
"2607921601","Centro","UNIT","apartamento","3800000","129",,"3","2",,"600","29457.3643410853"
"2728826638","Morretes","UNIT","apartamento","898000","70",,"2","1",,,"12828.5714285714"
"2727820747","Meia Praia","UNIT","apartamento","1299000","110",,"2","3",,"720","11809.0909090909"
"2555622957","Meia Praia","UNIT","apartamento","4500000","190",,"4","3",,,"23684.2105263158"
"2748547392","Morretes","UNIT","apartamento","752270","64",,"1","1","0","0","11754.21875"
"2768971028","Centro","UNIT","apartamento","6584080","192",,"5","3","1","1","34292.0833333333"
"2769213754","Canto da Praia","UNIT","apartamento","2350000","120",,"3","2","2000","800","19583.3333333333"
"2740008315","Meia Praia","UNIT","apartamento","5998000","190",,"5","2","4500","2000","31568.4210526316"
"2686029045","Andorinha","UNIT","apartamento","1990000","164",,"5","3","0","0","12134.1463414634"
"2769843420","Meia Praia","UNIT","apartamento","998030","115",,"2","1","1300","550","8678.52173913043"
"2618436015","meia praia","UNIT","apartamento","2350000","128",,"4","3","0","0","18359.375"
"2681919697","Meia Praia","UNIT","apartamento","3250822","190",,"4","3",,"3","17109.5894736842"
"2740283388","Andorinha","UNIT","apartamento","750000","65",,"1","1","100","100","11538.4615384615"
"2763710423","Jardim Praia Mar","UNIT","apartamento","689500","70",,"2","1","0",,"9850"
"2764630664","Meia Praia","UNIT","apartamento","5190000","187",,"5","3","0","0","27754.0106951872"
"2678338206","Andorinha","UNIT","apartamento","3743283","130",,"4","3",,"3","28794.4846153846"
"2720508351","Meia Praia","UNIT","apartamento","2600000","130",,"3","3",,,"20000"
"2666526202","Meia Praia","UNIT","apartamento","4600000","187",,"5","3",,,"24598.9304812834"
"2715659296","Meia Praia","UNIT","apartamento","1879950","155",,"4","2",,,"12128.7096774194"
"2535317879","Morretes","UNIT","apartamento","875119","69",,"2","1","0",,"12682.884057971"
"2765352857","Morretes","UNIT","apartamento","849583","69",,"2","1",,,"12312.7971014493"
"2674560180","Morretes","UNIT","apartamento","999000","68",,"1","1","0","0","14691.1764705882"
"2755524994","Meia Praia","UNIT","apartamento","1990000","145",,"4","3",,,"13724.1379310345"
"2729350227","Morretes","UNIT","apartamento","789000","67",,"2","1","0","370","11776.1194029851"
"2716732135","Meia Praia","UNIT","apartamento","2413950","140",,"3","2",,,"17242.5"
"2724688937","Meia Praia","UNIT","apartamento","1290000","190",,"2","2","1","1","6789.47368421053"
"2741033081","Morretes","UNIT","apartamento","805000","60",,"2","1","1","1","13416.6666666667"
"2761578128","Meia Praia","UNIT","apartamento","4650000","197",,"5","3",,,"23604.0609137056"
"2731249631","Meia Praia","UNIT","apartamento","3500000","188",,"4","3","0",,"18617.0212765957"
"2748437709","Tabuleiro dos Oliveiras","UNIT","apartamento","4085460","226",,"8","4",,"0","18077.2566371681"
"2577820804","Morretes","UNIT","apartamento","698597","60",,"2","1",,,"11643.2833333333"
"2767729119","Centro","UNIT","apartamento","4200000","193",,"4","3","0","0","21761.6580310881"
"2754737688","Morretes","UNIT","apartamento","680000","71",,"1","1","0","1","9577.46478873239"
"2692636063","Meia Praia","UNIT","apartamento","4900000","225",,"1","2","4500","2200","21777.7777777778"
"2735041821","Meia Praia","UNIT","apartamento","1850000","128",,"4","3","0","0","14453.125"
"2765078487","Morretes","UNIT","apartamento","795000","70",,"3","1","1000","350","11357.1428571429"
"2744009666","Meia Praia","UNIT","apartamento","1320000","98",,"3","2",,"0","13469.387755102"
"2676468695","Morretes","UNIT","apartamento","915000","70",,"2","1",,,"13071.4285714286"
"2769363335","Morretes","UNIT","apartamento","680000","68",,"3","1","0","0","10000"
"2769652014","Morretes","UNIT","apartamento","590000","69",,"2","1","0","500","8550.72463768116"
"2745228002","Morretes","UNIT","apartamento","737950","62",,"3","1","0","0","11902.4193548387"
"2727901442","Morretes","UNIT","apartamento","774000","68",,"3","1","0","0","11382.3529411765"
"2744015476","Meia Praia","UNIT","apartamento","3300000","206",,"4","3","5000","919","16019.4174757282"
"2568200261","Morretes","UNIT","apartamento","769000","65",,"3","1",,,"11830.7692307692"
"2743473296","Morretes","UNIT","apartamento","820000","69",,"3","1","0","0","11884.0579710145"
"2752469802","Meia Praia","UNIT","apartamento","1670000","138",,"4","2","1600","800","12101.4492753623"
"2645631155","Meia Praia","UNIT","apartamento","1817000","128",,"4","2",,,"14195.3125"
"2767583925","Morretes","UNIT","apartamento","800000","70",,"1","1","100",,"11428.5714285714"
"2594643303","Meia Praia","UNIT","apartamento","2251575","118",,"4","2",,,"19081.1440677966"
"2729769214","Morretes","UNIT","apartamento","1050000","70",,"2","1","1200","550","15000"
"2760268427","Meia Praia","UNIT","apartamento","3200000","190",,"4","3",,,"16842.1052631579"
"2759051820","Meia Praia","UNIT","apartamento","3044150","193",,"5","3","1","700","15772.7979274611"
"2723211658","Morretes","UNIT","apartamento","750000","70",,"2","1",,,"10714.2857142857"
"2650088972","Meia Praia","UNIT","apartamento","2168154","127",,"4","3",,,"17072.0787401575"
"2539933948","Meia Praia","UNIT","apartamento","1500000","127",,"3","3",,,"11811.0236220472"
"2692691924","Morretes","UNIT","apartamento","818000","69",,"3","1","0","0","11855.0724637681"
"2767350916","Andorinha","UNIT","apartamento","2350000","160",,"4","3","0","0","14687.5"
"2692694882","Morretes","UNIT","apartamento","839000","69",,"3","1","0","0","12159.4202898551"
"2760295047","Canto da Praia","UNIT","apartamento","1690000","105",,"3","2","0","0","16095.2380952381"
"2738706869","Morretes","UNIT","apartamento","698597","60",,"2","1","0","300","11643.2833333333"
"2560637126","Morretes","UNIT","casa","550000","70",,"3","2","600","0","7857.14285714286"
"2692636161","Jardim Praia Mar","UNIT","apartamento","750000","69",,"2","1",,,"10869.5652173913"
"2646970977","Andorinha","UNIT","apartamento","3500000","160",,"1","2",,,"21875"
"2769752227","Andorinha","UNIT","apartamento","3499750","193",,"5","3","2200","950","18133.4196891192"
"2753366095","Centro","UNIT","apartamento","1299430","120",,"2","2","1300","480","10828.5833333333"
"2696399024","Meia Praia","UNIT","apartamento","895000","80",,"2","1","0","0","11187.5"
"2647976165","Castelo Branco","UNIT","apartamento","2200000","145",,"4","3","2250","630","15172.4137931034"
"2702437375","Andorinha","UNIT","apartamento","2399320","115",,"4","2","1500","650","20863.652173913"
"2767582187","Morretes","UNIT","apartamento","795000","70",,"1","1","100",,"11357.1428571429"
"2714720314","Centro","UNIT","apartamento","1690000","141",,"3","3","3000","800","11985.8156028369"
"2764767171","Meia Praia","UNIT","apartamento","4800000","320",,"6","2","6000","1300","15000"
"2656736275","Centro","UNIT","apartamento","7650000","229",,"5","3",,"0","33406.1135371179"
"2717260158","Castelo Branco","UNIT","apartamento","1495000","141",,"2","2","0","0","10602.8368794326"
"2767582350","Morretes","UNIT","apartamento","825995","66",,"2","1","100","300","12515.0757575758"
"2677404697","Meia Praia","UNIT","apartamento","1795000","115",,"3","2",,"3","15608.6956521739"
"2551110253","Meia Praia","UNIT","apartamento","2680000","172",,"4","3",,,"15581.3953488372"
"2701379883","Andorinha","UNIT","apartamento","2579560","202",,"5","3","2200","850","12770.099009901"
"2646970769","Centro","UNIT","apartamento","3807202","156",,"4","3",,,"24405.141025641"
"2754170595","Meia Praia","UNIT","apartamento","2420000","164",,"5","3","1200","800","14756.0975609756"
"2728445122","Meia Praia","UNIT","apartamento","6100000","196",,"5","3",,,"31122.4489795918"
"2711618646","Castelo Branco","UNIT","apartamento","1200000","136",,"2","2","1","1","8823.52941176471"
"2761509913","Meia Praia","UNIT","apartamento","3500000","195",,"5","3",,"0","17948.7179487179"
"2743610872","Morretes","UNIT","apartamento","858800","70",,"2","1",,,"12268.5714285714"
"2707064856","Centro","UNIT","apartamento","5000000","208",,"5","3",,,"24038.4615384615"
"2647976377","Castelo Branco","UNIT","apartamento","2200000","145",,"4","3","2250","630","15172.4137931034"
"2756820548","Morretes","UNIT","apartamento","674000","68",,"1","1","0","415","9911.76470588235"
"2750096696","Meia Praia","UNIT","apartamento","6900000","140",,"1","2","3613","1701","49285.7142857143"
"2638472759","Centro","UNIT","apartamento","2049561","118",,"4","3","0",,"17369.1610169492"
"2731046642","Meia Praia","UNIT","apartamento","3600000","132",,"4","3",,,"27272.7272727273"
"2769182516","Alto S?o Bento","UNIT","apartamento","709410","63",,"3","1","800","250","11260.4761904762"
"2744792046","Morretes","UNIT","apartamento","750000","65",,"2","1",,,"11538.4615384615"
"2721911025","Meia Praia","UNIT","apartamento","2420000","163",,"5","3","1200","800","14846.6257668712"
"2689268821","Meia Praia","UNIT","apartamento","2690000","130",,"1","3","1600","1000","20692.3076923077"
"2769184062","Meia Praia","UNIT","apartamento","1359260","133",,"4","2","1800","65","10220"
"2630295204","Meia Praia","UNIT","apartamento","1261000","121",,"2","2",,"503","10421.4876033058"
"2642817384","Meia Praia","UNIT","apartamento","2420000","163",,"5","3",,,"14846.6257668712"
"2767583935","Morretes","UNIT","apartamento","600000","56",,"1","1","100","300","10714.2857142857"
"2587914672","Morretes","UNIT","apartamento","769000","70",,"2","1",,,"10985.7142857143"
"2677693193","Meia Praia","UNIT","apartamento","3500000","159",,"4","3",,"3","22012.5786163522"
"2630295203","Centro","UNIT","apartamento","2080000","132",,"4","2",,"0","15757.5757575758"
"2720007273","Centro","UNIT","apartamento","2100000","133",,"4","3","0","770","15789.4736842105"
"2720532458","Centro","UNIT","apartamento","2750000","150",,"2","2","0","0","18333.3333333333"
"2557642172","Andorinha","UNIT","apartamento","4190000","210",,"4","3",,,"19952.380952381"
"2769848995","Morretes","UNIT","casa","569130","115",,"3","1","1","1","4948.95652173913"
"2759135230","Meia Praia","UNIT","apartamento","690000","70",,"3","1","1","1","9857.14285714286"
"2646968121","Castelo Branco","UNIT","apartamento","2250000","162",,"1","2","2702","800","13888.8888888889"
"2769221840","Centro","UNIT","apartamento","2100000","135",,"3","3","0","0","15555.5555555556"
"2727424545","Andorinha","UNIT","apartamento","1690000","118",,"3","2",,,"14322.0338983051"
"2714720236","Meia Praia","UNIT","apartamento","1020000","98",,"3","2","0","0","10408.1632653061"
"2768967092","Meia Praia","UNIT","apartamento","1299830","118",,"3","2","1100","600","11015.5084745763"
"2677258394","Morretes","UNIT","apartamento","795000","65",,"2","1",,"3","12230.7692307692"
"2734789059","Morretes","UNIT","apartamento","790000","68",,"1","1",,,"11617.6470588235"
"2764631270","Meia Praia","UNIT","apartamento","2450000","137",,"4","3","2000","600","17883.2116788321"
"2713125498","Morretes","UNIT","apartamento","770328","66",,"3","1","0","0","11671.6363636364"
"2722463350","Centro","UNIT","apartamento","2970000","173",,"4","3",,,"17167.6300578035"
"2681675521","Meia Praia","UNIT","apartamento","1100000","108",,"3","2","0",,"10185.1851851852"
"2692636160","Meia Praia","UNIT","apartamento","3230000","172",,"4","3","3900","912","18779.0697674419"
"2764630954","Morretes","UNIT","apartamento","790000","67",,"2","1","0","400","11791.0447761194"
"2740902024","Meia Praia","UNIT","apartamento","980000","84",,"2","2","850","450","11666.6666666667"
"2761880014","Castelo Branco","UNIT","apartamento","4517000","183",,"5","3",,,"24683.0601092896"
"2769179144","Castelo Branco","UNIT","apartamento","949100","90",,"2","2","1400","550","10545.5555555556"
"2767583121","Centro","UNIT","apartamento","1400000","109",,"3","2",,,"12844.0366972477"
"2699594095","<vazio>","UNIT","apartamento","1330000","87",,"3","2","0","0","15287.3563218391"
"2621566613","Meia Praia","UNIT","apartamento","1180000","92",,"2","2",,"3","12826.0869565217"
"2769471142","Morretes","UNIT","apartamento","839680","69",,"2","1","750","400","12169.2753623188"
"2729114346","Tabuleiro","UNIT","apartamento","699000","53",,"2","1","0","0","13188.679245283"
"2626747375","Meia Praia","UNIT","apartamento","3490000","190",,"5","4","1","1","18368.4210526316"
"2748478794","Meia Praia","UNIT","apartamento","1684000","105",,"3","2","1180","0","16038.0952380952"
"2754168743","Morretes","UNIT","apartamento","594000","69",,"1","1","0","1","8608.69565217391"
"2667462986","Centro","UNIT","apartamento","3197000","206",,"5","3","350","300","15519.4174757282"
"2621947854","Morretes","UNIT","apartamento","772000","69",,"2","1",,"3","11188.4057971014"
"2761506470","Morretes","UNIT","apartamento","650000","64",,"2","1",,"0","10156.25"
"2743475777","Morretes","UNIT","apartamento","683000","66",,"2","1","0","0","10348.4848484848"
"2757662735","Morretes","UNIT","apartamento","890000","68",,"1","1",,,"13088.2352941176"
"2740345593","Morretes","UNIT","apartamento","840689","66",,"2","1","0","0","12737.7121212121"
"2720508839","Meia Praia","UNIT","apartamento","1790000","110",,"4","4",,,"16272.7272727273"
"2764632859","Meia Praia","UNIT","apartamento","4900000","182",,"4","3","5084","965","26923.0769230769"
"2769848375","Sert?o do Trombudo","UNIT","terreno","280997","200",,"0","0","1300","1","1404.985"
"2658583561","Meia Praia","UNIT","apartamento","3600000","131",,"4","3","2800","899","27480.9160305344"
"2762248621","Centro","UNIT","apartamento","4199110","138",,"4","3","3500","1000","30428.3333333333"
"2729592922","Morretes","UNIT","apartamento","799000","70",,"2","1","450","400","11414.2857142857"
"2761615723","Meia Praia","UNIT","apartamento","2800000","176",,"5","3","1000","0","15909.0909090909"
"2769755632","Centro","UNIT","apartamento","2799230","179",,"4","3","1600","750","15638.156424581"
"2740939372","Morretes","UNIT","apartamento","570000","69",,"1","1","0","400","8260.86956521739"
"2757731044","Andorinha","UNIT","apartamento","4799060","180",,"5","3","1","750","26661.4444444444"
"2661820367","Casa Branca","UNIT","apartamento","530000","74",,"1","1","400","300","7162.16216216216"
"2766783728","Centro","UNIT","apartamento","2799000","238",,"1","3","2300","900","11760.5042016807"
"2754355225","Morretes","UNIT","apartamento","780000","71",,"2","1","0","1","10985.9154929577"
"2741034673","Casa Branca","UNIT","apartamento","900000","60",,"2","1","1","1","15000"
"2761113065","Meia Praia","UNIT","apartamento","2615000","160",,"1","3","1","1","16343.75"
"2603798021","Centro","UNIT","apartamento","1850000","134",,"3","3",,,"13805.9701492537"
"2682560450","Centro","UNIT","apartamento","3570000","238",,"5","3","0","0","15000"
"2769184130","<vazio>","UNIT","apartamento","744810","64",,"2","1","550","210","11637.65625"
"2724326277","Meia Praia","UNIT","apartamento","3484000","139",,"4","3",,,"25064.7482014388"
"2690955939","Centro","UNIT","apartamento","3800928","128",,"3","2","0","0","29694.75"
"2723431572","Morretes","UNIT","apartamento","930000","70",,"1","1","0","0","13285.7142857143"
"2721915695","Meia Praia","UNIT","apartamento","2870000","126",,"4","3","1200","650","22777.7777777778"
"2635640073","Meia Praia","UNIT","apartamento","2300000","132",,"3","2",,,"17424.2424242424"
"2763409035","Morretes","UNIT","apartamento","808000","69",,"2","1",,,"11710.1449275362"
"2646971002","Meia Praia","UNIT","apartamento","5000000","212",,"4","3",,,"23584.9056603774"
"2690959202","Centro","UNIT","apartamento","3800928","131",,"3","2","0","0","29014.7175572519"
"2740905674","Sert?o do Trombudo","UNIT","casa","550000","90",,"3","1","500","0","6111.11111111111"
"2769471462","Castelo Branco","UNIT","apartamento","1599010","115",,"4","2","1","1","13904.4347826087"
"2693494917","Morretes","UNIT","apartamento","861200","64",,"1","1","10","0","13456.25"
"2717860139","Centro","UNIT","apartamento","4700000","200",,"5","3","0","0","23500"
"2744790835","Morretes","UNIT","apartamento","735000","67",,"2","1",,,"10970.1492537313"
"2756775630","Meia Praia","UNIT","apartamento","2200000","182",,"4","2","0","0","12087.9120879121"
"2511795687","Meia Praia","UNIT","apartamento","1860000","122",,"4","2","0",,"15245.9016393443"
"2727128545","Morretes","UNIT","apartamento","594000","68",,"1","1","0","0","8735.29411764706"
"2736201393","Meia Praia","UNIT","apartamento","3249000","180",,"4","3","0","0","18050"
"2726299710","Meia Praia","UNIT","apartamento","1990000","140",,"1","2","2327","795","14214.2857142857"
"2644848998","Meia Praia","UNIT","apartamento","4050000","205",,"5","2",,,"19756.0975609756"
"2767154720","Meia Praia","UNIT","apartamento","4955265","202",,"4","2","0",,"24531.0148514851"
"2703744125","Morretes","UNIT","apartamento","990000","68",,"1","1",,,"14558.8235294118"
"2666979699","Andorinha","UNIT","apartamento","2331290","118",,"4","3",,,"19756.6949152542"
"2769185875","Meia Praia","UNIT","apartamento","1599530","134",,"4","3","1600","1","11936.7910447761"
"2747718201","Castelo Branco","UNIT","apartamento","1490000","94",,"3","2",,"0","15851.0638297872"
"2735051923","Morretes","UNIT","apartamento","5125000","163",,"4","2","0","0","31441.717791411"
"2646969377","Morretes","UNIT","apartamento","690000","62",,"1","1",,,"11129.0322580645"
"2754516004","Morretes","UNIT","apartamento","898800","70",,"2","1","800","0","12840"
"2740881149","Morretes","UNIT","apartamento","649630","68",,"3","1","0","0","9553.38235294118"
"2747718696","Meia Praia","UNIT","apartamento","2300000","131",,"4","2",,"900","17557.2519083969"
"2748478796","Andorinha","UNIT","apartamento","1900000","120",,"1","2","2500","630","15833.3333333333"
"2756713918","Meia Praia","UNIT","apartamento","3500000","183",,"5","3","0","0","19125.6830601093"
"2744792334","Meia Praia","UNIT","apartamento","2900000","185",,"4","3",,,"15675.6756756757"
"2672323191","Meia Praia","UNIT","apartamento","3290000","156",,"4","3",,,"21089.7435897436"
"2704933609","Meia Praia","UNIT","apartamento","1190000","97",,"2","2",,"470","12268.0412371134"
"2733198814","Meia Praia","UNIT","apartamento","1100000","94",,"2","2",,,"11702.1276595745"
"2534061736","Centro","UNIT","apartamento","1763156","120",,"3","2",,,"14692.9666666667"
"2720508359","Meia Praia","UNIT","apartamento","2260000","134",,"4","2",,,"16865.671641791"
"2725402836","Castelo Branco","UNIT","apartamento","2100000","129",,"4","3","0","0","16279.0697674419"
"2613515520","Meia Praia","UNIT","apartamento","2999900","128",,"3","3",,,"23436.71875"
"2769181168","Andorinha","UNIT","apartamento","2498170","176",,"5","3","2400","1600","14194.1477272727"
"2675654617","Morretes","UNIT","apartamento","890000","70",,"1","1","0",,"12714.2857142857"
"2747718301","Meia Praia","UNIT","apartamento","3800000","120",,"4","2",,"550","31666.6666666667"
"2716785830","Centro","UNIT","apartamento","4670000","236",,"5","3",,,"19788.1355932203"
"2721918864","Morretes","UNIT","apartamento","7500000","260",,"4","4","1500","1000","28846.1538461538"
"2562265100","Castelo Branco","UNIT","apartamento","1144862","121",,"2","2",,,"9461.6694214876"
"2743479713","Tabuleiro dos Oliveiras","UNIT","apartamento","746000","60",,"1","1","0","0","12433.3333333333"
"2752588407","Meia Praia","UNIT","apartamento","1339111","122",,"1","2","100","0","10976.3196721311"
"2599019701","Morretes","UNIT","apartamento","730000","69",,"2","1",,,"10579.7101449275"
"2769844237","Morretes","UNIT","apartamento","949580","70",,"3","1","1100","550","13565.4285714286"
"2700889300","Morretes","UNIT","apartamento","750000","70",,"1","1","750","330","10714.2857142857"
"2769149921","Meia Praia","UNIT","apartamento","1900000","115",,"2","2",,,"16521.7391304348"
"2738796820","Meia Praia","UNIT","apartamento","1890000","175",,"4","3","1930","840","10800"
"2728277450","Meia Praia","UNIT","apartamento","2263000","169",,"5","3",,,"13390.5325443787"
"2698990090","Jardim Praia Mar","UNIT","apartamento","699000","64",,"2","1",,,"10921.875"
"2739103032","Morretes","UNIT","apartamento","780000","68",,"2","1","0",,"11470.5882352941"
"2761616138","Meia Praia","UNIT","apartamento","4500000","179",,"5","4","22","22","25139.6648044693"
"2769839364","Morretes","UNIT","apartamento","794700","60",,"2","1","1230","1","13245"
"2681758860","Andorinha","UNIT","apartamento","2100000","190",,"3","3",,,"11052.6315789474"
"2769184399","Tabuleiro dos Oliveiras","UNIT","apartamento","798730","69",,"2","1","1358","1","11575.7971014493"
"2692636065","Morretes","UNIT","apartamento","880000","70",,"2","1",,,"12571.4285714286"
"2736918068","Morretes","UNIT","apartamento","850000","69",,"3","1","1","1","12318.8405797101"
"2754738797","Meia Praia","UNIT","apartamento","1690000","219",,"1","2","1200","700","7716.89497716895"
"2719907142","Meia Praia","UNIT","apartamento","1800000","150",,"4","2","1750","700","12000"
"2599739011","Morretes","UNIT","apartamento","690000","69",,"2","1",,,"10000"
"2717033171","Meia Praia","UNIT","apartamento","2600000","130",,"4","3","2037","800","20000"
"2661820561","Meia Praia","UNIT","apartamento","1400000","164",,"3","2","1500","478","8536.58536585366"
"2646970290","Meia Praia","UNIT","apartamento","3000000","190",,"1","3",,,"15789.4736842105"
"2650006177","Meia Praia","UNIT","apartamento","3950000","222",,"5","3","0",,"17792.7927927928"
"2551110254","Meia Praia","UNIT","apartamento","7800000","181",,"4","3",,,"43093.9226519337"
"2714719965","Morretes","UNIT","apartamento","680000","69",,"2","1","0","0","9855.07246376812"
"2719505997","Morretes","UNIT","apartamento","1950000","125",,"4","2",,,"15600"
"2681761601","Meia Praia","UNIT","apartamento","1850000","130",,"3","2",,"3","14230.7692307692"
"2767583516","Varzea","UNIT","apartamento","1190006","69",,"2","1","100",,"17246.4637681159"
"2731014330","Meia Praia","UNIT","apartamento","2591000","130",,"4","2",,,"19930.7692307692"
"2614047697","Meia Praia","UNIT","apartamento","3714000","195",,"4","3",,,"19046.1538461538"
"2534426334","Centro","UNIT","apartamento","3592000","156",,"3","3",,,"23025.641025641"
"2720507958","Andorinha","UNIT","apartamento","2200000","140",,"4","2",,,"15714.2857142857"
"2586868843","Morretes","UNIT","apartamento","850000","70",,"2","1",,,"12142.8571428571"
"2741749057","Morretes","UNIT","apartamento","799000","70",,"2","1","0","0","11414.2857142857"
"2714715288","Castelo Branco","UNIT","apartamento","1750000","126",,"3","2","0","700","13888.8888888889"
"2739620965","Morretes","UNIT","apartamento","570000","69",,"1","1","0","0","8260.86956521739"
"2732563514","Meia Praia","UNIT","apartamento","3500000","188",,"5","3","0",,"18617.0212765957"
"2767581776","Andorinha","UNIT","apartamento","1233698","111",,"1","2","100",,"11114.3963963964"
"2764859349","Meia Praia","UNIT","apartamento","4000000","183",,"5","3","0","0","21857.9234972678"
"2769179935","Tabuleiro dos Oliveiras","UNIT","apartamento","887390","69",,"2","1","600","900","12860.7246376812"
"2729496793","Meia Praia","UNIT","apartamento","2998700","180",,"1","4","4000","1300","16659.4444444444"
"2758130051","Centro","UNIT","apartamento","4300000","188",,"6","3","15","15","22872.3404255319"
"2727423492","Andorinha","UNIT","apartamento","1890000","118",,"3","2",,,"16016.9491525424"
"2667815701","Meia Praia","UNIT","apartamento","3200000","158",,"5","3","0",,"20253.164556962"
"2753961997","Jardim Praia Mar","UNIT","apartamento","921142","70",,"3","1","500","500","13159.1714285714"
"2757804584","Castelo Branco","UNIT","apartamento","1970000","129",,"4","2","0","0","15271.3178294574"
"2650008653","Andorinha","UNIT","apartamento","2300000","182",,"5","3","0",,"12637.3626373626"
"2756821814","Morretes","UNIT","apartamento","750000","65",,"1","1","0","430","11538.4615384615"
"2747005493","Morretes","UNIT","apartamento","690000","63",,"1","1","0","0","10952.380952381"
"2744015953","Morretes","UNIT","apartamento","750000","69",,"1","1",,,"10869.5652173913"
"2769847355","Tabuleiro dos Oliveiras","UNIT","apartamento","698880","53",,"2","1","950","450","13186.4150943396"
"2739644632","Centro","UNIT","apartamento","2600000","185",,"5","2","0","0","14054.0540540541"
"2741034255","Tabuleiro dos Oliveiras","UNIT","apartamento","800000","62",,"1","1","2000","300","12903.2258064516"
"2765234120","Meia Praia","UNIT","apartamento","5500000","217",,"5","4","6000","1500","25345.6221198157"
"2562091159","Castelo Branco","UNIT","apartamento","907671","105",,"2","1",,,"8644.48571428571"
"2759160040","Meia Praia","UNIT","apartamento","2990000","164",,"5","3",,"1000","18231.7073170732"
"2599481422","Meia Praia","UNIT","apartamento","1700000","114",,"3","2",,,"14912.2807017544"
"2734789061","Meia Praia","UNIT","apartamento","3190000","136",,"4","3",,,"23455.8823529412"
"2731237420","Meia Praia","UNIT","apartamento","5950000","190",,"5","3",,,"31315.7894736842"
"2676069108","Centro","UNIT","apartamento","2915390","171",,"4","3",,,"17049.0643274854"
"2732420167","Morretes","UNIT","apartamento","850000","70",,"2","1",,,"12142.8571428571"
"2730185433","Meia Praia","UNIT","apartamento","4200000","182",,"5","3","4035","946","23076.9230769231"
"2767580925","Meia Praia","UNIT","apartamento","1600000","185",,"3","2","100","700","8648.64864864865"
"2723211734","Meia Praia","UNIT","apartamento","3000000","208",,"4","2",,,"14423.0769230769"
"2540548581","Morretes","UNIT","apartamento","852000","68",,"2","1","0","0","12529.4117647059"
"2752790994","Alto S?o Bento","UNIT","apartamento","647500","69",,"2","1","0",,"9384.05797101449"
"2738273040","Andorinha","UNIT","apartamento","2100000","164",,"1","3",,"600","12804.8780487805"
"2754170219","Morretes","UNIT","apartamento","704000","69",,"3","1","0","0","10202.8985507246"
"2731999931","Morretes","UNIT","apartamento","6672000","186",,"5","3","0","0","35870.9677419355"
"2671618440","Jardim Praia Mar","UNIT","apartamento","750000","60",,"2","1","0",,"12500"
"2530312572","Meia Praia","UNIT","apartamento","2700000","128",,"3","3",,,"21093.75"
"2721917686","Meia Praia","UNIT","apartamento","3190000","156",,"4","3","3800","1200","20448.7179487179"
"2695922717","Meia Praia","UNIT","apartamento","3070000","202",,"3","2",,,"15198.0198019802"
"2759051626","Andorinha","UNIT","apartamento","4699140","300",,"6","3","8000","2200","15663.8"
"2757202419","Castelo Branco","UNIT","apartamento","1260000","98",,"1","1","0","1","12857.1428571429"
"2769186410","Meia Praia","UNIT","apartamento","1279090","114",,"4","2","2176","1","11220.0877192982"
"2733737814","Morretes","UNIT","apartamento","6799892","177",,"5","3","1","1","38417.4689265537"
"2736890576","Tabuleiro dos Oliveiras","UNIT","apartamento","650000","63",,"2","0",,"320","10317.4603174603"
"2754965407","Castelo Branco","UNIT","apartamento","1918000","150",,"4","3",,,"12786.6666666667"
"2569457708","Meia Praia","UNIT","apartamento","2690000","132",,"4","3",,,"20378.7878787879"
"2551108924","Meia Praia","UNIT","apartamento","2490000","140",,"3","2",,,"17785.7142857143"
"2724476760","Morretes","UNIT","apartamento","750000","62",,"3","1","0","0","12096.7741935484"
"2760263132","Castelo Branco","UNIT","apartamento","1750000","130",,"4","2","0","0","13461.5384615385"
"2759051919","Meia Praia","UNIT","apartamento","2799620","180",,"5","2","2800","1100","15553.4444444444"
"2717860340","Meia Praia","UNIT","apartamento","1090000","93",,"1","2","1","1","11720.4301075269"
"2740320507","Morretes","UNIT","apartamento","795000","67",,"2","1","0","0","11865.671641791"
"2769295230","Morretes","UNIT","apartamento","750000","70",,"2","1",,"298","10714.2857142857"
"2660890582","Meia Praia","UNIT","apartamento","1800000","130",,"2","2",,"0","13846.1538461538"
"2735272928","Meia Praia","UNIT","apartamento","2095000","143",,"4","2","0","0","14650.3496503496"
"2765303838","Morretes","UNIT","apartamento","986355","67",,"2","1",,,"14721.7164179104"
"2738890449","Meia Praia","UNIT","apartamento","2500000","193",,"4","3",,,"12953.3678756477"
"2741548461","Meia Praia","UNIT","apartamento","1305000","102",,"3","2","1","1","12794.1176470588"
"2614047695","Centro","UNIT","apartamento","2805000","125",,"3","2",,,"22440"
"2749129709","Andorinha","UNIT","apartamento","1900000","120",,"3","2",,,"15833.3333333333"
"2646971389","Tabuleiro dos Oliveiras","UNIT","apartamento","750000","69",,"2","1",,"450","10869.5652173913"
"2767924322","Tabuleiro dos Oliveiras","UNIT","apartamento","677000","69",,"3","1",,"400","9811.59420289855"
"2762054918","Meia Praia","UNIT","apartamento","6584096","192",,"5","3","0","0","34292.1666666667"
"2761574937","Meia Praia","UNIT","apartamento","5300000","215",,"5","3",,,"24651.1627906977"
"2653092705","Morretes","UNIT","apartamento","720000","112",,"2","1","0","500","6428.57142857143"
"2611524815","Andorinha","UNIT","apartamento","2311845","118",,"4","3","0",,"19591.906779661"
"2634089187","Centro","UNIT","apartamento","1959000","151",,"5","2",,,"12973.5099337748"
"2754739096","Morretes","UNIT","apartamento","690000","64",,"1","1","0","0","10781.25"
"2769840188","Morretes","UNIT","apartamento","713995","70",,"3","1","850","250","10199.9285714286"
"2646971174","Morretes","UNIT","apartamento","740000","60",,"2","1",,,"12333.3333333333"
"2735382017","Andorinha","UNIT","apartamento","1890000","135",,"3","3",,"600","14000"
"2735336659","Morretes","UNIT","apartamento","720000","93",,"1","1",,,"7741.93548387097"
"2743303084","Sert?o do Trombudo","UNIT","casa","550000","90",,"3","1","500","0","6111.11111111111"
"2665070402","Meia Praia","UNIT","apartamento","4200000","177",,"3","2","4150","1000","23728.813559322"
"2769843146","Meia Praia","UNIT","apartamento","719540","135",,"2","1","900","350","5329.92592592593"
"2671064715","Centro","UNIT","apartamento","3450000","185",,"1","3",,"1500","18648.6486486487"
"2769187426","Castelo Branco","UNIT","apartamento","1489110","145",,"5","3","2533","1","10269.724137931"
"2759428114","Andorinha","UNIT","apartamento","1499140","128",,"4","2","1500","650","11712.03125"
"2729738356","Meia Praia","UNIT","apartamento","1590000","200",,"1","2","0","0","7950"
"2655800760","Meia Praia","UNIT","apartamento","1299000","114",,"3","3","450",,"11394.7368421053"
"2739354840","Andorinha","UNIT","apartamento","2250000","169",,"4","2","3000","600","13313.6094674556"
"2769472062","Meia Praia","UNIT","apartamento","3699180","200",,"5","3","1","1","18495.9"
"2722256748","Meia Praia","UNIT","apartamento","2080000","120",,"1","4",,"650","17333.3333333333"
"2764952281","Morretes","UNIT","apartamento","1200000","66",,"2","1","0","0","18181.8181818182"
"2672319133","Meia Praia","UNIT","apartamento","4490000","300",,"6","3",,,"14966.6666666667"
"2714721441","Centro","UNIT","apartamento","2000000","141",,"3","3","0","0","14184.3971631206"
"2769178817","Morretes","UNIT","apartamento","389290","63",,"1","1","1","1","6179.20634920635"
"2749228280","Meia Praia","UNIT","apartamento","2350000","132",,"4","2",,,"17803.0303030303"
"2735032832","Centro","UNIT","apartamento","6950000","200",,"5","3","0","0","34750"
"2720507951","Meia Praia","UNIT","apartamento","5500000","301",,"5","3",,,"18272.4252491694"
"2608277260","Morretes","UNIT","apartamento","795000","58",,"2","1","480","320","13706.8965517241"
"2755274799","Meia Praia","UNIT","apartamento","1990000","121",,"4","2","1000","700","16446.2809917355"
"2752789220","Jardim Praia Mar","UNIT","apartamento","722950","68",,"1","1","0",,"10631.6176470588"
"2769182975","Andorinha","UNIT","apartamento","1398860","129",,"2","1","1200","570","10843.8759689922"
"2737232039","Castelo Branco","UNIT","apartamento","2450000","161",,"5","3","0","0","15217.3913043478"
"2561784418","Centro","UNIT","apartamento","2700000","250",,"3","2",,,"10800"
"2741792917","Tabuleiro dos Oliveiras","UNIT","apartamento","848000","70",,"2","1","0","500","12114.2857142857"
"2716756232","Meia Praia","UNIT","apartamento","1500000","134",,"4","1","0","0","11194.0298507463"
"2723210388","Meia Praia","UNIT","apartamento","1650000","100",,"2","2",,,"16500"
"2672322884","Meia Praia","UNIT","apartamento","4000000","254",,"6","3",,,"15748.031496063"
"2672323576","Meia Praia","UNIT","apartamento","6158563","240",,"4","3",,,"25660.6791666667"
"2646971476","Andorinha","UNIT","apartamento","1600000","121",,"3","2","1220","730","13223.1404958678"
"2769754423","Castelo Branco","UNIT","apartamento","1199810","96",,"4","2","700","295","12498.0208333333"
"2675655296","Meia Praia","UNIT","apartamento","1690000","140",,"4","2","0",,"12071.4285714286"
"2594648162","Morretes","UNIT","apartamento","778544","70",,"3","1",,,"11122.0571428571"
"2650750170","Morretes","UNIT","apartamento","900000","60",,"2","1",,,"15000"
"2769474182","Castelo Branco","UNIT","apartamento","1549790","117",,"4","2","1900","650","13246.0683760684"
"2734362020","Meia Praia","UNIT","apartamento","4790000","187",,"5","3","0","850","25614.9732620321"
"2731627323","Meia Praia","UNIT","apartamento","4500000","226",,"1","3","4720","2100","19911.5044247788"
"2758217716","Castelo Branco","UNIT","apartamento","4515000","183",,"5","3","2000","1400","24672.131147541"
"2743754479","Morretes","UNIT","apartamento","860000","69",,"3","2","750","400","12463.768115942"
"2740364698","Morretes","UNIT","apartamento","825995","65",,"3","1","0","0","12707.6153846154"
"2715416019","<vazio>","UNIT","apartamento","2000000","128",,"1","2","1500","611","15625"
"2765062369","Meia Praia","UNIT","apartamento","1450000","94",,"1","2","100","0","15425.5319148936"
"2758374329","Andorinha","UNIT","apartamento","1635000","113",,"3","2","1825","772","14469.0265486726"
"2757859151","Meia Praia","UNIT","apartamento","3500000","193",,"1","3","0","0","18134.7150259067"
"2700889299","Morretes","UNIT","apartamento","850000","65",,"1","1",,,"13076.9230769231"
"2560381913","Centro","UNIT","apartamento","7697000","229",,"4","3",,,"33611.3537117904"
"2759052221","Andorinha","UNIT","apartamento","1699870","112",,"4","2","1600","580","15177.4107142857"
"2641487607","Centro","UNIT","apartamento","1690000","114",,"1","1","0","0","14824.5614035088"
"2646969726","Meia Praia","UNIT","apartamento","880000","116",,"1","1","437","387","7586.20689655172"
"2646971198","Meia Praia","UNIT","apartamento","3000000","315",,"4","3",,,"9523.80952380952"
"2738892530","Meia Praia","UNIT","apartamento","2400000","167",,"3","3",,,"14371.2574850299"
"2757866113","Meia Praia","UNIT","apartamento","2149170","144",,"4","2","1600","850","14924.7916666667"
"2766854922","Jardim Praia Mar","UNIT","apartamento","789800","68",,"2","1","0","0","11614.7058823529"
"2539341181","Meia Praia","UNIT","apartamento","1890832","105",,"4","2","0",,"18007.9238095238"
"2646971502","Morretes","UNIT","apartamento","750000","69",,"1","1",,,"10869.5652173913"
"2761579422","Andorinha","UNIT","apartamento","2200000","140",,"4","2",,,"15714.2857142857"
"2769470559","Meia Praia","UNIT","apartamento","2299710","146",,"4","3","1500","600","15751.4383561644"
"2673689507","Meia Praia - Frente Mar","UNIT","apartamento","6830000","157",,"5","2","0",,"43503.1847133758"
"2664303511","Morretes","UNIT","apartamento","840000","70",,"2","1",,,"12000"
"2764859343","Meia Praia","UNIT","apartamento","5003925","205",,"5","3","0","0","24409.3902439024"
"2722213370","Andorinha","UNIT","apartamento","2200000","115",,"3","2","1400","535","19130.4347826087"
"2768969290","Morretes","UNIT","apartamento","798680","70",,"2","1","900","400","11409.7142857143"
"2743786614","Morretes","UNIT","apartamento","800000","69",,"3","1","700","400","11594.2028985507"
"2747718600","Meia Praia","UNIT","apartamento","3400000","170",,"3","2",,"0","20000"
"2574080906","Meia Praia","UNIT","apartamento","1950000","127",,"3","2","0","780","15354.3307086614"
"2695517997","Meia Praia","UNIT","apartamento","3369000","208",,"5","3","2000","1500","16197.1153846154"
"2737234416","Andorinha","UNIT","apartamento","3490000","213",,"5","3","0","0","16384.9765258216"
"2707062953","Centro","UNIT","apartamento","6100000","196",,"5","3",,,"31122.4489795918"
"2707068068","Morretes","UNIT","apartamento","8560000","180",,"5","4",,,"47555.5555555556"
"2763468913","Meia Praia","UNIT","apartamento","4850000","188",,"5","3","0",,"25797.8723404255"
"2724259508","Centro","UNIT","apartamento","2183000","119",,"4","3","0","0","18344.5378151261"
"2743458673","Morretes","UNIT","apartamento","969000","67",,"2","2","1","418","14462.6865671642"
"2761579222","Meia Praia","UNIT","apartamento","2349000","128",,"3","2",,,"18351.5625"
"2740916756","Morretes","UNIT","apartamento","800000","70",,"1","1","0","0","11428.5714285714"
"2747921111","Tabuleiro dos Oliveiras","UNIT","apartamento","858000","69",,"1","1","0",,"12434.7826086957"
"2755013343","Meia Praia","UNIT","apartamento","2300000","142",,"4","3","1200","900","16197.1830985915"
"2747718598","Meia Praia","UNIT","apartamento","1550000","114",,"3","2",,"650","13596.4912280702"
"2738794350","Morretes","UNIT","apartamento","750000","102",,"2","1",,"400","7352.94117647059"
"2738068680","Centro","UNIT","apartamento","3570000","238",,"5","3",,,"15000"
"2757611315","Andorinha","UNIT","apartamento","1900000","120",,"1","2","2500","630","15833.3333333333"
"2691107456","Morretes","UNIT","apartamento","835000","69",,"3","1","1","1","12101.4492753623"
"2763090918","Morretes","UNIT","apartamento","898000","70",,"2","1",,,"12828.5714285714"
"2731694041","Meia Praia","UNIT","apartamento","1266000","100",,"2","2","0","0","12660"
"2669459702","Meia Praia","UNIT","apartamento","6830000","158",,"4","2",,,"43227.8481012658"
"2656735642","Meia Praia","UNIT","apartamento","4366000","282",,"6","3",,"0","15482.2695035461"
"2733789523","Meia Praia","UNIT","apartamento","2500000","150",,"4","2",,,"16666.6666666667"
"2605157193","Meia Praia","UNIT","apartamento","3300000","190",,"4","3",,,"17368.4210526316"
"2747959105","Meia Praia","UNIT","apartamento","2300000","130",,"4","2",,"800","17692.3076923077"
"2769470840","Meia Praia","UNIT","apartamento","3714530","160",,"5","3","1","1","23215.8125"
"2719898563","Centro","UNIT","apartamento","3690000","157",,"1","3","0","1","23503.1847133758"
"2594623374","Centro","UNIT","apartamento","3135000","110",,"3","2",,,"28500"
"2754746736","Meia Praia","UNIT","apartamento","7628000","261",,"6","3",,"0","29226.0536398467"
"2562765497","Meia Praia","UNIT","apartamento","1450000","140",,"3","3",,,"10357.1428571429"
"2699373281","Meia Praia","UNIT","apartamento","6158563","240",,"4","3",,"0","25660.6791666667"
"2557808857","Meia Praia","UNIT","apartamento","1700000","110",,"3","2",,,"15454.5454545455"
"2747203496","Morretes","UNIT","apartamento","590000","37",,"1","1","0","0","15945.9459459459"
"2738893349","Meia Praia","UNIT","apartamento","3500000","188",,"4","3",,,"18617.0212765957"
"2704130214","Meia Praia","UNIT","apartamento","3500000","170",,"6","3","0","950","20588.2352941176"
"2685493538","Centro","UNIT","apartamento","2500000","128",,"1","2","100","0","19531.25"
"2740008516","Meia Praia","UNIT","apartamento","2189661","127",,"4","3",,"0","17241.4251968504"
"2692570985","Morretes","UNIT","apartamento","655500","63",,"2","1",,"300","10404.7619047619"
"2647405814","Meia Praia","UNIT","apartamento","1740000","112",,"3","2",,"550","15535.7142857143"
"2734992881","Meia Praia","UNIT","apartamento","7888000","166",,"5","3","0","0","47518.0722891566"
"2727222138","Meia Praia","UNIT","apartamento","3482000","131",,"3","3",,"995","26580.1526717557"
"2759889549","Centro","UNIT","apartamento","1140000","189",,"3","2","0","0","6031.74603174603"
"2734990466","Centro","UNIT","apartamento","1640000","117",,"4","2","0","0","14017.094017094"
"2687015040","Meia Praia","UNIT","apartamento","1873482","127",,"4","2",,,"14751.8267716535"
"2765369735","Meia Praia","UNIT","apartamento","3200000","193",,"5","3","0","0","16580.310880829"
"2710233102","Morretes","UNIT","apartamento","990000","70",,"2","1",,,"14142.8571428571"
"2769179413","Morretes","UNIT","apartamento","798660","70",,"2","1","450","400","11409.4285714286"
"2640261082","Centro","UNIT","apartamento","3000000","206",,"5","3","0",,"14563.1067961165"
"2728147178","Andorinha","UNIT","apartamento","1290000","118",,"3","2","1200","650","10932.2033898305"
"2692347258","Morretes","UNIT","apartamento","756000","69",,"2","1","0",,"10956.5217391304"
"2726963782","Morretes","UNIT","apartamento","798500","69",,"2","1",,"0","11572.4637681159"
"2667290998","Morretes","UNIT","apartamento","999000","70",,"2","1","0",,"14271.4285714286"
"2752584071","Meia Praia","UNIT","apartamento","1355070","111",,"1","2","100","0","12207.8378378378"
"2723209932","Jardim Praia Mar","UNIT","apartamento","848851","70",,"2","1",,,"12126.4428571429"
"2769189317","Meia Praia","UNIT","apartamento","1489500","160",,"3","2","1400","470","9309.375"
"2676973704","Meia Praia","UNIT","apartamento","4490000","350",,"2","3","4200","1550","12828.5714285714"
"2661361200","Meia Praia","UNIT","apartamento","2200000","132",,"2","2",,"525","16666.6666666667"
"2767580966","Andorinha","UNIT","apartamento","1443747","107",,"3","2","100",,"13492.9626168224"
"2747718599","Meia Praia","UNIT","apartamento","1850000","146",,"4","3",,"0","12671.2328767123"
"2699373774","Meia Praia","UNIT","apartamento","1900000","124",,"4","2",,"0","15322.5806451613"
"2659840467","Morretes","UNIT","apartamento","987000","70",,"2","1","0",,"14100"
"2714533420","Morretes","UNIT","apartamento","571143","53",,"1","1","1","1","10776.2830188679"
"2707070556","Morretes","UNIT","apartamento","3550000","190",,"5","3",,,"18684.2105263158"
"2725593168","Meia Praia","UNIT","apartamento","2300000","137",,"4","2",,"600","16788.3211678832"
"2549400177","Centro","UNIT","apartamento","2100000","133",,"4","2","0","0","15789.4736842105"
"2757817729","Castelo Branco","UNIT","apartamento","1885000","132",,"4","2","0","0","14280.303030303"
"2743991169","Meia Praia","UNIT","apartamento","5099000","198",,"5","3",,,"25752.5252525253"
"2692698900","Meia Praia","UNIT","apartamento","2199000","140",,"3","2","0","0","15707.1428571429"
"2510619010","Meia Praia","UNIT","apartamento","3790000","213",,"5","3","0","0","17793.4272300469"
"2763092122","Meia Praia","UNIT","apartamento","4517000","184",,"5","3","5000","1100","24548.9130434783"
"2723485241","Centro","UNIT","apartamento","2910000","197",,"5","3",,,"14771.5736040609"
"2754168930","Morretes","UNIT","apartamento","723000","71",,"2","1","0","0","10183.0985915493"
"2745680594","Andorinha","UNIT","apartamento","2000000","167",,"4","3",,,"11976.0479041916"
"2511793927","Meia Praia","UNIT","apartamento","1840000","118",,"4","2","0",,"15593.2203389831"
"2744012693","Meia Praia","UNIT","apartamento","2000000","145",,"4","3",,,"13793.1034482759"
"2680531560","Castelo Branco","UNIT","apartamento","1350000","165",,"3","2",,,"8181.81818181818"
"2759051625","Andorinha","UNIT","apartamento","3199280","207",,"5","4","4500","1650","15455.4589371981"
"2721918875","Centro","UNIT","apartamento","3959000","206",,"5","3","1400","1000","19218.4466019417"
"2567227171","Meia Praia","UNIT","apartamento","1700000","127",,"3","3",,,"13385.8267716535"
"2759607230","Centro","UNIT","apartamento","2300000","137",,"4","2","2500","1250","16788.3211678832"
"2721987734","Morretes","UNIT","apartamento","797540","66",,"2","1",,,"12083.9393939394"
"2769150916","Morretes","UNIT","apartamento","590000","36",,"1","1",,,"16388.8888888889"
"2769187631","Morretes","UNIT","casa","719730","110",,"3","2","700","1","6543"
"2753756916","Morretes","UNIT","apartamento","840000","69",,"2","1","1000","560","12173.9130434783"
"2768646647","Morretes","UNIT","apartamento","780000","63",,"2","1","0","0","12380.9523809524"
"2590073318","Meia Praia","UNIT","apartamento","1390000","130",,"2","2",,,"10692.3076923077"
"2686027725","Meia Praia","UNIT","apartamento","2528168","150",,"4","2","0","0","16854.4533333333"
"2719898205","Castelo Branco","UNIT","apartamento","1350000","133",,"1","2","0","2","10150.3759398496"
"2633100358","Meia Praia","UNIT","apartamento","2590000","130",,"4","2","0",,"19923.0769230769"
"2514155936","Centro","UNIT","apartamento","2314000","121",,"4","2",,,"19123.9669421488"
"2569300956","Morretes","UNIT","apartamento","974515","64",,"1","1",,,"15226.796875"
"2738894035","Meia Praia","UNIT","apartamento","1450000","128",,"1","2",,,"11328.125"
"2756727830","Morretes","UNIT","apartamento","725000","70",,"3","1","0",,"10357.1428571429"
"2724679648","Meia Praia","UNIT","apartamento","1680000","140",,"3","2","2100","750","12000"
"2609062482","Meia Praia","UNIT","apartamento","2500000","128",,"4","2","1300","600","19531.25"
"2738890443","Meia Praia","UNIT","apartamento","3100000","175",,"4","3",,,"17714.2857142857"
"2731292943","Morretes","UNIT","apartamento","999000","68",,"1","1","0","0","14691.1764705882"
"2655195698","Tabuleiro dos Oliveiras","UNIT","apartamento","900000","70",,"1","1","0","400","12857.1428571429"
"2626745521","Meia Praia","UNIT","apartamento","2500000","131",,"4","2","2354","838","19083.9694656489"
"2655792295","Centro","UNIT","apartamento","1974885","141",,"4","2",,,"14006.2765957447"
"2768967488","Meia Praia","UNIT","apartamento","4599290","206",,"5","4","8000","1300","22326.6504854369"
"2761506950","Meia Praia","UNIT","apartamento","1950000","122",,"4","2","1600","700","15983.606557377"
"2544673312","Meia Praia","UNIT","apartamento","4500000","213",,"1","3","5000","1200","21126.7605633803"
"2661819232","Castelo Branco","UNIT","apartamento","2299000","128",,"2","2","1850","800","17960.9375"
"2757660228","Meia Praia","UNIT","apartamento","2990000","178",,"4","3",,,"16797.7528089888"
"2661820553","Meia Praia","UNIT","apartamento","2800000","180",,"4","2","2400","1200","15555.5555555556"
"2682862777","Morretes","UNIT","apartamento","1200000","70",,"2","1",,,"17142.8571428571"
"2764521320","Meia Praia","UNIT","apartamento","3420000","179",,"1","3","0","0","19106.1452513966"
"2740938864","Morretes","UNIT","apartamento","680000","70",,"1","1","0","0","9714.28571428571"
"2767581595","Tabuleiro dos Oliveiras","UNIT","apartamento","760000","70",,"1","1","100",,"10857.1428571429"
"2599503556","Morretes","UNIT","apartamento","747600","70",,"2","1",,,"10680"
"2766855033","Morretes","UNIT","apartamento","779800","70",,"2","1","0","0","11140"
"2756820443","Morretes","UNIT","apartamento","898800","70",,"1","1","0","0","12840"
"2761574941","Meia Praia","UNIT","apartamento","3475000","179",,"4","3",,,"19413.4078212291"
"2537271381","Centro","UNIT","apartamento","8602000","229",,"5","3","0",,"37563.3187772926"
"2746689525","Morretes","UNIT","apartamento","858900","70",,"2","1",,"0","12270"
"2762231735","Meia Praia","UNIT","apartamento","2400000","135",,"3","3",,,"17777.7777777778"
"2543548900","Centro","UNIT","apartamento","1751500","135",,"4","3","0",,"12974.0740740741"
"2699373582","Meia Praia","UNIT","apartamento","2450000","153",,"5","3","1900","890","16013.0718954248"
"2600013655","Morretes","UNIT","apartamento","670000","67",,"3","1",,,"10000"
"2732469215","Meia Praia","UNIT","apartamento","1400000","165",,"3","2","1500","478","8484.84848484848"
"2756708888","Centro","UNIT","apartamento","2799000","238",,"4","3","0","0","11760.5042016807"
"2661819995","Castelo Branco","UNIT","apartamento","2790000","142",,"3","3","2300","700","19647.8873239437"
"2740773895","Meia Praia","UNIT","apartamento","1890000","113",,"3","2",,,"16725.6637168142"
"2570146407","Castelo Branco","UNIT","apartamento","1930000","123",,"4","2","0",,"15691.0569105691"
"2744016161","Morretes","UNIT","apartamento","720000","93",,"2","1","600","500","7741.93548387097"
"2511793538","Meia Praia","UNIT","apartamento","1716000","104",,"4","2","0",,"16500"
"2768969133","Andorinha","UNIT","apartamento","1494360","108",,"2","2","950","750","13836.6666666667"
"2661820163","Meia Praia","UNIT","apartamento","1800000","149",,"4","2","1750","700","12080.5369127517"
"2764632159","Meia Praia","UNIT","apartamento","4200000","197",,"5","3","0","1180","21319.7969543147"
"2702437378","Andorinha","UNIT","apartamento","1809050","137",,"4","2","1800","890","13204.7445255474"
"2723209703","Morretes","UNIT","apartamento","6672000","186",,"4","2",,,"35870.9677419355"
"2533971569","Andorinha","UNIT","apartamento","1800000","127",,"3","2",,,"14173.2283464567"
"2743252048","Jardim Praia Mar","UNIT","apartamento","589000","64",,"2","1","650","250","9203.125"
"2657669775","Morretes","UNIT","apartamento","830895","70",,"1","1",,"0","11869.9285714286"
"2753757400","Morretes","UNIT","apartamento","640000","68",,"2","1",,"426","9411.76470588235"
"2750471895","Morretes","UNIT","apartamento","799000","70",,"2","1",,,"11414.2857142857"
"2761579328","Meia Praia","UNIT","apartamento","4355000","222",,"5","3",,,"19617.1171171171"
"2692110571","Meia Praia","UNIT","apartamento","4000000","255",,"6","3","1500","750","15686.2745098039"
"2723211046","Centro","UNIT","apartamento","2900000","165",,"3","2",,"950","17575.7575757576"
"2655340785","Centro","UNIT","apartamento","3090000","172",,"4","3",,,"17965.1162790698"
"2736410129","Castelo Branco","UNIT","apartamento","2690000","132",,"3","2","1","1","20378.7878787879"
"2700735376","Meia Praia","UNIT","apartamento","2289111","125",,"4","2",,,"18312.888"
"2702305083","Meia Praia","UNIT","apartamento","1990000","135",,"4","2",,,"14740.7407407407"
"2759988571","Meia Praia","UNIT","apartamento","2987400","161",,"5","2","2200","1200","18555.2795031056"
"2676663628","Castelo Branco","UNIT","apartamento","1800000","130",,"3","3",,,"13846.1538461538"
"2748478795","Morretes","UNIT","apartamento","900000","70",,"1","1","600","0","12857.1428571429"
"2769177192","Andorinha","UNIT","apartamento","1499320","85",,"2","2","1800","650","17639.0588235294"
"2636861831","Centro","UNIT","apartamento","3570000","238",,"4","3",,"3","15000"
"2723209322","Meia Praia","UNIT","apartamento","1750000","115",,"2","1",,"650","15217.3913043478"
"2626577867","Jardim Praia Mar","UNIT","apartamento","750000","64",,"2","1","0","0","11718.75"
"2767582452","Morretes","UNIT","apartamento","700000","58",,"1","1","100",,"12068.9655172414"
"2646971196","Meia Praia","UNIT","apartamento","2500000","131",,"3","2",,"930","19083.9694656489"
"2747717307","Andorinha","UNIT","apartamento","2750000","177",,"5","3","2276","880","15536.7231638418"
"2716338234","<vazio>","UNIT","apartamento","1600000","110",,"2","2",,,"14545.4545454545"
"2740140860","Centro","UNIT","apartamento","2100000","133",,"4","2","0","0","15789.4736842105"
"2652134086","Meia Praia","UNIT","apartamento","8560000","180",,"4","3",,,"47555.5555555556"
"2747266496","Meia Praia","UNIT","apartamento","1550000","117",,"4","2",,,"13247.8632478632"
"2760453317","Meia Praia","UNIT","apartamento","4900000","180",,"5","3","0","905","27222.2222222222"
"2692568195","Morretes","UNIT","apartamento","890000","70",,"3","1",,"0","12714.2857142857"
"2758535518","Meia Praia","UNIT","apartamento","1649000","110",,"4","2","0",,"14990.9090909091"
"2745677036","Morretes","UNIT","apartamento","650000","69",,"2","1",,,"9420.28985507246"
"2734486374","Meia Praia","UNIT","apartamento","1684000","105",,"4","2","1","1","16038.0952380952"
"2761484621","Castelo Branco","UNIT","apartamento","889170","75",,"2","1","1","1","11855.6"
"2727817179","Castelo Branco","UNIT","apartamento","1150000","80",,"2","2",,,"14375"
"2658282060","Meia Praia","UNIT","apartamento","1728000","123",,"4","2","2060","800","14048.7804878049"
"2661820168","Meia Praia","UNIT","apartamento","4000000","190",,"5","3","2800","1200","21052.6315789474"
"2632743175","Centro","UNIT","apartamento","1322000","126",,"2","2","900","400","10492.0634920635"
"2714041027","Morretes","UNIT","apartamento","898000","66",,"3","1","0",,"13606.0606060606"
"2593386612","Morretes","UNIT","apartamento","742000","62",,"2","1",,,"11967.7419354839"
"2764631186","Meia Praia","UNIT","apartamento","2120000","158",,"5","2","0","0","13417.7215189873"
"2720816938","Morretes","UNIT","apartamento","5850000","230",,"5","3","4500","1700","25434.7826086957"
"2661818969","Meia Praia","UNIT","apartamento","3090000","200",,"5","4","2400","1000","15450"
"2673016481","Centro","UNIT","apartamento","1900000","133",,"3","2","0","0","14285.7142857143"
"2749863177","Meia Praia","UNIT","apartamento","1190000","97",,"2","2",,,"12268.0412371134"
"2764633851","Meia Praia","UNIT","apartamento","3390000","182",,"5","3","3100","890","18626.3736263736"
"2754167750","Tabuleiro","UNIT","apartamento","699000","54",,"2","1","0","0","12944.4444444444"
"2732164340","Morretes","UNIT","apartamento","900000","69",,"2","1",,,"13043.4782608696"
"2769472652","Meia Praia","UNIT","apartamento","11349790","124",,"4","2","1800","650","91530.564516129"
"2747203995","Morretes","UNIT","apartamento","649000","66",,"3","1","0","0","9833.33333333333"
"2683359413","Andorinha","UNIT","apartamento","1928111","132",,"4","2",,,"14606.9015151515"
"2726250119","Meia Praia","UNIT","apartamento","5950000","235",,"5","3","407","754","25319.1489361702"
"2724082673","Morretes","UNIT","apartamento","690000","64",,"2","1",,"0","10781.25"
"2651923516","Meia Praia","UNIT","apartamento","7300000","180",,"4","3",,,"40555.5555555556"
"2687050915","Meia Praia","UNIT","apartamento","2300000","168",,"2","2","0","0","13690.4761904762"
"2760419235","Tabuleiro dos Oliveiras","UNIT","apartamento","660000","62",,"1","1","0","1","10645.1612903226"
"2769841528","Morretes","UNIT","apartamento","735100","66",,"2","1","650","300","11137.8787878788"
"2758909718","Meia Praia","UNIT","apartamento","1650000","101",,"2","1","986","555","16336.6336633663"
"2642128634","Morretes","UNIT","apartamento","880000","70",,"2","1","992","503","12571.4285714286"
"2539933949","Meia Praia","UNIT","apartamento","1950000","127",,"3","2",,,"15354.3307086614"
"2764979914","Meia Praia","UNIT","apartamento","1850000","148",,"4","2","1700","700","12500"
"2714668800","Meia Praia","UNIT","apartamento","1200000","85",,"2","2","0","880","14117.6470588235"
"2723712433","Andorinha","UNIT","apartamento","2167000","127",,"4","2","0","0","17062.9921259843"
"2720505570","Morretes","UNIT","apartamento","990000","70",,"1","1","930","578","14142.8571428571"
"2646971507","Meia Praia","UNIT","apartamento","1500000","133",,"3","2","1500","550","11278.1954887218"
"2692814239","Meia Praia","UNIT","apartamento","1850000","129",,"3","3","0","0","14341.0852713178"
"2729028228","Morretes","UNIT","apartamento","898000","67",,"2","1",,,"13402.9850746269"
"2767582633","Meia Praia","UNIT","apartamento","1262128","79",,"3","1","150",,"15976.3037974684"
"2736947361","Meia Praia","UNIT","apartamento","1684000","105",,"4","2","0","0","16038.0952380952"
"2756662616","Andorinha","UNIT","apartamento","1269160","110",,"2","1","1000","650","11537.8181818182"
"2761878144","Meia Praia","UNIT","apartamento","4591000","180",,"5","3",,,"25505.5555555556"
"2547503951","Meia Praia","UNIT","apartamento","2300000","175",,"4","3",,"900","13142.8571428571"
"2549274652","Meia Praia","UNIT","apartamento","5190000","187",,"5","3","3053","855","27754.0106951872"
"2518155073","Centro","UNIT","apartamento","2103000","118",,"4","3","0",,"17822.0338983051"
"2725053849","Meia Praia","UNIT","apartamento","3150000","196",,"5","3","4500","1000","16071.4285714286"
"2761578423","Meia Praia","UNIT","apartamento","2350000","135",,"4","3",,,"17407.4074074074"
"2687790520","Alto S?o Bento","UNIT","apartamento","697299","69",,"3","1","0","0","10105.7826086957"
"2721918753","Meia Praia","UNIT","apartamento","3070000","202",,"4","2","1500","1000","15198.0198019802"
"2724083723","Morretes","UNIT","apartamento","660000","66",,"2","1","0","0","10000"
"2646971275","Meia Praia","UNIT","apartamento","1900000","150",,"3","3","2000","550","12666.6666666667"
"2700675185","Morretes","UNIT","apartamento","798000","66",,"2","1",,"0","12090.9090909091"
"2761506472","Meia Praia","UNIT","apartamento","4000000","195",,"5","3",,"0","20512.8205128205"
"2729026815","Morretes","UNIT","apartamento","898000","69",,"2","1",,,"13014.4927536232"
"2692636066","Jardim Praia Mar","UNIT","apartamento","725000","69",,"2","1",,,"10507.2463768116"
"2630488253","Meia Praia","UNIT","apartamento","4300000","210",,"5","3",,,"20476.1904761905"
"2729683075","Meia Praia","UNIT","apartamento","1968800","121",,"4","2",,,"16271.0743801653"
"2609962088","Centro","UNIT","apartamento","3755161","225",,"5","3","0",,"16689.6044444444"
"2768966958","Centro","UNIT","apartamento","2299220","136",,"4","2","1","450","16906.0294117647"
"2638937982","Centro","UNIT","apartamento","1775000","118",,"4","2","0",,"15042.3728813559"
"2718888637","Castelo Branco","UNIT","apartamento","2098000","145",,"4","3","1700","585","14468.9655172414"
"2750943723","Meia Praia","UNIT","apartamento","3549790","195",,"5","3","4500","1000","18204.0512820513"
"2748741810","Meia Praia","UNIT","apartamento","1260000","114",,"2","1",,"800","11052.6315789474"
"2572406181","Centro","UNIT","apartamento","12800000","237",,"5","3","10","10","54008.4388185654"
"2586865310","Meia Praia","UNIT","apartamento","2500000","132",,"3","2",,,"18939.3939393939"
"2723208493","Meia Praia","UNIT","apartamento","4535630","213",,"4","3",,,"21294.0375586854"
"2675314094","Meia Praia","UNIT","apartamento","5500000","225",,"5","2","0","0","24444.4444444444"
"2609058251","Castelo Branco","UNIT","apartamento","1750000","128",,"4","2","1","494","13671.875"
"2761506948","Meia Praia","UNIT","apartamento","3500000","182",,"5","3","3500","945","19230.7692307692"
"2666979994","Meia Praia","UNIT","apartamento","1050000","72",,"2","2",,,"14583.3333333333"
"2767582155","Morretes","UNIT","apartamento","889450","67",,"1","1","100",,"13275.3731343284"
"2622257072","Centro","UNIT","apartamento","2250000","109",,"3","2",,,"20642.2018348624"
"2750094548","Andorinha","UNIT","apartamento","2300000","120",,"1","2","2200","680","19166.6666666667"
"2744014583","Jardim Praia Mar","UNIT","apartamento","890000","60",,"2","1",,,"14833.3333333333"
"2722881744","Meia Praia","UNIT","apartamento","2500000","137",,"4","2",,,"18248.1751824818"
"2768970127","Morretes","UNIT","apartamento","1649630","113",,"4","2","1300","790","14598.4955752212"
"2728696337","Andorinha","UNIT","apartamento","2400000","118",,"3","2",,,"20338.9830508475"
"2521479733","Meia Praia","UNIT","apartamento","4500000","180",,"3","3",,,"25000"
"2646971556","Castelo Branco","UNIT","apartamento","1520000","165",,"1","2","470","649","9212.12121212121"
"2757732224","Meia Praia","UNIT","apartamento","2869600","192",,"5","4","1","1","14945.8333333333"
"2739037617","Meia Praia","UNIT","apartamento","2500000","161",,"4","3",,,"15527.950310559"
"2711037412","Meia Praia","UNIT","apartamento","1190000","70",,"1","1","0","0","17000"
"2768971565","Centro","UNIT","apartamento","4849480","189",,"4","2","2700","900","25658.6243386243"
"2744792047","Meia Praia","UNIT","apartamento","3650000","189",,"4","4","2822","1100","19312.1693121693"
"2661818612","Meia Praia","UNIT","apartamento","2750000","163",,"5","3","3000","800","16871.1656441718"
"2758295127","Andorinha","UNIT","apartamento","1635000","113",,"3","2","1825","772","14469.0265486726"
"2759881525","Meia Praia","UNIT","apartamento","2600000","176",,"4","3",,,"14772.7272727273"
"2725772155","Meia Praia","UNIT","apartamento","2990000","193",,"4","3","0",,"15492.2279792746"
"2759460029","Morretes","UNIT","apartamento","800000","68",,"2","1",,"500","11764.7058823529"
"2764631729","Morretes","UNIT","apartamento","680000","60",,"1","1","600","330","11333.3333333333"
"2727503644","Meia Praia","UNIT","apartamento","1798800","121",,"4","2","0",,"14866.1157024793"
"2728965034","Morretes","UNIT","apartamento","750000","69",,"2","1",,,"10869.5652173913"
"2704940354","Meia Praia","UNIT","apartamento","1450000","94",,"2","2",,"700","15425.5319148936"
"2761521329","Centro","UNIT","apartamento","3500000","280",,"6","3","1500","1100","12500"
"2659215761","Morretes","UNIT","apartamento","900000","60",,"2","1","0",,"15000"
"2743481105","Morretes","UNIT","apartamento","754300","61",,"3","1","0","0","12365.5737704918"
"2747718199","Castelo Branco","UNIT","apartamento","1650000","109",,"4","2",,"0","15137.6146788991"
"2767583219","Castelo Branco","UNIT","apartamento","650000","85",,"1","1","600","408","7647.05882352941"
"2537365177","Meia Praia","UNIT","apartamento","6500000","211",,"5","4","0","0","30805.6872037915"
"2743163485","Meia Praia","UNIT","apartamento","2700000","179",,"5","3","0","1300","15083.7988826816"
"2533830701","Meia Praia","UNIT","apartamento","2300000","148",,"3","2",,"800","15540.5405405405"
"2735050327","Meia Praia","UNIT","apartamento","1698000","131",,"4","2","0","0","12961.8320610687"
"2643109501","Morretes","UNIT","apartamento","580000","50",,"1","1",,,"11600"
"2708347735","Meia Praia","UNIT","apartamento","3239000","188",,"4","3",,,"17228.7234042553"
"2769843569","Meia Praia","UNIT","apartamento","1989230","137",,"4","2","2100","975","14519.9270072993"
"2701651073","Morretes","UNIT","apartamento","869000","70",,"2","1","1","1","12414.2857142857"
"2763230130","Morretes","UNIT","apartamento","1100000","70",,"3","1","0","0","15714.2857142857"
"2650736981","Meia Praia","UNIT","apartamento","3090000","126",,"3","3",,,"24523.8095238095"
"2678336814","Meia Praia","UNIT","apartamento","1899000","113",,"2","2",,,"16805.3097345133"
"2677528506","Centro","UNIT","apartamento","3690000","170",,"4","3",,"3","21705.8823529412"
"2710365498","Centro","UNIT","apartamento","5385000","237",,"5","3",,,"22721.5189873418"
"2721242939","Meia Praia","UNIT","apartamento","2000000","133",,"3","2","0","0","15037.5939849624"
"2754745433","Morretes","UNIT","apartamento","6976000","161",,"4","3",,"0","43329.1925465839"
"2747828729","Meia Praia","UNIT","apartamento","1350000","106",,"3","1",,"0","12735.8490566038"
"2695706308","Meia Praia","UNIT","apartamento","1773496","133",,"4","2",,,"13334.5563909774"
"2622333429","Centro","UNIT","apartamento","2230000","127",,"3","2",,"3","17559.0551181102"
"2726064753","Meia Praia","UNIT","apartamento","1870000","130",,"3","2",,,"14384.6153846154"
"2661820170","Centro","UNIT","apartamento","1890000","148",,"4","3","1800","900","12770.2702702703"
"2692110569","Meia Praia","UNIT","apartamento","3650000","128",,"4","3","1000","600","28515.625"
"2757201417","Morretes","UNIT","apartamento","769240","61",,"3","1",,"0","12610.4918032787"
"2758775124","Castelo Branco","UNIT","apartamento","1298740","104",,"4","2","1400","750","12487.8846153846"
"2720508735","Meia Praia","UNIT","apartamento","2998000","128",,"3","2",,,"23421.875"
"2677530197","Estreito","UNIT","apartamento","4895000","230",,"4","3",,"3","21282.6086956522"
"2613247693","Centro","UNIT","apartamento","1373726","92",,"2","2",,,"14931.8043478261"
"2691970875","Castelo Branco","UNIT","apartamento","1450000","118",,"4","2","0","450","12288.1355932203"
"2769841736","Tabuleiro dos Oliveiras","UNIT","apartamento","747830","66",,"2","1","850","250","11330.7575757576"
"2769752254","Meia Praia","UNIT","apartamento","4099770","160",,"5","2","1200","600","25623.5625"
"2737226348","Meia Praia","UNIT","apartamento","2590000","158",,"4","3","0","0","16392.4050632911"
"2634296470","Meia Praia","UNIT","apartamento","4995000","240",,"4","4",,,"20812.5"
"2587510554","Meia Praia","UNIT","apartamento","3800000","180",,"5","3","0","0","21111.1111111111"
"2747202337","Morretes","UNIT","apartamento","898000","70",,"2","1","0","0","12828.5714285714"
"2611522545","Andorinha","UNIT","apartamento","2155851","114",,"4","2","0",,"18910.9736842105"
"2760743946","Castelo Branco","UNIT","apartamento","2099830","280",,"5","4","2500","1400","7499.39285714286"
"2744015182","Castelo Branco","UNIT","apartamento","2500000","203",,"4","3",,,"12315.2709359606"
"2669611926","Andorinha","UNIT","apartamento","2353646","151",,"4","2","1","1","15587.059602649"
"2769150114","Meia Praia","UNIT","apartamento","3500000","190",,"4","3",,,"18421.0526315789"
"2759586362","Meia Praia","UNIT","apartamento","2990000","179",,"5","3","0","881","16703.9106145251"
"2633250748","Centro","UNIT","apartamento","2100000","133",,"4","2","1","1","15789.4736842105"
"2719904771","Centro","UNIT","apartamento","2000000","154",,"1","2","2000","700","12987.012987013"
"2756816021","Meia Praia","UNIT","apartamento","8000000","201",,"5","3","1","1","39800.9950248756"
"2767836024","Meia Praia","UNIT","apartamento","1297000","95",,"2","1",,,"13652.6315789474"
"2741184475","Meia Praia","UNIT","apartamento","1850000","130",,"3","3",,,"14230.7692307692"
"2761248745","Andorinha","UNIT","apartamento","3149280","190",,"5","4","1","1","16575.1578947368"
"2754737345","Castelo Branco","UNIT","apartamento","2150000","193",,"5","2","1400","700","11139.896373057"
"2727686034","Morretes","UNIT","apartamento","676630","70",,"1","1","0","0","9666.14285714286"
"2767583623","Meia Praia","UNIT","apartamento","3560000","179",,"4","3","100","300","19888.2681564246"
"2748474751","Meia Praia","UNIT","apartamento","1600000","98",,"1","2","2400","0","16326.5306122449"
"2708877472","Morretes","UNIT","apartamento","702000","67",,"1","1","0",,"10477.6119402985"
"2767583133","Morretes","UNIT","apartamento","906000","70",,"2","1","100",,"12942.8571428571"
"2679515230","Meia Praia","UNIT","apartamento","6158563","240",,"5","3","0","0","25660.6791666667"
"2769185686","Morretes","UNIT","casa","868340","170",,"3","2","1326","1","5107.88235294118"
"2740363425","Morretes","UNIT","apartamento","801864","64",,"2","1","0","0","12529.125"
"2769537325","Andorinha","UNIT","apartamento","2900000","172",,"4","3",,,"16860.4651162791"
"2669233403","Meia Praia","UNIT","apartamento","2500000","162",,"5","3",,,"15432.0987654321"
"2661818610","Meia Praia","UNIT","apartamento","3200000","179",,"5","4","4000","1400","17877.094972067"
"2769472440","Castelo Branco","UNIT","apartamento","1849790","138",,"4","3","2100","800","13404.2753623188"
"2767582541","Morretes","UNIT","apartamento","941992","68",,"2","1","100","300","13852.8235294118"
"2766854314","Andorinha","UNIT","apartamento","1990000","137",,"4","2","2100","975","14525.5474452555"
"2758094233","Morretes","UNIT","apartamento","785000","58",,"1","1","0",,"13534.4827586207"
"2710579980","Tabuleiro dos Oliveiras","UNIT","apartamento","890000","65",,"2","1","0","0","13692.3076923077"
"2758214806","Meia Praia","UNIT","apartamento","3800000","157",,"5","3","1200","900","24203.821656051"
"2765098138","Andorinha","UNIT","apartamento","1400000","118",,"4","2","0","0","11864.406779661"
"2763649241","Meia Praia","UNIT","apartamento","4200000","197",,"5","4","49176","1300","21319.7969543147"
"2769471125","Andorinha","UNIT","apartamento","1699160","112",,"4","2","1800","650","15171.0714285714"
"2661364356","Meia Praia","UNIT","apartamento","2500000","217",,"1","3",,,"11520.7373271889"
"2729351026","Tabuleiro","UNIT","apartamento","699000","53",,"1","1","0","0","13188.679245283"
"2768676316","Meia Praia","UNIT","apartamento","2800000","181",,"5","4",,,"15469.6132596685"
"2767582371","Castelo Branco","UNIT","apartamento","1455785","129",,"3","3","100",,"11285.1550387597"
"2748547370","Morretes","UNIT","apartamento","1100000","72",,"3","1","0","325","15277.7777777778"
"2723210392","Morretes","UNIT","apartamento","590000","100",,"1","1","240","330","5900"
"2729591150","Varzea","UNIT","apartamento","790000","70",,"3","1","700","390","11285.7142857143"
"2740224908","Meia Praia","UNIT","apartamento","1990000","140",,"1","2",,,"14214.2857142857"
"2715658502","Morretes","UNIT","apartamento","756554","66",,"2","1",,,"11462.9393939394"
"2762877374","Meia Praia","UNIT","apartamento","2615000","161",,"1","3","1","1","16242.2360248447"
"2759989230","Meia Praia","UNIT","apartamento","1199380","101",,"2","2","1300","550","11875.0495049505"
"2761480992","Andorinha","UNIT","apartamento","1849010","119",,"4","2","1200","700","15537.8991596639"
"2674819911","Andorinha","UNIT","apartamento","3890000","198",,"5","4","1","1100","19646.4646464646"
"2692634788","Morretes","UNIT","apartamento","2800000","129",,"1","1",,,"21705.4263565891"
"2750148330","Morretes","UNIT","apartamento","790000","70",,"2","1","0","0","11285.7142857143"
"2683039283","Castelo Branco","UNIT","apartamento","1850000","103",,"2","2","0","0","17961.1650485437"
"2695707482","Castelo Branco","UNIT","apartamento","2492795","163",,"5","3",,,"15293.2208588957"
"2763196714","Meia Praia","UNIT","apartamento","7800000","181",,"5","3",,"0","43093.9226519337"
"2672323579","Meia Praia","UNIT","apartamento","2600000","156",,"5","3",,,"16666.6666666667"
"2724326278","Meia Praia","UNIT","apartamento","1861523","150",,"3","2",,,"12410.1533333333"
"2711614071","Centro","UNIT","apartamento","3510000","210",,"4","3","1","1","16714.2857142857"
"2767584820","Castelo Branco","UNIT","apartamento","1697000","133",,"3","2","100","100","12759.3984962406"
"2764633075","Meia Praia","UNIT","apartamento","3500000","207",,"5","4","4500","1650","16908.2125603865"
"2753565394","Morretes","UNIT","apartamento","767000","68",,"3","1",,"0","11279.4117647059"
"2695116777","Andorinha","UNIT","apartamento","1680000","109",,"4","2","900","650","15412.8440366972"
"2707075662","Centro","UNIT","apartamento","5750000","301",,"5","3",,,"19102.9900332226"
"2711051606","Centro","UNIT","apartamento","1870000","116",,"4","2",,,"16120.6896551724"
"2769278427","Meia Praia","UNIT","apartamento","5999420","310",,"6","3","5000","1600","19352.9677419355"
"2734034685","Centro","UNIT","apartamento","2350000","149",,"4","3","450","1500","15771.8120805369"
"2764895315","Centro","UNIT","apartamento","3650000","203",,"5","3","0","500","17980.2955665025"
"2661818192","Meia Praia","UNIT","apartamento","3988800","183",,"5","3","2900","600","21796.7213114754"
"2744183463","Castelo Branco","UNIT","apartamento","2350000","132",,"4","2","1800","0","17803.0303030303"
"2734021784","Meia Praia","UNIT","apartamento","2400000","114",,"3","2",,"600","21052.6315789474"
"2743919548","Morretes","UNIT","apartamento","850000","59",,"2","1","0","0","14406.7796610169"
"2646971553","Meia Praia","UNIT","apartamento","2500000","193",,"1","2","1547","568","12953.3678756477"
"2750155189","Morretes","UNIT","apartamento","800000","70",,"1","1","0",,"11428.5714285714"
"2665240508","Andorinha","UNIT","apartamento","2346595","132",,"4","2","1","1","17777.2348484848"
"2729769213","Meia Praia","UNIT","apartamento","2500000","175",,"4","3",,,"14285.7142857143"
"2649328167","Morretes","UNIT","apartamento","999000","70",,"2","1",,,"14271.4285714286"
"2736976740","Centro","UNIT","apartamento","3197000","207",,"5","3","350","300","15444.4444444444"
"2692636069","Meia Praia","UNIT","apartamento","1200000","115",,"1","1",,,"10434.7826086957"
"2753756914","Meia Praia","UNIT","apartamento","4290000","183",,"4","3",,,"23442.6229508197"
"2631026264","Meia Praia","UNIT","apartamento","1813000","123",,"4","2","900","450","14739.837398374"
"2769180105","Morretes","UNIT","apartamento","649340","61",,"3","1","950","450","10644.9180327869"
"2700818592","<vazio>","UNIT","apartamento","895000","68",,"2","1",,,"13161.7647058824"
"2748548562","Morretes","UNIT","apartamento","817535","70",,"2","1","0","0","11679.0714285714"
"2742952277","Meia Praia","UNIT","apartamento","2540000","139",,"4","2","200","1000","18273.381294964"
"2718093341","Meia Praia","UNIT","apartamento","4187922","150",,"5","3",,,"27919.48"
"2622333822","Centro","UNIT","apartamento","3800000","206",,"4","4",,"3","18446.6019417476"
"2749254603","Castelo Branco","UNIT","apartamento","1999000","164",,"4","3","150","800","12189.0243902439"
"2736647365","Morretes","UNIT","apartamento","900000","70",,"1","1","0","0","12857.1428571429"
"2657077255","Castelo Branco","UNIT","apartamento","1750000","167",,"3","1","600","468","10479.0419161677"
"2699373479","Meia Praia","UNIT","apartamento","2350000","135",,"4","3",,"0","17407.4074074074"
"2754739204","Andorinha","UNIT","apartamento","2330000","121",,"4","2","2400","690","19256.1983471074"
"2529774013","Meia Praia","UNIT","apartamento","1698089","137",,"4","2","0",,"12394.8102189781"
"2732514429","Meia Praia","UNIT","apartamento","3300000","185",,"5","0","10000","0","17837.8378378378"
"2721917788","Castelo Branco","UNIT","apartamento","1755500","162",,"3","2","2300","0","10836.4197530864"
"2764860534","Morretes","UNIT","apartamento","850000","70",,"2","1","0","0","12142.8571428571"
"2749274822","Morretes","UNIT","apartamento","790000","69",,"2","1","1","1","11449.2753623188"
"2689529603","Meia Praia","UNIT","apartamento","2797900","131",,"4","2","3000","900","21358.0152671756"
"2766972535","Andorinha","UNIT","apartamento","1349280","80",,"2","1","1","650","16866"
"2744016157","Meia Praia","UNIT","apartamento","3300000","190",,"4","3",,"900","17368.4210526316"
"2661820653","Andorinha","UNIT","apartamento","2798000","185",,"5","3","2000","800","15124.3243243243"
"2670102079","Morretes","UNIT","apartamento","1200000","70",,"3","1","0","0","17142.8571428571"
"2769471781","Andorinha","UNIT","apartamento","4939400","268",,"5","2","5500","1200","18430.5970149254"
"2764632400","Centro","UNIT","apartamento","5000000","197",,"5","4","6000","1600","25380.7106598985"
"2461966777","Tabuleiro dos Oliveiras","UNIT","apartamento","810000","70",,"2","1",,,"11571.4285714286"
"2759539553","Meia Praia","UNIT","apartamento","2600000","190",,"4","2","3000","1000","13684.2105263158"
"2737231693","Andorinha","UNIT","apartamento","1890000","158",,"4","3","0","0","11962.0253164557"
"2744790834","Meia Praia","UNIT","apartamento","2500000","185",,"4","3",,,"13513.5135135135"
"2699371293","Meia Praia","UNIT","apartamento","2260000","134",,"4","2",,"0","16865.671641791"
"2723210028","Castelo Branco","UNIT","apartamento","2890276","150",,"3","2",,,"19268.5066666667"
"2603798089","Centro","UNIT","apartamento","1720000","118",,"3","3",,,"14576.2711864407"
"2761484717","Morretes","UNIT","apartamento","649020","77",,"2","1","900","450","8428.83116883117"
"2760420320","Meia Praia","UNIT","apartamento","3200000","194",,"5","3","1000","950","16494.8453608247"
"2739287126","Tabuleiro dos Oliveiras","UNIT","apartamento","990000","70",,"2","2","3000","350","14142.8571428571"
"2769571035","Meia Praia","UNIT","apartamento","3892660","140",,"4","2","6290","600","27804.7142857143"
"2726932892","Meia Praia","UNIT","apartamento","1750000","120",,"4","2","0","0","14583.3333333333"
"2767581277","Morretes","UNIT","apartamento","910000","70",,"1","1","100","100","13000"
"2739722141","Meia Praia","UNIT","apartamento","1750000","126",,"3","2",,"498","13888.8888888889"
"2648677395","Morretes","UNIT","apartamento","818000","70",,"2","1",,,"11685.7142857143"
"2767582502","Morretes","UNIT","apartamento","1080000","70",,"1","2","100","100","15428.5714285714"
"2723551446","Meia Praia","UNIT","apartamento","3360000","179",,"5","3",,,"18770.9497206704"
"2764633229","Meia Praia","UNIT","apartamento","7100000","181",,"5","3","0","0","39226.5193370166"
"2691067760","Morretes","UNIT","apartamento","6900000","215",,"5","3","1200","1000","32093.023255814"
"2675654221","Meia Praia","UNIT","apartamento","4299000","197",,"5","4","0",,"21822.3350253807"
"2694855229","Morretes","UNIT","apartamento","741701","70",,"3","1",,,"10595.7285714286"
"2723209704","Meia Praia","UNIT","apartamento","3100000","130",,"3","3",,,"23846.1538461538"
"2605291302","Meia Praia","UNIT","apartamento","3290000","198",,"4","3","0",,"16616.1616161616"
"2744015758","Meia Praia","UNIT","apartamento","1375000","117",,"3","1","1300","520","11752.1367521368"
"2596028440","Castelo Branco","UNIT","apartamento","1820000","123",,"3","2",,,"14796.7479674797"
"2706252200","Morretes","UNIT","casa","748000","100",,"3","2","500","0","7480"
"2754166563","Meia Praia","UNIT","apartamento","2450000","138",,"3","3","0","0","17753.6231884058"
"2506301158","Meia Praia","UNIT","apartamento","1600000","95",,"3","2","0","0","16842.1052631579"
"2694649676","Tabuleiro dos Oliveiras","UNIT","apartamento","850000","66",,"2","1",,,"12878.7878787879"
"2723210032","Meia Praia","UNIT","apartamento","2690000","119",,"3","3",,"900","22605.0420168067"
"2712458899","Meia Praia","UNIT","apartamento","5000000","302",,"2","3","4200","1500","16556.2913907285"
"2741095281","Meia Praia","UNIT","apartamento","1792000","105",,"2","1","0","0","17066.6666666667"
"2731708015","Meia Praia","UNIT","apartamento","2990000","193",,"5","3",,,"15492.2279792746"
"2751672210","Andorinha","UNIT","apartamento","2910000","145",,"1","3","1800","0","20068.9655172414"
"2609059401","Meia Praia","UNIT","apartamento","1530000","145",,"5","3","1200","600","10551.724137931"
"2650069873","Meia Praia","UNIT","apartamento","1990000","128",,"2","2",,,"15546.875"
"2562460782","Meia Praia","UNIT","apartamento","2500000","163",,"4","3",,,"15337.4233128834"
"2747829203","Meia Praia","UNIT","apartamento","1550000","147",,"3","1","1600","450","10544.2176870748"
"2747200733","Morretes","UNIT","apartamento","629000","59",,"3","1","0","0","10661.0169491525"
"2723209715","Meia Praia","UNIT","apartamento","4900000","190",,"3","2","3500","900","25789.4736842105"
"2762331922","Meia Praia","UNIT","apartamento","2899000","173",,"5","3",,,"16757.225433526"
"2769150116","Meia Praia","UNIT","apartamento","4900000","195",,"5","3",,,"25128.2051282051"
"2718491135","<vazio>","UNIT","apartamento","5000000","208",,"4","3",,,"24038.4615384615"
"2709297558","Centro","UNIT","apartamento","4900000","138",,"1","0","0","0","35507.2463768116"
"2724628239","Andorinha","UNIT","apartamento","689000","48",,"1","1","59","350","14354.1666666667"
"2757731049","Andorinha","UNIT","apartamento","2679120","178",,"4","3","1","800","15051.2359550562"
"2760743956","Meia Praia","UNIT","apartamento","4199140","190",,"5","2","3600","2050","22100.7368421053"
"2761250717","Morretes","UNIT","apartamento","3599610","131",,"4","3","1","1","27477.9389312977"
"2768465769","Meia Praia","UNIT","apartamento","2168154","127",,"4","3",,,"17072.0787401575"
"2769150318","Morretes","UNIT","apartamento","920000","66",,"2","1",,,"13939.3939393939"
"2754165676","Tabuleiro","UNIT","apartamento","750000","67",,"2","1","0","0","11194.0298507463"
"2726820246","Meia Praia","UNIT","apartamento","2990000","193",,"1","3","0","0","15492.2279792746"
"2743659998","Morretes","UNIT","apartamento","950000","62",,"2","1",,"600","15322.5806451613"
"2580279408","Morretes","UNIT","apartamento","950000","69",,"2","1","0",,"13768.115942029"
"2575354250","Jardim Praia Mar","UNIT","apartamento","799000","64",,"1","1","1","310","12484.375"
"2725006088","Meia Praia","UNIT","apartamento","2600000","156",,"1","3","0","0","16666.6666666667"
"2625752980","Meia Praia","UNIT","apartamento","1800000","128",,"3","2",,,"14062.5"
"2769535742","Morretes","UNIT","comercial","613000","51",,"0","0",,,"12019.6078431373"
"2612786713","Meia Praia","UNIT","apartamento","1760000","124",,"3","2",,,"14193.5483870968"
"2711046934","Meia Praia","UNIT","apartamento","2100000","172",,"4","2","1920","440","12209.3023255814"
"2769476954","Centro","UNIT","apartamento","1649730","170",,"2","2","1650","435","9704.29411764706"
"2746840107","Meia Praia","UNIT","apartamento","1698000","281",,"3","2",,"1260","6042.70462633452"
"2681256206","Meia Praia","UNIT","apartamento","2473770","151",,"4","2",,,"16382.582781457"
"2764633323","Meia Praia","UNIT","apartamento","7495000","305",,"5","3","8000","1300","24573.7704918033"
"2637965774","Meia Praia","UNIT","apartamento","2602000","145",,"3","3",,,"17944.8275862069"
"2694185787","Jardim Praia Mar","UNIT","apartamento","900000","64",,"2","1","477","197","14062.5"
"2671870401","Meia Praia","UNIT","apartamento","3600000","196",,"5","3","0","1600","18367.3469387755"
"2764633927","Meia Praia","UNIT","apartamento","4200000","197",,"5","4","4098","1300","21319.7969543147"
"2691824557","Morretes","UNIT","apartamento","1000000","70",,"2","1","870","585","14285.7142857143"
"2753500209","Meia Praia","UNIT","apartamento","1549900","123",,"4","2","1700","700","12600.8130081301"
"2663836545","Meia Praia","UNIT","apartamento","2577000","233",,"4","2",,,"11060.0858369099"
"2767581886","Tabuleiro dos Oliveiras","UNIT","apartamento","765000","70",,"1","1","100",,"10928.5714285714"
"2652821122","Meia Praia","UNIT","apartamento","4900000","234",,"5","3","0","0","20940.1709401709"
"2638630148","Meia Praia","UNIT","apartamento","2990000","174",,"5","3","2900","900","17183.908045977"
"2695703304","Meia Praia","UNIT","apartamento","1702794","125",,"4","2",,,"13622.352"
"2511795776","Centro","UNIT","apartamento","3200000","206",,"5","3","0",,"15533.9805825243"
"2744015190","Meia Praia","UNIT","apartamento","850000","114",,"2","1",,,"7456.14035087719"
"2764633347","Meia Praia","UNIT","apartamento","3998800","180",,"5","3","0","0","22215.5555555556"
"2754748001","Andorinha","UNIT","apartamento","2294848","159",,"1","3",,"0","14433.0062893082"
"2676069109","Centro","UNIT","apartamento","5427475","291",,"5","4",,,"18651.116838488"
"2757635718","Andorinha","UNIT","apartamento","2700000","140",,"3","3",,,"19285.7142857143"
"2767584331","Tabuleiro dos Oliveiras","UNIT","apartamento","795366","64",,"1","1","100",,"12427.59375"
"2721917785","Castelo Branco","UNIT","apartamento","2479500","162",,"3","2","2300","0","15305.5555555556"
"2758086215","Morretes","UNIT","apartamento","908000","70",,"1","1","1000","645","12971.4285714286"
"2569300658","Meia Praia","UNIT","apartamento","1950000","171",,"5","3",,,"11403.5087719298"
"2762724516","Centro","UNIT","apartamento","2350000","135",,"3","3","0","0","17407.4074074074"
"2733827020","Meia Praia","UNIT","apartamento","1650000","126",,"1","2",,,"13095.2380952381"
"2766085036","Castelo Branco","UNIT","apartamento","3197000","183",,"4","3",,,"17469.9453551913"
"2764631674","Meia Praia","UNIT","apartamento","5830000","190",,"5","3","0","0","30684.2105263158"
"2744015477","Meia Praia","UNIT","apartamento","3200000","165",,"4","3","4500","1000","19393.9393939394"
"2740283389","Andorinha","UNIT","apartamento","1100000","123",,"1","2","100","400","8943.08943089431"
"2693495013","Morretes","UNIT","apartamento","839697","69",,"1","1","0","10","12169.5217391304"
"2754746733","Centro","UNIT","apartamento","7165520","135",,"6","2",,"0","53077.9259259259"
"2689984214","Andorinha","UNIT","apartamento","1780000","112",,"3","2","1000","650","15892.8571428571"
"2482909809","Morretes","UNIT","apartamento","940000","69",,"3","1","0","0","13623.1884057971"
"2735381918","Meia Praia","UNIT","apartamento","3000000","164",,"4","3",,,"18292.6829268293"
"2656223756","Meia Praia","UNIT","apartamento","2500000","131",,"4","2","0","0","19083.9694656489"
"2590083198","Centro","UNIT","apartamento","2099999","135",,"4","3","1","1","15555.5481481481"
"2752780495","Meia Praia","UNIT","apartamento","4500000","340",,"5","2","36000","1000","13235.2941176471"
"2723210385","Morretes","UNIT","apartamento","929035","70",,"2","1",,,"13271.9285714286"
"2758311030","Andorinha","UNIT","apartamento","1635000","113",,"3","2","1825","772","14469.0265486726"
"2726933949","Andorinha","UNIT","apartamento","2150000","116",,"4","2","0","0","18534.4827586207"
"2650004072","Andorinha","UNIT","apartamento","2521109","162",,"5","3","0",,"15562.4012345679"
"2760157922","Meia Praia","UNIT","apartamento","2550000","118",,"4","2","2500","1000","21610.1694915254"
"2637821869","<vazio>","UNIT","casa","1200000","210",,"1","0",,"0","5714.28571428571"
"2764949571","Meia Praia","UNIT","apartamento","5150000","198",,"5","3","0","900","26010.101010101"
"2717267535","Meia Praia","UNIT","apartamento","1395000","100",,"2","1","1300","572","13950"
"2629748643","Meia Praia","UNIT","apartamento","3800000","200",,"5","3","0","0","19000"
"2727188433","Castelo Branco","UNIT","apartamento","1850000","129",,"1","3","0","0","14341.0852713178"
"2719782271","Morretes","UNIT","apartamento","850000","70",,"2","1","0",,"12142.8571428571"
"2560058915","Meia Praia","UNIT","apartamento","3790000","213",,"5","3",,,"17793.4272300469"
"2719896023","Castelo Branco","UNIT","apartamento","1755500","163",,"3","2","2300","0","10769.9386503067"
"2681451804","Centro","UNIT","apartamento","2600000","185",,"5","2","0",,"14054.0540540541"
"2723210030","Centro","UNIT","apartamento","2315000","150",,"3","2","2776","573","15433.3333333333"
"2734695174","Meia Praia","UNIT","apartamento","1650000","113",,"4","2",,,"14601.7699115044"
"2764632023","Castelo Branco","UNIT","apartamento","5099000","198",,"5","3","0","0","25752.5252525253"
"2750288993","Morretes","UNIT","apartamento","784000","70",,"2","1",,,"11200"
"2742885831","Meia Praia","UNIT","apartamento","1700000","179",,"4","1",,"0","9497.20670391062"
"2747200822","Meia Praia","UNIT","apartamento","1650000","113",,"4","2","0","0","14601.7699115044"
"2768968420","Andorinha","UNIT","apartamento","1899640","120",,"4","2","1500","600","15830.3333333333"
"2724179566","Centro","UNIT","apartamento","2115000","147",,"4","3",,,"14387.7551020408"
"2609062499","Meia Praia","UNIT","apartamento","1850000","128",,"4","2","1300","490","14453.125"
"2655801076","Meia Praia","UNIT","apartamento","1550000","149",,"2","2","1400","575","10402.6845637584"
"2760269214","Tabuleiro dos Oliveiras","UNIT","apartamento","1200000","70",,"3","1","0","0","17142.8571428571"
"2764632155","Meia Praia","UNIT","apartamento","4446792","178",,"5","3","0","0","24981.9775280899"
"2739159398","Meia Praia","UNIT","apartamento","1450000","110",,"4","1","0","0","13181.8181818182"
"2754701146","Meia Praia","UNIT","apartamento","1700000","117",,"4","2",,"710","14529.9145299145"
"2713951052","Centro","UNIT","apartamento","1964423","92",,"3","2","0","1200","21352.4239130435"
"2747829308","Meia Praia","UNIT","apartamento","2200000","156",,"3","2",,"0","14102.5641025641"
"2749866898","Morretes","UNIT","apartamento","800000","70",,"2","1","534","470","11428.5714285714"
"2740233144","Meia Praia","UNIT","apartamento","3800000","140",,"3","2","1086","535","27142.8571428571"
"2734122716","Meia Praia","UNIT","apartamento","1750000","130",,"3","1","1200","550","13461.5384615385"
"2748024011","<vazio>","UNIT","apartamento","900000","64",,"2","1","0","0","14062.5"
"2760224117","Meia Praia","UNIT","apartamento","2550000","118",,"4","2","2500","1000","21610.1694915254"
"2725723449","Morretes","UNIT","apartamento","898000","69",,"3","1",,,"13014.4927536232"
"2688285718","Meia Praia","UNIT","apartamento","4990000","250",,"4","3","0",,"19960"
"2686861423","Castelo Branco","UNIT","apartamento","1450000","125",,"3","2","950","550","11600"
"2764633189","Meia Praia","UNIT","apartamento","3300000","157",,"4","4","0","1300","21019.1082802548"
"2719902562","Meia Praia","UNIT","apartamento","3190000","157",,"4","3","3400","1200","20318.4713375796"
"2750496502","Meia Praia","UNIT","apartamento","2200000","146",,"5","3","0","0","15068.4931506849"
"2533539488","Centro","UNIT","apartamento","2890000","104",,"3","2","0",,"27788.4615384615"
"2738894034","Meia Praia","UNIT","apartamento","1890000","150",,"1","4",,"550","12600"
"2695337590","Morretes","UNIT","apartamento","5390000","155",,"1","2","1","0","34774.1935483871"
"2764402649","Castelo Branco","UNIT","apartamento","1889070","115",,"4","2","1500","620","16426.6956521739"
"2622333821","Andorinha","UNIT","apartamento","1899000","130",,"3","2",,,"14607.6923076923"
"2740357616","Tabuleiro dos Oliveiras","UNIT","apartamento","739412","60",,"1","1","0","0","12323.5333333333"
"2636194863","Meia Praia","UNIT","apartamento","1850000","140",,"4","2","2700","550","13214.2857142857"
"2609063278","Meia Praia","UNIT","apartamento","3500000","280",,"5","3","1500","450","12500"
"2753631296","Andorinha","UNIT","apartamento","2000000","126",,"4","3",,"0","15873.0158730159"
"2654829912","Meia Praia","UNIT","apartamento","4490000","300",,"5","3",,,"14966.6666666667"
"2744450032","Tabuleiro dos Oliveiras","UNIT","apartamento","1350000","70",,"2","1","2000","400","19285.7142857143"
"2646970288","Castelo Branco","UNIT","apartamento","999000","85",,"1","1","750","450","11752.9411764706"
"2748822122","Morretes","UNIT","apartamento","805000","61",,"2","1","250","250","13196.7213114754"
"2712300906","Meia Praia","UNIT","apartamento","3700000","158",,"1","3",,,"23417.7215189873"
"2529051467","Andorinha","UNIT","apartamento","2100000","131",,"4","2","0",,"16030.534351145"
"2765092415","Centro","UNIT","apartamento","3200000","127",,"4","3","0","1506","25196.8503937008"
"2748644138","Morretes","UNIT","apartamento","1190000","70",,"2","2",,,"17000"
"2764853517","Meia Praia","UNIT","apartamento","6985000","190",,"5","3",,"0","36763.1578947368"
"2764631340","Meia Praia","UNIT","apartamento","2200000","129",,"4","2","2000","1000","17054.2635658915"
"2744014588","Meia Praia","UNIT","apartamento","4250000","175",,"4","2","4500","1500","24285.7142857143"
"2760934613","Castelo Branco","UNIT","apartamento","2500000","171",,"4","2",,"1000","14619.8830409357"
"2754541712","Meia Praia","UNIT","apartamento","2199900","182",,"4","2","1500","750","12087.3626373626"
"2718029841","Centro","UNIT","apartamento","1955000","144",,"4","2","1500","550","13576.3888888889"
"2754748200","Morretes","UNIT","apartamento","1262828","65",,"2","1",,"0","19428.1230769231"
"2709065959","Centro","UNIT","apartamento","950000","80",,"2","1","0","500","11875"
"2718700079","Morretes","UNIT","apartamento","884950","67",,"3","1",,,"13208.2089552239"
"2753517005","Meia Praia","UNIT","apartamento","950000","115",,"1","1","0","0","8260.86956521739"
"2764631693","Meia Praia","UNIT","apartamento","5490000","297",,"6","3","0","0","18484.8484848485"
"2747782497","Centro","UNIT","apartamento","4187922","150",,"4","3","0",,"27919.48"
"2770032015","Varzea","UNIT","terreno","2989630","2100",,"0","0","19999","1","1423.63333333333"
"2560637263","Morretes","UNIT","casa","750001","100",,"3","2","500",,"7500.01"
"2760566917","<vazio>","UNIT","apartamento","2250000","166",,"5","3","0","600","13554.2168674699"
"2731324113","Meia Praia","UNIT","apartamento","2492000","156",,"5","3",,,"15974.358974359"
"2765064368","Meia Praia","UNIT","apartamento","3100000","129",,"1","3","100","0","24031.007751938"
"2560060257","Centro","UNIT","apartamento","2373317","132",,"4","2",,,"17979.6742424242"
"2753757399","Meia Praia","UNIT","apartamento","870000","77",,"2","2",,,"11298.7012987013"
"2764859360","Meia Praia","UNIT","apartamento","6690000","211",,"5","3","0","900","31706.1611374408"
"2754746748","Centro","UNIT","apartamento","3230468","194",,"4","3",,"0","16651.8969072165"
"2764952593","Meia Praia","UNIT","apartamento","3300000","182",,"5","3","0","0","18131.8681318681"
"2758134113","Morretes","UNIT","apartamento","908000","70",,"1","1","1000","645","12971.4285714286"
"2760096336","Morretes","UNIT","apartamento","5322240","199",,"5","3","2400","1500","26744.9246231156"
"2744001972","Morretes","UNIT","apartamento","990000","70",,"2","1","630","270","14142.8571428571"
"2736511250","Meia Praia","UNIT","apartamento","1499000","121",,"3","2","0","0","12388.4297520661"
"2751172861","Castelo Branco","UNIT","apartamento","2240000","181",,"1","3","2590","770","12375.6906077348"
"2596174269","Morretes","UNIT","apartamento","880979","70",,"3","1",,,"12585.4142857143"
"2733742595","Meia Praia","UNIT","apartamento","2748000","163",,"5","3","2000","650","16858.8957055215"
"2769474541","Andorinha","UNIT","apartamento","2098680","112",,"3","2","1500","650","18738.2142857143"
"2758127321","Morretes","UNIT","apartamento","790000","67",,"4","1","12","12","11791.0447761194"
"2712552697","Centro","UNIT","apartamento","2739000","140",,"3","3",,"687","19564.2857142857"
"2748740907","Meia Praia","UNIT","apartamento","1500000","135",,"4","1",,"550","11111.1111111111"
"2729638052","Meia Praia","UNIT","apartamento","1499000","105",,"3","2","1000","530","14276.1904761905"
"2764633030","Meia Praia","UNIT","apartamento","1890000","132",,"4","2","0","0","14318.1818181818"
"2760157919","Meia Praia","UNIT","apartamento","7810000","196",,"5","3","3000","1200","39846.9387755102"
"2760222828","Meia Praia","UNIT","apartamento","7810000","196",,"5","3","3000","1200","39846.9387755102"
"2767582272","Centro","UNIT","apartamento","2295000","138",,"4","3","100",,"16630.4347826087"
"2507129938","Centro","UNIT","apartamento","4195000","168",,"4","3","0",,"24970.2380952381"
"2637453307","Centro","UNIT","apartamento","2598800","163",,"5","3",,,"15943.5582822086"
"2765064640","Meia Praia","UNIT","apartamento","1890000","146",,"1","3","1800","590","12945.2054794521"
"2769149441","Morretes","UNIT","apartamento","890000","69",,"2","1",,,"12898.5507246377"
"2541352187","Morretes","UNIT","apartamento","931000","69",,"2","1","0","0","13492.7536231884"
"2737228810","Andorinha","UNIT","apartamento","5500000","280",,"5","3","0","0","19642.8571428571"
"2762332017","Meia Praia","UNIT","apartamento","3205000","152",,"4","2",,,"21085.5263157895"
"2720507956","Canto da Praia","UNIT","apartamento","2349900","233",,"4","2",,,"10085.4077253219"
"2749519332","Meia Praia","UNIT","apartamento","2800000","180",,"5","4","0","0","15555.5555555556"
"2759130227","Meia Praia","UNIT","apartamento","2620000","175",,"5","3","1200","600","14971.4285714286"
"2727492934","Morretes","UNIT","apartamento","828376","66",,"2","1","1","1","12551.1515151515"
"2746742271","Meia Praia","UNIT","apartamento","3450000","125",,"3","2",,,"27600"
"2529057187","Meia Praia","UNIT","apartamento","3000000","172",,"3","2","0",,"17441.8604651163"
"2715163812","Morretes","UNIT","apartamento","723000","70",,"2","1","0","0","10328.5714285714"
"2708104656","Meia Praia","UNIT","apartamento","7800000","187",,"6","3","4500","350","41711.2299465241"
"2750094549","Meia Praia","UNIT","apartamento","2100000","280",,"1","2","1400","870","7500"
"2758879417","<vazio>","UNIT","apartamento","980000","95",,"1","1",,"300","10315.7894736842"
"2723210029","Meia Praia","UNIT","apartamento","1899000","115",,"3","1",,"829","16513.0434782609"
"2759672235","Meia Praia","UNIT","apartamento","2600000","190",,"4","2","3000","1000","13684.2105263158"
"2754513887","Alto S?o Bento","UNIT","apartamento","549000","60",,"1","1","500","0","9150"
"2757309017","Meia Praia","UNIT","apartamento","1849820","141",,"4","2","2400","600","13119.2907801418"
"2743531236","Centro","UNIT","apartamento","858000","69",,"1","1","1","645","12434.7826086957"
"2764634155","Centro","UNIT","apartamento","2600000","165",,"5","3","0","0","15757.5757575758"
"2738890444","Meia Praia","UNIT","apartamento","1980000","150",,"4","3",,"550","13200"
"2744012699","Castelo Branco","UNIT","apartamento","1300000","94",,"2","2",,,"13829.7872340426"
"2547500211","Meia Praia","UNIT","apartamento","3000000","175",,"4","3",,,"17142.8571428571"
"2687443218","Meia Praia","UNIT","apartamento","2140620","127",,"4","2",,,"16855.2755905512"
"2596943896","Morretes","UNIT","apartamento","780000","70",,"2","1",,,"11142.8571428571"
"2767582223","Morretes","UNIT","apartamento","950000","70",,"1","1","980","380","13571.4285714286"
"2661818609","Centro","UNIT","apartamento","5000000","201",,"5","4","6000","1500","24875.6218905473"
"2767583723","Meia Praia","UNIT","apartamento","4050000","205",,"4","2","100","300","19756.0975609756"
"2692636062","Meia Praia","UNIT","apartamento","1490000","94",,"2","2",,"700","15851.0638297872"
"2732106895","Tabuleiro dos Oliveiras","UNIT","apartamento","580000","71",,"2","1","1000","400","8169.01408450704"
"2760268729","Morretes","UNIT","apartamento","900000","70",,"2","1","530","380","12857.1428571429"
"2711035641","Meia Praia","UNIT","apartamento","1000000","131",,"3","1","0","0","7633.58778625954"
"2769180656","Castelo Branco","UNIT","apartamento","1899710","123",,"4","2","1500","730","15444.7967479675"
"2723210396","Meia Praia","UNIT","apartamento","3150000","204",,"4","2",,"800","15441.1764705882"
"2759604641","Meia Praia","UNIT","apartamento","2600000","190",,"4","2","3000","1000","13684.2105263158"
"2654756074","Meia Praia","UNIT","apartamento","6158500","240",,"5","4","7036","800","25660.4166666667"
"2561780234","Andorinha","UNIT","apartamento","6190000","210",,"4","3",,,"29476.1904761905"
"2739557048","Centro","UNIT","apartamento","2000000","153",,"1","2","2000","700","13071.8954248366"
"2744450124","Meia Praia","UNIT","apartamento","1599999","113",,"4","2","2200","770","14159.2831858407"
"2729592223","Sert?o do Trombudo","UNIT","apartamento","950000","77",,"1","1","0","510","12337.6623376623"
"2760453613","Meia Praia","UNIT","apartamento","3200000","182",,"5","3","4000","650","17582.4175824176"
"2763649737","Tabuleiro dos Oliveiras","UNIT","apartamento","890000","67",,"2","1",,"0","13283.5820895522"
"2560637524","Morretes","UNIT","apartamento","797000","70",,"2","1","500","300","11385.7142857143"
"2747422303","Andorinha","UNIT","apartamento","3150000","218",,"4","3",,,"14449.5412844037"
"2571427939","Centro","UNIT","apartamento","2046000","120",,"4","2","0","0","17050"
"2767582372","Morretes","UNIT","apartamento","903650","58",,"1","2","100","400","15580.1724137931"
"2735197417","Centro","UNIT","apartamento","2800000","127",,"3","2",,"600","22047.2440944882"
"2768634231","<vazio>","UNIT","apartamento","660000","61",,"1","1","100","350","10819.6721311475"
"2769178358","Morretes","UNIT","apartamento","734300","69",,"3","1","990","450","10642.0289855072"
"2566492290","Meia Praia","UNIT","apartamento","3300000","203",,"5","3","0",,"16256.157635468"
"2710198303","Andorinha","UNIT","apartamento","1700000","127",,"3","2",,,"13385.8267716535"
"2746794804","Centro","UNIT","apartamento","1850000","130",,"3","2","0","0","14230.7692307692"
"2734059898","Meia Praia","UNIT","apartamento","3500000","290",,"5","3",,,"12068.9655172414"
"2758074326","Morretes","UNIT","apartamento","908000","70",,"1","1","1000","645","12971.4285714286"
"2638550163","Meia Praia","UNIT","apartamento","2380000","133",,"3","2",,,"17894.7368421053"
"2617955017","Centro","UNIT","apartamento","2350000","123",,"3","2",,,"19105.6910569106"
"2756778668","Meia Praia","UNIT","apartamento","4700000","250",,"5","4","0","0","18800"
"2621273142","Morretes","UNIT","apartamento","850000","68",,"2","1",,,"12500"
"2692110570","Meia Praia","UNIT","apartamento","3500000","228",,"4","3","1000","650","15350.8771929825"
"2754745443","Centro","UNIT","apartamento","2280804","159",,"5","2",,"0","14344.679245283"
"2761654925","Meia Praia","UNIT","apartamento","2495000","226",,"4","2","0","550","11039.8230088496"
"2649824299","Morretes","UNIT","apartamento","890000","69",,"2","1",,,"12898.5507246377"
"2744792048","Morretes","UNIT","apartamento","850000","70",,"1","1",,,"12142.8571428571"
"2767582466","Centro","UNIT","apartamento","6672000","187",,"4","3","100",,"35679.1443850267"
"2754169712","Tabuleiro dos Oliveiras","UNIT","apartamento","799000","68",,"1","1","0","1","11750"
"2770031278","Morretes","UNIT","terreno","649810","270",,"0","0","1","1","2406.7037037037"
"2661819681","Tabuleiro dos Oliveiras","UNIT","apartamento","848000","70",,"2","2","800","0","12114.2857142857"
"2744792050","Meia Praia","UNIT","apartamento","1600000","169",,"3","2","1600","550","9467.45562130177"
"2646971011","Meia Praia","UNIT","apartamento","1700000","108",,"3","2",,,"15740.7407407407"
"2708535046","<vazio>","UNIT","apartamento","866660","70",,"2","1",,"0","12380.8571428571"
"2768970667","Centro","UNIT","apartamento","1699240","118",,"4","2","1800","820","14400.3389830508"
"2752081799","Andorinha","UNIT","apartamento","4499430","250",,"6","3","4500","900","17997.72"
"2706238822","Centro","UNIT","apartamento","3600000","127",,"1","3","400","1500","28346.4566929134"
"2599483257","Meia Praia","UNIT","apartamento","1700000","114",,"3","2",,,"14912.2807017544"
"2565455992","Meia Praia","UNIT","apartamento","1485000","108",,"4","2","0","0","13750"
"2646970992","Morretes","UNIT","apartamento","870000","63",,"2","1",,,"13809.5238095238"
"2741551892","Andorinha","UNIT","apartamento","3050000","193",,"5","3","3300","700","15803.1088082902"
"2769471787","Tabuleiro dos Oliveiras","UNIT","apartamento","780939","53",,"2","1","1","1","14734.6981132075"
"2730193418","Centro","UNIT","apartamento","2600000","137",,"3","3",,"800","18978.102189781"
"2562460479","Meia Praia","UNIT","apartamento","4200000","217",,"4","4",,,"19354.8387096774"
"2652581868","Morretes","UNIT","apartamento","829000","70",,"2","1",,"3","11842.8571428571"
"2721918760","Castelo Branco","UNIT","apartamento","2790000","142",,"4","3","3400","800","19647.8873239437"
"2572541711","Meia Praia","UNIT","apartamento","1840000","103",,"4","2",,,"17864.0776699029"
"2763648650","Meia Praia","UNIT","apartamento","2590000","130",,"4","2",,"540","19923.0769230769"
"2511793552","Morretes","UNIT","apartamento","900000","69",,"2","1","0",,"13043.4782608696"
"2732591429","Andorinha","UNIT","apartamento","1842000","137",,"4","2","0","0","13445.2554744526"
"2689672842","Morretes","UNIT","apartamento","1080000","69",,"2","1","0","0","15652.1739130435"
"2613516518","Meia Praia","UNIT","apartamento","1995000","131",,"3","2",,,"15229.0076335878"
"2769469975","Andorinha","UNIT","apartamento","2399780","162",,"5","3","1500","1500","14813.4567901235"
"2723211840","Meia Praia","UNIT","apartamento","1600000","167",,"3","2","1600","600","9580.83832335329"
"2633099805","Meia Praia","UNIT","apartamento","1100000","80",,"3","2","0",,"13750"
"2744805298","Centro","UNIT","apartamento","1980000","149",,"4","2",,"950","13288.5906040268"
"2569300364","Meia Praia","UNIT","apartamento","1800000","120",,"4","2",,,"15000"
"2764631682","Meia Praia","UNIT","apartamento","2625000","163",,"5","3","0","800","16104.2944785276"
"2729684839","Meia Praia","UNIT","apartamento","3500000","188",,"5","3",,,"18617.0212765957"
"2757306635","Meia Praia","UNIT","apartamento","2099310","120",,"4","2","1","800","17494.25"
"2766962416","<vazio>","UNIT","apartamento","4200000","193",,"5","3",,,"21761.6580310881"
"2755299102","Andorinha","UNIT","apartamento","2999030","185",,"5","4","1","1","16210.972972973"
"2754169953","Centro","UNIT","apartamento","1850000","129",,"1","3","0","0","14341.0852713178"
"2654431069","Andorinha","UNIT","apartamento","4000000","270",,"5","3",,,"14814.8148148148"
"2755275229","Meia Praia","UNIT","apartamento","2200000","130",,"4","2","0","0","16923.0769230769"
"2552096594","Castelo Branco","UNIT","apartamento","1930000","123",,"4","2","0",,"15691.0569105691"
"2761579417","Meia Praia","UNIT","apartamento","7210000","166",,"5","3",,,"43433.734939759"
"2658739080","Morretes","UNIT","apartamento","900000","65",,"2","1",,,"13846.1538461538"
"2763648028","Meia Praia","UNIT","apartamento","7888000","166",,"5","3",,"0","47518.0722891566"
"2663264055","Sert?o do Trombudo","UNIT","terreno","5250000","16574",,"0","0",,,"316.761192228792"
"2764860726","Meia Praia","UNIT","apartamento","1800000","120",,"4","2","0","535","15000"
"2744804912","Andorinha","UNIT","apartamento","1882917","151",,"4","2",,,"12469.6490066225"
"2672832274","Jardim Praia Mar","UNIT","apartamento","4000000","190",,"5","3","2850","0","21052.6315789474"
"2752140429","Meia Praia","UNIT","apartamento","2998700","175",,"5","4","4000","1300","17135.4285714286"
"2519165374","Centro","UNIT","apartamento","2850000","130",,"1","3",,,"21923.0769230769"
"2755261233","Morretes","UNIT","apartamento","1160000","70",,"2","1","0",,"16571.4285714286"
"2670818823","Morretes","UNIT","apartamento","972903","69",,"3","1","0","0","14100.0434782609"
"2720508936","Meia Praia","UNIT","apartamento","3500000","280",,"4","3",,,"12500"
"2740008418","Meia Praia","UNIT","apartamento","4200000","202",,"5","3",,"1000","20792.0792079208"
"2629675766","Morretes","UNIT","apartamento","850000","69",,"2","1",,,"12318.8405797101"
"2594943067","Centro","UNIT","apartamento","2772000","143",,"4","2",,,"19384.6153846154"
"2661818968","Castelo Branco","UNIT","apartamento","2199000","128",,"2","3","1800","700","17179.6875"
"2650176662","Morretes","UNIT","apartamento","790000","55",,"2","1","0","0","14363.6363636364"
"2759671134","Meia Praia","UNIT","apartamento","3890000","155",,"4","2","2800","800","25096.7741935484"
"2757783518","Meia Praia","UNIT","apartamento","1792000","140",,"2","2","0","0","12800"
"2757611514","Andorinha","UNIT","apartamento","1650000","199",,"1","2","1","850","8291.45728643216"
"2753156200","Meia Praia","UNIT","apartamento","1850000","128",,"4","3","1400","700","14453.125"
"2747343793","Meia Praia","UNIT","apartamento","2298000","129",,"4","2",,"540","17813.9534883721"
"2720508935","Meia Praia","UNIT","apartamento","4380000","315",,"5","3",,,"13904.7619047619"
"2763648535","Meia Praia","UNIT","apartamento","4800000","180",,"5","3",,"750","26666.6666666667"
"2766847721","Meia Praia","UNIT","apartamento","1798800","126",,"3","2","0",,"14276.1904761905"
"2764634718","Centro","UNIT","apartamento","3500000","165",,"4","3","0","0","21212.1212121212"
"2530978301","Centro","UNIT","apartamento","4435886","213",,"5","3","0",,"20825.7558685446"
"2720899571","Morretes","UNIT","casa","743000","100",,"1","2","500","0","7430"
"2723211934","Centro","UNIT","apartamento","2510000","130",,"3","3",,"900","19307.6923076923"
"2714996201","Meia Praia","UNIT","apartamento","1850000","110",,"3","3","4000","1050","16818.1818181818"
"2743601193","Morretes","UNIT","apartamento","889369","69",,"2","1",,,"12889.4057971014"
"2748004512","Andorinha","UNIT","apartamento","3500000","218",,"4","3",,,"16055.0458715596"
"2592169738","Meia Praia","UNIT","apartamento","1750000","124",,"3","2",,,"14112.9032258065"
"2754540368","Andorinha","UNIT","apartamento","1899310","154",,"4","3","2000","800","12333.1818181818"
"2732381428","Meia Praia","UNIT","apartamento","5007000","282",,"7","0","0","0","17755.3191489362"
"2744012695","Meia Praia","UNIT","apartamento","900000","80",,"2","1",,,"11250"
"2763649137","Meia Praia","UNIT","apartamento","1900000","124",,"4","2",,"800","15322.5806451613"
"2728040745","Andorinha","UNIT","apartamento","2396000","152",,"4","2","0","0","15763.1578947368"
"2767581996","Castelo Branco","UNIT","apartamento","1275000","101",,"1","0","100",,"12623.7623762376"
"2764989068","Meia Praia","UNIT","apartamento","2200000","180",,"2","2",,,"12222.2222222222"
"2756188819","Meia Praia","UNIT","apartamento","3200000","121",,"4","3","0","0","26446.2809917355"
"2757201414","Jardim Praia Mar","UNIT","apartamento","738928","63",,"1","1",,"0","11729.0158730159"
"2743660497","Andorinha","UNIT","apartamento","850000","77",,"2","1",,,"11038.961038961"
"2754737209","Morretes","UNIT","apartamento","898800","71",,"1","1","800","0","12659.1549295775"
"2738894037","Meia Praia","UNIT","apartamento","2680000","178",,"3","3","3000","950","15056.1797752809"
"2747716304","Meia Praia","UNIT","apartamento","2900000","127",,"4","2","1200","0","22834.6456692913"
"2769186854","Morretes","UNIT","apartamento","459640","56",,"1","1","765","1","8207.85714285714"
"2744014592","Andorinha","UNIT","apartamento","890000","76",,"2","1",,"580","11710.5263157895"
"2764895415","Centro","UNIT","apartamento","3650000","203",,"5","3","0","500","17980.2955665025"
"2611303401","Meia Praia","UNIT","apartamento","2560000","128",,"4","3","150","600","20000"
"2693494916","Morretes","UNIT","apartamento","896099","69",,"1","1","0","10","12986.9420289855"
"2745301105","Meia Praia","UNIT","apartamento","1500000","125",,"3","2","0","0","12000"
"2719895971","Meia Praia","UNIT","apartamento","3369000","209",,"5","3","2000","1500","16119.6172248804"
"2722634892","Morretes","UNIT","apartamento","826800","102",,"2","1",,,"8105.88235294118"
"2725596839","Meia Praia","UNIT","apartamento","1900000","260",,"4","2","1800","650","7307.69230769231"
"2767583218","Meia Praia","UNIT","apartamento","1495000","124",,"3","2",,,"12056.4516129032"
"2753788414","Morretes","UNIT","apartamento","840000","70",,"1","1","0",,"12000"
"2691973157","Centro","UNIT","apartamento","1550000","100",,"2","1","0","560","15500"
"2723211741","Morretes","UNIT","apartamento","875000","70",,"2","1",,,"12500"
"2723210013","Morretes","UNIT","apartamento","1198033","69",,"2","1",,,"17362.7971014493"
"2744013114","Meia Praia","UNIT","apartamento","4800000","206",,"4","3",,,"23300.9708737864"
"2759268743","Andorinha","UNIT","apartamento","996142","70",,"3","1","2000","500","14230.6"
"2769165257","Meia Praia","UNIT","apartamento","3200000","222",,"5","4",,,"14414.4144144144"
"2621797042","Castelo Branco","UNIT","apartamento","3098000","183",,"4","3",,"3","16928.9617486339"
"2599369874","Morretes","UNIT","apartamento","751933","67",,"2","1",,,"11222.8805970149"
"2769184109","Morretes","UNIT","apartamento","949260","96",,"3","2","465","1200","9888.125"
"2661819224","<vazio>","UNIT","apartamento","1650000","130",,"4","2","1400","1000","12692.3076923077"
"2764980713","Jardim Praia Mar","UNIT","apartamento","885000","70",,"3","1",,,"12642.8571428571"
"2560637336","Morretes","UNIT","apartamento","808000","70",,"2","1","500","300","11542.8571428571"
"2721918481","Castelo Branco","UNIT","apartamento","2890000","162",,"4","3","2000","0","17839.5061728395"
"2511794683","Morretes","UNIT","apartamento","880000","70",,"3","1","0",,"12571.4285714286"
"2677404795","Meia Praia","UNIT","apartamento","4365000","282",,"5","3",,"3","15478.7234042553"
"2762839513","Meia Praia","UNIT","apartamento","3013669","182",,"4","3",,,"16558.6208791209"
"2761509822","Morretes","UNIT","apartamento","790000","69",,"2","1","1284","400","11449.2753623188"
"2759673329","Centro","UNIT","apartamento","2300000","137",,"4","2","2500","1250","16788.3211678832"
"2764635229","Meia Praia","UNIT","apartamento","2500000","176",,"6","3","0","1500","14204.5454545455"
"2609059598","Centro","UNIT","apartamento","3500000","223",,"5","2","1405","758","15695.067264574"
"2766782831","Canto da Praia","UNIT","apartamento","2250000","109",,"1","3","1800","700","20642.2018348624"
"2672634492","Meia Praia","UNIT","apartamento","4200000","300",,"6","3",,,"14000"
"2751145394","Tabuleiro dos Oliveiras","UNIT","apartamento","780000","70",,"2","1",,,"11142.8571428571"
"2761579522","Andorinha","UNIT","apartamento","2331290","118",,"4","3",,,"19756.6949152542"
"2702305183","Andorinha","UNIT","apartamento","1700000","114",,"4","2",,,"14912.2807017544"
"2698690590","Meia Praia","UNIT","apartamento","2700000","100",,"1","1",,"584","27000"
"2739740420","Castelo Branco","UNIT","apartamento","2800000","180",,"5","2","2800","1069","15555.5555555556"
"2639974174","Meia Praia","UNIT","apartamento","5080000","180",,"4","3","2500","800","28222.2222222222"
"2755991016","Meia Praia","UNIT","apartamento","2600000","130",,"4","3","0","0","20000"
"2732165221","Meia Praia","UNIT","apartamento","2200000","135",,"1","0",,,"16296.2962962963"
"2727188434","Meia Praia","UNIT","apartamento","997000","95",,"1","1","0","400","10494.7368421053"
"2661819280","Meia Praia","UNIT","apartamento","1980000","123",,"4","2","1200","600","16097.5609756098"
"2599481421","Castelo Branco","UNIT","apartamento","3359000","183",,"4","3",,,"18355.1912568306"
"2758678426","Meia Praia","UNIT","apartamento","4591000","180",,"5","3",,,"25505.5555555556"
"2758548421","Meia Praia","UNIT","apartamento","3200000","193",,"5","3","1000","950","16580.310880829"
"2592602683","Morretes","UNIT","apartamento","800000","65",,"2","1",,,"12307.6923076923"
"2731047344","Meia Praia","UNIT","apartamento","1990000","121",,"4","2",,,"16446.2809917355"
"2734698025","Morretes","UNIT","apartamento","950000","70",,"2","1","800","480","13571.4285714286"
"2768968495","Castelo Branco","UNIT","apartamento","1249270","106",,"3","2","1100","600","11785.5660377358"
"2758129420","Meia Praia","UNIT","apartamento","3960000","315",,"6","3",,,"12571.4285714286"
"2753495011","Morretes","UNIT","apartamento","890000","70",,"2","1","800","450","12714.2857142857"
"2533971570","Meia Praia","UNIT","apartamento","2300000","132",,"4","2",,"389","17424.2424242424"
"2526638839","Meia Praia","UNIT","apartamento","5007000","282",,"6","3","0",,"17755.3191489362"
"2558704109","<vazio>","UNIT","apartamento","2660020","190",,"5","3",,,"14000.1052631579"
"2769839162","Andorinha","UNIT","apartamento","2977740","175",,"5","3","2300","850","17015.6571428571"
"2609060805","Andorinha","UNIT","apartamento","2190000","140",,"4","3","1300","490","15642.8571428571"
"2707071361","Morretes","UNIT","apartamento","2000000","116",,"4","4","133","123","17241.3793103448"
"2748085794","Meia Praia","UNIT","apartamento","3200000","182",,"4","3","3900","650","17582.4175824176"
"2756954251","Andorinha","UNIT","apartamento","2499290","188",,"5","3","4000","650000","13294.0957446809"
"2769186945","Castelo Branco","UNIT","apartamento","1349580","130",,"4","2","2295","1","10381.3846153846"
"2753757493","Tabuleiro dos Oliveiras","UNIT","apartamento","904000","72",,"2","1",,,"12555.5555555556"
"2767583417","Morretes","UNIT","apartamento","844000","70",,"1","1","100",,"12057.1428571429"
"2767580977","Meia Praia","UNIT","apartamento","1410711","98",,"3","2","100","300","14395.0102040816"
"2768676622","Meia Praia","UNIT","apartamento","2300000","142",,"4","2",,,"16197.1830985915"
"2537463541","Meia Praia","UNIT","apartamento","4512000","214",,"6","3",,"0","21084.1121495327"
"2692691708","Morretes","UNIT","apartamento","872000","68",,"2","1","0","0","12823.5294117647"
"2707329138","Meia Praia","UNIT","apartamento","5500000","300",,"4","3",,,"18333.3333333333"
"2741829662","Castelo Branco","UNIT","apartamento","2400000","128",,"4","3",,"800","18750"
"2757198544","Meia Praia","UNIT","apartamento","2707028","151",,"1","3",,"0","17927.3377483444"
"2723209317","Meia Praia","UNIT","apartamento","1150000","69",,"2","2",,,"16666.6666666667"
"2767581540","Meia Praia","UNIT","apartamento","3200000","193",,"4","3","3000","850","16580.310880829"
"2739558231","Castelo Branco","UNIT","apartamento","2240000","180",,"1","3","2590","770","12444.4444444444"
"2753961998","Meia Praia","UNIT","apartamento","4590070","180",,"5","3","5500","1300","25500.3888888889"
"2768646644","Andorinha","UNIT","apartamento","1772000","114",,"4","2","0","0","15543.8596491228"
"2713373719","Tabuleiro dos Oliveiras","UNIT","apartamento","740000","70",,"2","1","0","0","10571.4285714286"
"2658963604","Meia Praia","UNIT","apartamento","2000000","159",,"4","3","2500","1300","12578.6163522013"
"2740229764","Castelo Branco","UNIT","apartamento","2200000","129",,"3","2",,,"17054.2635658915"
"2759605536","Centro","UNIT","apartamento","890000","69",,"2","1","1200","600","12898.5507246377"
"2764632185","Meia Praia","UNIT","apartamento","3500000","186",,"5","3","3380","940","18817.2043010753"
"2582331814","Andorinha","UNIT","apartamento","1720000","130",,"3","2",,,"13230.7692307692"
"2761517040","Morretes","UNIT","apartamento","850000","70",,"2","1","0",,"12142.8571428571"
"2764631685","Andorinha","UNIT","apartamento","3498800","213",,"5","3","0","0","16426.2910798122"
"2710811890","Centro","UNIT","apartamento","1100000","83",,"2","1",,,"13253.0120481928"
"2706582605","Centro","UNIT","apartamento","3090000","172",,"4","3",,,"17965.1162790698"
"2683865633","Centro","UNIT","apartamento","4000000","300",,"1","2","1700","1700","13333.3333333333"
"2743454802","Tabuleiro dos Oliveiras","UNIT","apartamento","825000","55",,"2","1","1","1","15000"
"2733826524","Andorinha","UNIT","apartamento","1000000","97",,"2","2","1300","430","10309.2783505155"
"2689939945","Morretes","UNIT","casa","899000","167",,"1","2",,,"5383.23353293413"
"2713005754","Meia Praia","UNIT","apartamento","3250000","128",,"4","2","2750","550","25390.625"
"2764633731","Meia Praia","UNIT","apartamento","5250000","200",,"5","3","0","0","26250"
"2764633334","Andorinha","UNIT","apartamento","3480000","213",,"5","3","0","0","16338.0281690141"
"2646970314","Meia Praia","UNIT","apartamento","7600000","317",,"7","7",,,"23974.7634069401"
"2769470043","Morretes","UNIT","apartamento","968460","67",,"2","2","900","450","14454.6268656716"
"2744014584","Castelo Branco","UNIT","apartamento","1100000","93",,"2","2",,"450","11827.9569892473"
"2661098464","Morretes","UNIT","apartamento","689000","74",,"2","1","0","0","9310.81081081081"
"2560637472","Morretes","UNIT","apartamento","808000","70",,"3","1","500","300","11542.8571428571"
"2560637717","Morretes","UNIT","apartamento","801000","70",,"3","1","500","300","11442.8571428571"
"2737231395","Meia Praia","UNIT","apartamento","4400000","300",,"6","3","0","0","14666.6666666667"
"2764631494","Meia Praia","UNIT","apartamento","4800000","180",,"5","3","0","750","26666.6666666667"
"2766852514","Morretes","UNIT","apartamento","753480","70",,"2","1","0","0","10764"
"2754452832","Castelo Branco","UNIT","apartamento","1100000","90",,"2","1",,,"12222.2222222222"
"2744013514","Meia Praia","UNIT","apartamento","2000000","172",,"3","2","1300","650","11627.9069767442"
"2756565716","Castelo Branco","UNIT","apartamento","1600000","105",,"1","2","0","750","15238.0952380952"
"2754744776","Morretes","UNIT","apartamento","829874","69",,"1","1",,"0","12027.1594202899"
"2764634414","Meia Praia","UNIT","apartamento","5500000","225",,"5","3","0","0","24444.4444444444"
"2758870721","Meia Praia","UNIT","apartamento","3090000","172",,"5","3","3000","1000","17965.1162790698"
"2754757134","Meia Praia","UNIT","apartamento","2767000","175",,"5","3","0","0","15811.4285714286"
"2646971662","Morretes","UNIT","apartamento","850000","70",,"1","1","600","250","12142.8571428571"
"2764632223","Meia Praia","UNIT","apartamento","4800000","180",,"5","3","0","0","26666.6666666667"
"2759541318","Centro","UNIT","apartamento","890000","69",,"2","1","1200","600","12898.5507246377"
"2747828723","Meia Praia","UNIT","apartamento","4500000","248",,"5","4",,"0","18145.1612903226"
"2560637518","Morretes","UNIT","apartamento","808000","68",,"2","1","500","300","11882.3529411765"
"2661820662","Andorinha","UNIT","apartamento","1621000","113",,"4","2","1400","550","14345.1327433628"
"2733508614","Jardim Praia Mar","UNIT","apartamento","740000","62",,"2","1","0","0","11935.4838709677"
"2598539267","Morretes","UNIT","apartamento","865000","70",,"2","1",,,"12357.1428571429"
"2650750169","Morretes","UNIT","apartamento","880000","68",,"2","1",,"378","12941.1764705882"
"2719900193","Meia Praia","UNIT","apartamento","2300000","169",,"2","2","0","1","13609.4674556213"
"2740369413","Morretes","UNIT","apartamento","576431","53",,"1","1","0","0","10876.0566037736"
"2768969343","Castelo Branco","UNIT","apartamento","2599220","146",,"5","3","1200","650","17802.8767123288"
"2744013113","Morretes","UNIT","apartamento","950000","60",,"2","1",,,"15833.3333333333"
"2569456231","Meia Praia","UNIT","apartamento","1850000","118",,"4","0",,,"15677.9661016949"
"2698129670","Meia Praia","UNIT","apartamento","7990000","214",,"1","3","5600","1400","37336.4485981308"
"2738907716","Morretes","UNIT","apartamento","850000","70",,"1","1","0",,"12142.8571428571"
"2723210411","Meia Praia","UNIT","apartamento","2355000","100",,"2","1","1170","820","23550"
"2660284691","Meia Praia","UNIT","apartamento","1800000","130",,"3","2",,,"13846.1538461538"
"2764633142","Andorinha","UNIT","apartamento","1750000","127",,"4","2","1","1","13779.5275590551"
"2767581550","Morretes","UNIT","apartamento","985000","70",,"1","1","100",,"14071.4285714286"
"2760455617","Meia Praia","UNIT","apartamento","1250000","142",,"1","1","0","0","8802.81690140845"
"2767581970","Morretes","UNIT","apartamento","1176110","68",,"2","1","100","500","17295.7352941176"
"2767564470","Meia Praia","UNIT","apartamento","4000000","128",,"4","3",,,"31250"
"2759327514","Meia Praia","UNIT","apartamento","967681","70",,"3","1","2000","500","13824.0142857143"
"2768966956","Meia Praia","UNIT","apartamento","2889690","159",,"5","3","2000","700","18174.1509433962"
"2721632552","Centro","UNIT","apartamento","1868000","125",,"1","2",,,"14944"
"2764632140","Meia Praia","UNIT","apartamento","2495000","164",,"5","3","0","0","15213.4146341463"
"2765112712","Andorinha","UNIT","apartamento","2949840","180",,"4","2","1800","950","16388"
"2749241229","Morretes","UNIT","apartamento","749000","64",,"2","1","150","499","11703.125"
"2595234021","Morretes","UNIT","apartamento","872000","69",,"2","1",,,"12637.6811594203"
"2764631849","Andorinha","UNIT","apartamento","3398800","213",,"5","3","0","0","15956.8075117371"
"2560637259","Morretes","UNIT","apartamento","808000","70",,"2","1","500","300","11542.8571428571"
"2656735400","Meia Praia","UNIT","apartamento","2950000","123",,"4","2",,"0","23983.7398373984"
"2754182805","Morretes","UNIT","apartamento","899000","69",,"3","1","0","0","13028.9855072464"
"2767583793","Andorinha","UNIT","apartamento","2411646","169",,"4","4","100","300","14270.0946745562"
"2732421143","Meia Praia","UNIT","apartamento","750000","130",,"1","1","1200","550","5769.23076923077"
"2764859742","Centro","UNIT","apartamento","1690000","105",,"3","2","0","0","16095.2380952381"
"2725553234","Castelo Branco","UNIT","apartamento","1589000","95",,"1","2","0","391","16726.3157894737"
"2748559981","Morretes","UNIT","apartamento","828376","62",,"1","1","0",,"13360.9032258065"
"2764632835","Meia Praia","UNIT","apartamento","4950000","190",,"5","2","0","0","26052.6315789474"
"2754744969","Andorinha","UNIT","apartamento","4211046","259",,"5","3",,"0","16258.8648648649"
"2661818966","Meia Praia","UNIT","apartamento","3190000","156",,"4","3","3400","1200","20448.7179487179"
"2761879522","Morretes","UNIT","apartamento","860000","69",,"2","1",,,"12463.768115942"
"2758582626","Morretes","UNIT","apartamento","799900","68",,"2","1","1000","350","11763.2352941176"
"2723210885","Meia Praia","UNIT","apartamento","1950000","105",,"3","3",,"650","18571.4285714286"
"2597170008","Castelo Branco","UNIT","apartamento","3420000","166",,"3","3",,,"20602.4096385542"
"2769181936","Andorinha","UNIT","apartamento","1779140","196",,"5","2","2900","900","9077.24489795918"
"2660481867","Morretes","UNIT","apartamento","799000","71",,"1","1","1200","0","11253.5211267606"
"2764861515","Meia Praia","UNIT","apartamento","1311000","81",,"3","2","0","0","16185.1851851852"
"2650181455","Meia Praia","UNIT","apartamento","1850000","135",,"3","2","2094","800","13703.7037037037"
"2764953846","Morretes","UNIT","apartamento","890000","65",,"2","1","0","0","13692.3076923077"
"2765046657","Andorinha","UNIT","apartamento","2200000","211",,"4","2",,,"10426.5402843602"
"2560637653","Morretes","UNIT","apartamento","808000","70",,"3","1","500","300","11542.8571428571"
"2748545575","Meia Praia","UNIT","apartamento","1600000","120",,"4","2","1100","600","13333.3333333333"
"2748644139","Meia Praia","UNIT","apartamento","900000","120",,"2","1",,,"7500"
"2759377651","Meia Praia","UNIT","apartamento","967681","70",,"3","1","2000","500","13824.0142857143"
"2558703801","<vazio>","UNIT","apartamento","2931500","190",,"5","3",,,"15428.9473684211"
"2727085188","<vazio>","UNIT","apartamento","950000","70",,"2","1",,"300","13571.4285714286"
"2716785832","Centro","UNIT","apartamento","5427475","291",,"5","4",,,"18651.116838488"
"2769188608","Centro","UNIT","casa","1579830","120",,"3","4","1","1","13165.25"
"2738321736","<vazio>","UNIT","apartamento","695000","64",,"1","1","0","320","10859.375"
"2759607813","Meia Praia","UNIT","apartamento","1950000","128",,"4","2","3000","1000","15234.375"
"2759670923","Meia Praia","UNIT","apartamento","1950000","128",,"4","2","3000","1000","15234.375"
"2761579121","Meia Praia","UNIT","apartamento","2590000","140",,"4","2",,,"18500"
"2739740617","Meia Praia","UNIT","apartamento","2700000","173",,"4","2",,"800","15606.936416185"
"2694079382","Morretes","UNIT","apartamento","850000","70",,"3","1","0",,"12142.8571428571"
"2619175940","Centro","UNIT","apartamento","5781596","198",,"4","2",,,"29199.9797979798"
"2764635215","Centro","UNIT","apartamento","3600000","206",,"5","3","0","0","17475.7281553398"
"2616732704","Centro","UNIT","apartamento","2310000","123",,"3","3",,,"18780.487804878"
"2547503323","Meia Praia","UNIT","apartamento","1995000","133",,"3","2",,,"15000"
"2646970784","Meia Praia","UNIT","apartamento","2300000","200",,"3","1",,,"11500"
"2732475643","<vazio>","UNIT","apartamento","1720000","103",,"1","0",,,"16699.0291262136"
"2745843694","Andorinha","UNIT","apartamento","1000000","94",,"3","2",,,"10638.2978723404"
"2734812938","Meia Praia","UNIT","apartamento","2750000","180",,"3","2","0","0","15277.7777777778"
"2767583719","Castelo Branco","UNIT","apartamento","1655000","128",,"4","2","100",,"12929.6875"
"2756820550","Morretes","UNIT","apartamento","949000","67",,"1","1","0","0","14164.1791044776"
"2738004620","Centro","UNIT","apartamento","4190000","162",,"4","2","0",,"25864.1975308642"
"2619793068","Centro","UNIT","apartamento","2690000","130",,"3","2",,,"20692.3076923077"
"2609062207","Centro","UNIT","apartamento","2600000","167",,"5","2","4500","1250","15568.8622754491"
"2769149434","Meia Praia","UNIT","apartamento","7123451","180",,"5","3",,,"39574.7277777778"
"2766852926","Meia Praia","UNIT","apartamento","1597800","114",,"4","2","0","0","14015.7894736842"
"2670852683","Centro","UNIT","apartamento","1609000","100",,"1","2","0","0","16090"
"2759605535","Centro","UNIT","apartamento","1950000","115",,"4","2","3000","1200","16956.5217391304"
"2740233166","Tabuleiro dos Oliveiras","UNIT","apartamento","830000","63",,"2","1",,,"13174.6031746032"
"2764630657","Centro","UNIT","apartamento","4890000","280",,"5","4","0","0","17464.2857142857"
"2748003207","Meia Praia","UNIT","apartamento","1250000","118",,"2","1",,,"10593.2203389831"
"2757766731","Meia Praia","UNIT","apartamento","890000","75",,"1","1","0",,"11866.6666666667"
"2748326799","Morretes","UNIT","apartamento","900000","70",,"2","1",,"358","12857.1428571429"
"2661820374","Meia Praia","UNIT","apartamento","2200000","135",,"4","2","2050","900","16296.2962962963"
"2766852116","Meia Praia","UNIT","apartamento","4490000","300",,"6","3","4200","1550","14966.6666666667"
"2766852132","Morretes","UNIT","apartamento","659800","60",,"2","1","0","0","10996.6666666667"
"2511794184","Morretes","UNIT","apartamento","835000","67",,"2","1","0",,"12462.6865671642"
"2717832112","Centro","UNIT","apartamento","1777761","109",,"4","2","0","0","16309.7339449541"
"2769276036","Morretes","UNIT","apartamento","849560","70",,"2","1","900","380","12136.5714285714"
"2744014217","Morretes","UNIT","apartamento","900000","60",,"2","1",,,"15000"
"2764632232","Meia Praia","UNIT","apartamento","7210000","166",,"5","3","0","0","43433.734939759"
"2748740905","Meia Praia","UNIT","apartamento","2680000","178",,"4","3",,"0","15056.1797752809"
"2764632139","Meia Praia","UNIT","apartamento","2990000","164",,"5","3","0","1000","18231.7073170732"
"2767582389","Meia Praia","UNIT","apartamento","2334331","144",,"3","3","100",,"16210.6319444444"
"2703472374","Morretes","UNIT","apartamento","783565","62",,"3","1",,,"12638.1451612903"
"2738894942","Meia Praia","UNIT","apartamento","2500000","140",,"3","3",,"1050","17857.1428571429"
"2609060689","Meia Praia","UNIT","apartamento","2300000","131",,"4","2","2800","800","17557.2519083969"
"2558703474","<vazio>","UNIT","apartamento","1460000","210",,"4","3",,,"6952.38095238095"
"2759538945","Meia Praia","UNIT","apartamento","1950000","128",,"4","2","3000","1000","15234.375"
"2720509133","Meia Praia","UNIT","apartamento","1700000","118",,"3","2","2000","900","14406.7796610169"
"2764634136","Centro","UNIT","apartamento","2798800","164",,"5","3","0","0","17065.8536585366"
"2665398799","Andorinha","UNIT","apartamento","1090000","116",,"2","1",,,"9396.55172413793"
"2753366116","Meia Praia","UNIT","apartamento","4649740","350",,"5","2","5000","3500","13284.9714285714"
"2763090143","Morretes","UNIT","apartamento","895000","67",,"3","1",,,"13358.2089552239"
"2769842245","Morretes","UNIT","apartamento","856030","70",,"3","2","850","350","12229"
"2767582364","Tabuleiro dos Oliveiras","UNIT","apartamento","770000","70",,"1","1","100","0","11000"
"2560637743","Morretes","UNIT","apartamento","808000","68",,"2","1","500","300","11882.3529411765"
"2761876932","Meia Praia","UNIT","apartamento","4000000","128",,"3","3",,,"31250"
"2749415198","Meia Praia","UNIT","apartamento","3609770","182",,"4","4","5200","1200","19833.9010989011"
"2764672128","Morretes","UNIT","apartamento","776000","64",,"2","1","0","0","12125"
"2646968116","Andorinha","UNIT","apartamento","1700000","135",,"1","2",,,"12592.5925925926"
"2767580196","Meia Praia","UNIT","apartamento","3610000","179",,"4","3","100","300","20167.5977653631"
"2769186670","Meia Praia","UNIT","apartamento","4679050","195",,"5","2","7956","1","23995.1282051282"
"2769477543","Andorinha","UNIT","apartamento","1694830","108",,"4","2","1400","650","15692.8703703704"
"2746632897","Meia Praia","UNIT","apartamento","2290000","178",,"1","2",,,"12865.1685393258"
"2560637280","Morretes","UNIT","casa","720000","115",,"3","2","1000","0","6260.86956521739"
"2606344075","Morretes","UNIT","apartamento","810000","69",,"2","1",,,"11739.1304347826"
"2574305361","Centro","UNIT","apartamento","2599999","185",,"5","2","1","1","14054.0486486486"
"2516158375","Centro","UNIT","apartamento","4187923","150",,"5","3","0",,"27919.4866666667"
"2744509998","Centro","UNIT","apartamento","2600000","190",,"3","2","0","0","13684.2105263158"
"2769279521","Jardim Praia Mar","UNIT","apartamento","723860","70",,"3","1","900","250","10340.8571428571"
"2747203396","Morretes","UNIT","apartamento","898000","69",,"2","1","0","0","13014.4927536232"
"2759540529","Centro","UNIT","apartamento","2300000","137",,"4","2","2500","1250","16788.3211678832"
"2715503022","Meia Praia","UNIT","apartamento","3600000","179",,"4","3","0","0","20111.7318435754"
"2744793316","Meia Praia","UNIT","apartamento","1500000","110",,"1","2",,,"13636.3636363636"
"2765540922","Meia Praia","UNIT","apartamento","6000000","225",,"5","3","0","0","26666.6666666667"
"2758775817","Andorinha","UNIT","apartamento","2449620","124",,"4","2","1600","850","19755"
"2718955859","Morretes","UNIT","casa","735000","85",,"3","2","500","0","8647.05882352941"
"2764630855","Meia Praia","UNIT","apartamento","3199000","265",,"6","4","0","0","12071.6981132075"
"2764955517","Meia Praia","UNIT","apartamento","1999900","191",,"4","2","0","0","10470.6806282723"
"2744695371","Meia Praia","UNIT","apartamento","2400000","140",,"4","4","0","0","17142.8571428571"
"2764632171","Meia Praia","UNIT","apartamento","3900000","183",,"5","3","0","0","21311.4754098361"
"2572344816","<vazio>","UNIT","apartamento","5000000","226",,"5","3","4133","1925","22123.8938053097"
"2765064425","Andorinha","UNIT","apartamento","840000","79",,"1","1","100","0","10632.9113924051"
"2661819282","Morretes","UNIT","apartamento","1400000","67",,"2","1","0","0","20895.5223880597"
"2734790321","Morretes","UNIT","apartamento","1000000","69",,"1","1",,,"14492.7536231884"
"2656248954","Meia Praia","UNIT","apartamento","1200000","141",,"2","0","0","0","8510.63829787234"
"2762224931","Meia Praia","UNIT","apartamento","3189000","167",,"4","3",,,"19095.8083832335"
"2710591001","Meia Praia","UNIT","apartamento","1700000","120",,"2","1","0","0","14166.6666666667"
"2750455756","Andorinha","UNIT","apartamento","1950000","130",,"3","3",,,"15000"
"2511795393","Centro","UNIT","apartamento","2470000","133",,"3","2","0",,"18571.4285714286"
"2698066685","Centro","UNIT","apartamento","4390000","280",,"5","4",,,"15678.5714285714"
"2689269215","Andorinha","UNIT","apartamento","970000","93",,"3","2","1000","500","10430.1075268817"
"2759267435","Meia Praia","UNIT","apartamento","967681","70",,"3","1","2000","500","13824.0142857143"
"2760157920","Meia Praia","UNIT","apartamento","1750000","122",,"4","2","1285","650","14344.262295082"
"2746689708","Morretes","UNIT","apartamento","806400","64",,"2","1",,"0","12600"
"2723210020","Morretes","UNIT","apartamento","990000","69",,"2","1",,,"14347.8260869565"
"2764632850","Centro","UNIT","apartamento","4187922","150",,"2","3","0","0","27919.48"
"2761579817","Meia Praia","UNIT","apartamento","4490000","300",,"6","3",,,"14966.6666666667"
"2627350608","Centro","UNIT","apartamento","1890000","149",,"4","2",,,"12684.5637583893"
"2761365742","Meia Praia","UNIT","apartamento","2800000","142",,"1","2",,,"19718.3098591549"
"2764348215","Morretes","UNIT","apartamento","950000","70",,"3","1","1","1","13571.4285714286"
"2714721213","Meia Praia","UNIT","apartamento","3690000","200",,"4","3","0","0","18450"
"2766973231","Meia Praia","UNIT","apartamento","1649040","130",,"2","1","1300","650","12684.9230769231"
"2567541742","Meia Praia","UNIT","apartamento","1450000","123",,"2","1","0","0","11788.6178861789"
"2754662205","Meia Praia","UNIT","apartamento","2799640","174",,"5","2","1900","1080","16089.8850574713"
"2764633350","Jardim Praia Mar","UNIT","apartamento","839000","64",,"2","1","0","0","13109.375"
"2769470402","Morretes","UNIT","apartamento","989070","70",,"3","1","950","450","14129.5714285714"
"2667471612","Castelo Branco","UNIT","apartamento","1840000","103",,"2","2","1","1","17864.0776699029"
"2637240383","Meia Praia","UNIT","apartamento","2990000","136",,"4","3","0","0","21985.2941176471"
"2769278631","Castelo Branco","UNIT","apartamento","1298710","95",,"4","2","2087","1","13670.6315789474"
"2721665462","Andorinha","UNIT","apartamento","1950000","131",,"4","2","2509","756","14885.4961832061"
"2759672542","Centro","UNIT","apartamento","1950000","115",,"4","2","3000","1200","16956.5217391304"
"2747229372","Andorinha","UNIT","apartamento","2190000","127",,"1","2","0","0","17244.094488189"
"2737898420","Meia Praia","UNIT","apartamento","3465000","157",,"4","2","0","0","22070.0636942675"
"2700312200","Morretes","UNIT","apartamento","850000","70",,"1","1","80","1000","12142.8571428571"
"2764220422","Morretes","UNIT","apartamento","1150000","69",,"2","1",,,"16666.6666666667"
"2738746166","Andorinha","UNIT","apartamento","1700000","149",,"3","2","0","500","11409.3959731544"
"2755165208","Andorinha","UNIT","apartamento","1650000","136",,"3","2","1000","800","12132.3529411765"
"2676669883","Centro","UNIT","apartamento","4132000","236",,"5","3","0","0","17508.4745762712"
"2609063081","Jardim Praia Mar","UNIT","apartamento","880000","64",,"2","1","0","290","13750"
"2747342576","Meia Praia","UNIT","apartamento","2200000","128",,"3","3",,"0","17187.5"
"2662711563","Morretes","UNIT","apartamento","850000","69",,"2","1",,,"12318.8405797101"
"2764634717","Castelo Branco","UNIT","apartamento","9122021","271",,"5","3","5000","1970","33660.594095941"
"2690690873","Meia Praia","UNIT","apartamento","4380000","315",,"5","3","5181","1314","13904.7619047619"
"2732326113","Morretes","UNIT","apartamento","1090000","68",,"2","1","0","300","16029.4117647059"
"2764941337","Centro","UNIT","apartamento","2317950","138",,"4","3","0","0","16796.7391304348"
"2747829502","Meia Praia","UNIT","apartamento","5000000","195",,"5","2",,"800","25641.0256410256"
"2754514551","Andorinha","UNIT","apartamento","1790000","131",,"2","2","0","0","13664.1221374046"
"2736452414","Meia Praia","UNIT","apartamento","990000","92",,"2","1","150","499","10760.8695652174"
"2723211044","Centro","UNIT","apartamento","2800000","137",,"3","3","2300","514","20437.9562043796"
"2757082514","Meia Praia","UNIT","apartamento","1700000","120",,"4","2","1400","590","14166.6666666667"
"2761579621","Meia Praia","UNIT","apartamento","3600000","131",,"4","3",,,"27480.9160305344"
"2738894937","Meia Praia","UNIT","apartamento","2300000","184",,"3","3","2900","800","12500"
"2764632030","Centro","UNIT","apartamento","2598800","172",,"5","3","0","0","15109.3023255814"
"2767581646","Meia Praia","UNIT","apartamento","1828698","116",,"3","2","200","800","15764.6379310345"
"2743991170","Meia Praia","UNIT","apartamento","4259000","166",,"4","3",,,"25656.6265060241"
"2761579416","Meia Praia","UNIT","apartamento","5831000","262",,"5","3",,,"22255.7251908397"
"2723211655","Meia Praia","UNIT","apartamento","1875000","105",,"3","2",,,"17857.1428571429"
"2764633833","Meia Praia","UNIT","apartamento","3500000","210",,"5","2","5000","1600","16666.6666666667"
"2712353505","Andorinha","UNIT","apartamento","2100000","135",,"3","2","0","0","15555.5555555556"
"2747712947","Meia Praia","UNIT","apartamento","1890000","135",,"4","2",,"0","14000"
"2769149922","Meia Praia","UNIT","apartamento","3200000","222",,"5","4",,,"14414.4144144144"
"2714720313","Andorinha","UNIT","apartamento","2750000","162",,"4","3","0","0","16975.3086419753"
"2721911026","Meia Praia","UNIT","apartamento","2350000","135",,"5","3","1200","951","17407.4074074074"
"2757660226","Meia Praia","UNIT","apartamento","2600000","145",,"3","2",,"800","17931.0344827586"
"2700889296","Meia Praia","UNIT","apartamento","2400000","172",,"4","2",,"800","13953.488372093"
"2704933608","Meia Praia","UNIT","apartamento","9480000","214",,"4","3",,"1300","44299.0654205607"
"2747098294","Morretes","UNIT","apartamento","900000","64",,"2","1",,"0","14062.5"
"2751958616","Meia Praia","UNIT","apartamento","1500000","128",,"4","2","0","650","11718.75"
"2746578489","Morretes","UNIT","apartamento","956380","70",,"3","0","0","0","13662.5714285714"
"2764631488","Meia Praia","UNIT","apartamento","1914000","122",,"3","2","0","0","15688.5245901639"
"2769536335","Meia Praia","UNIT","apartamento","7000000","168",,"4","1",,"1700","41666.6666666667"
"2760224217","Meia Praia","UNIT","apartamento","1750000","122",,"4","2","1285","650","14344.262295082"
"2764861421","Centro","UNIT","apartamento","1750000","105",,"3","2","0","0","16666.6666666667"
"2738892527","Morretes","UNIT","apartamento","1000000","70",,"2","1",,,"14285.7142857143"
"2569451167","Meia Praia","UNIT","apartamento","2700000","226",,"5","3",,,"11946.9026548673"
"2560060055","Meia Praia","UNIT","apartamento","2208355","151",,"4","3",,,"14624.8675496689"
"2769178807","Morretes","UNIT","apartamento","894270","63",,"2","1","950","450","14194.7619047619"
"2742890391","Meia Praia","UNIT","apartamento","1700000","179",,"4","1",,"0","9497.20670391062"
"2721918758","Morretes","UNIT","apartamento","1050000","66",,"2","2","900","250","15909.0909090909"
"2725723542","Morretes","UNIT","apartamento","898000","67",,"3","1",,,"13402.9850746269"
"2764631671","Centro","UNIT","apartamento","3598000","208",,"5","3","0","0","17298.0769230769"
"2758662032","Centro","UNIT","apartamento","1930000","133",,"4","3","0","0","14511.2781954887"
"2692635860","Meia Praia","UNIT","apartamento","1800000","140",,"3","2",,"450","12857.1428571429"
"2599483256","Meia Praia","UNIT","apartamento","3270000","159",,"4","3",,,"20566.0377358491"
"2754733222","Andorinha","UNIT","apartamento","1650000","135",,"3","2","1000","800","12222.2222222222"
"2599798080","Meia Praia","UNIT","apartamento","968000","105",,"2","1","0",,"9219.04761904762"
"2767583787","Meia Praia","UNIT","apartamento","1500000","155",,"3","3","100","0","9677.41935483871"
"2738894939","Meia Praia","UNIT","apartamento","1550000","123",,"2","4",,"700","12601.6260162602"
"2744697203","Jardim Praia Mar","UNIT","apartamento","830000","70",,"2","1","0","0","11857.1428571429"
"2752779906","Meia Praia","UNIT","apartamento","3200000","193",,"5","3",,"700","16580.310880829"
"2765345914","Meia Praia","UNIT","apartamento","6500000","180",,"5","3","0","0","36111.1111111111"
"2745035797","Castelo Branco","UNIT","apartamento","950000","106",,"3","2","0","0","8962.2641509434"
"2684230805","Morretes","UNIT","apartamento","810000","64",,"2","1","0",,"12656.25"
"2747918627","Meia Praia","UNIT","apartamento","5000000","250",,"4","4","0",,"20000"
"2618439315","Andorinha","UNIT","apartamento","2599000","130",,"3","2",,,"19992.3076923077"
"2768968867","Casa Branca","UNIT","casa","3489650","272",,"5","4","1","1","12829.5955882353"
"2738890446","Centro","UNIT","apartamento","2500000","123",,"4","2",,,"20325.2032520325"
"2757201518","Centro","UNIT","apartamento","1853000","129",,"4","2",,"0","14364.3410852713"
"2767583191","Morretes","UNIT","apartamento","1081900","69",,"2","1","100",,"15679.7101449275"
"2646971499","Canto da Praia","UNIT","apartamento","1800000","100",,"1","2",,,"18000"
"2767583185","Meia Praia","UNIT","apartamento","5007000","146",,"5","3","100",,"34294.5205479452"
"2740141447","Morretes","UNIT","apartamento","750000","65",,"2","1","900","430","11538.4615384615"
"2754747603","Centro","UNIT","apartamento","1918000","130",,"4","2",,"0","14753.8461538462"
"2764631047","Meia Praia","UNIT","apartamento","3000000","195",,"5","3","3600","1100","15384.6153846154"
"2733863216","Meia Praia","UNIT","apartamento","1990000","121",,"3","2","0",,"16446.2809917355"
"2763649141","Meia Praia","UNIT","apartamento","2790000","153",,"4","2",,"770","18235.2941176471"
"2723211653","Meia Praia","UNIT","apartamento","2390000","170",,"2","2",,,"14058.8235294118"
"2660761864","Andorinha","UNIT","apartamento","1700000","123",,"3","3",,,"13821.1382113821"
"2754748298","Castelo Branco","UNIT","apartamento","1884743","132",,"4","2",,"0","14278.3560606061"
"2760220033","Morretes","UNIT","apartamento","5322240","199",,"5","3","2400","1500","26744.9246231156"
"2760094098","Meia Praia","UNIT","apartamento","1750000","122",,"4","2","1285","650","14344.262295082"
"2764895213","Centro","UNIT","apartamento","3780000","225",,"5","3","0","0","16800"
"2763090331","Centro","UNIT","apartamento","3590000","203",,"5","3",,,"17684.7290640394"
"2740780014","Morretes","UNIT","apartamento","874295","67",,"2","1","1","1","13049.1791044776"
"2690844456","Meia Praia","UNIT","apartamento","1450000","110",,"2","1",,,"13181.8181818182"
"2699373974","Morretes","UNIT","apartamento","2825000","157",,"5","2","800","800","17993.6305732484"
"2735053815","Meia Praia","UNIT","apartamento","2398000","135",,"5","3","0","0","17762.962962963"
"2740314733","Meia Praia","UNIT","apartamento","2990000","166",,"4","3","3600","670","18012.0481927711"
"2769181024","Meia Praia","UNIT","apartamento","1449040","118",,"4","2","1600","450","12280"
"2757201317","Meia Praia","UNIT","apartamento","2259780","150",,"1","2",,"0","15065.2"
"2769186946","Castelo Branco","UNIT","apartamento","1649240","103",,"2","2","2805","1","16012.0388349515"
"2754764805","Meia Praia","UNIT","apartamento","2200000","130",,"4","2","1","1","16923.0769230769"
"2758636416","Meia Praia","UNIT","apartamento","3090000","172",,"5","3","3000","1000","17965.1162790698"
"2744013569","Meia Praia","UNIT","apartamento","3760000","179",,"3","3",,,"21005.5865921788"
"2741152377","Tabuleiro dos Oliveiras","UNIT","apartamento","848000","70",,"2","1","800","337","12114.2857142857"
"2755928615","Andorinha","UNIT","apartamento","2311845","118",,"3","3",,"710","19591.906779661"
"2754170499","Meia Praia","UNIT","apartamento","2350000","136",,"5","3","1200","951","17279.4117647059"
"2702303203","Morretes","UNIT","apartamento","865278","64",,"2","1",,,"13519.96875"
"2698756900","Morretes","UNIT","apartamento","705243","63",,"2","1",,,"11194.3333333333"
"2636791013","Meia Praia","UNIT","apartamento","1650000","110",,"4","2","1800","500","15000"
"2767581276","Castelo Branco","UNIT","apartamento","1750000","117",,"3","3","100","100","14957.264957265"
"2769854614","Meia Praia","UNIT","apartamento","2199540","161",,"5","3","1900","800","13661.7391304348"
"2747203894","Meia Praia","UNIT","apartamento","1640157","113",,"3","2","0","0","14514.6637168142"
"2748822116","Centro","UNIT","apartamento","2698800","164",,"5","3","250","250","16456.0975609756"
"2704940062","Meia Praia","UNIT","apartamento","1050000","70",,"2","1",,"350","15000"
"2717034450","Meia Praia","UNIT","apartamento","3807000","150",,"4","3","3292","1645","25380"
"2646474665","Andorinha","UNIT","apartamento","1400000","115",,"2","1",,,"12173.9130434783"
"2767580969","Centro","UNIT","apartamento","1800000","149",,"3","3","1000","780","12080.5369127517"
"2529775381","Meia Praia","UNIT","apartamento","2898000","135",,"4","2","0",,"21466.6666666667"
"2752688540","Castelo Branco","UNIT","apartamento","1980000","192",,"5","3","1400","850","10312.5"
"2753757402","Centro","UNIT","apartamento","1150000","88",,"2","2","950","575","13068.1818181818"
"2764631247","Centro","UNIT","apartamento","3490000","206",,"5","3","0","0","16941.7475728155"
"2761226932","Morretes","UNIT","apartamento","1100000","70",,"2","1","2500","1000","15714.2857142857"
"2744015184","Meia Praia","UNIT","apartamento","4200000","157",,"3","3",,,"26751.5923566879"
"2741555367","Meia Praia","UNIT","apartamento","2300000","179",,"4","1",,"700","12849.1620111732"
"2763413115","Andorinha","UNIT","apartamento","1799000","114",,"1","2",,,"15780.701754386"
"2569455971","Andorinha","UNIT","apartamento","1840000","187",,"5","3",,,"9839.57219251337"
"2764632186","Meia Praia","UNIT","apartamento","7888000","166",,"5","3","0","0","47518.0722891566"
"2695522175","Meia Praia","UNIT","apartamento","999000","67",,"2","2","650","400","14910.447761194"
"2732807726","Castelo Branco","UNIT","apartamento","2178000","192",,"5","3",,,"11343.75"
"2766853315","Morretes","UNIT","apartamento","654800","65",,"2","1","0","0","10073.8461538462"
"2760270116","Centro","UNIT","apartamento","2500000","127",,"3","2",,"600","19685.0393700787"
"2744757839","Meia Praia","UNIT","apartamento","848000","77",,"1","1","600","650","11012.987012987"
"2730654135","Morretes","UNIT","apartamento","844000","67",,"1","1",,,"12597.0149253731"
"2715095404","Tabuleiro dos Oliveiras","UNIT","apartamento","820000","70",,"2","1","1000","400","11714.2857142857"
"2737868218","Meia Praia","UNIT","apartamento","1684000","105",,"4","2","1306","585","16038.0952380952"
"2762709218","Meia Praia","UNIT","apartamento","3690000","190",,"4","3","1","1","19421.0526315789"
"2729768922","Meia Praia","UNIT","apartamento","4600000","225",,"4","2",,"1200","20444.4444444444"
"2748823097","Meia Praia","UNIT","apartamento","1311000","122",,"3","2","250","250","10745.9016393443"
"2631787851","Morretes","UNIT","casa","600000","106",,"2","1","0","0","5660.37735849057"
"2767582001","Andorinha","UNIT","apartamento","1842000","140",,"4","2","150",,"13157.1428571429"
"2769188591","Andorinha","UNIT","apartamento","1449200","120",,"4","2","2346","1","12076.6666666667"
"2703469622","Morretes","UNIT","apartamento","847256","66",,"2","1",,,"12837.2121212121"
"2761506952","Morretes","UNIT","apartamento","890000","60",,"2","1",,"400","14833.3333333333"
"2720733142","Meia Praia","UNIT","apartamento","2090000","120",,"4","4","1000","650","17416.6666666667"
"2752629540","Castelo Branco","UNIT","apartamento","1600000","105",,"4","2","1","750","15238.0952380952"
"2646968115","Castelo Branco","UNIT","apartamento","1250000","121",,"1","2","470","503","10330.5785123967"
"2760714542","Centro","UNIT","apartamento","3860000","150",,"1","3","3200","1620","25733.3333333333"
"2765029626","Meia Praia","UNIT","apartamento","5900000","223",,"4","3","0","750","26457.399103139"
"2723209921","Meia Praia","UNIT","apartamento","1913000","122",,"2","2",,,"15680.3278688525"
"2739577120","Centro","UNIT","apartamento","1832787","127",,"3","2","1","1","14431.3937007874"
"2560060266","Meia Praia","UNIT","apartamento","2390000","137",,"4","3",,,"17445.2554744526"
"2769187359","Andorinha","UNIT","apartamento","1349270","115",,"4","2","2295","1","11732.7826086957"
"2769498829","Meia Praia","UNIT","apartamento","9710000","180",,"5","4",,"2105","53944.4444444444"
"2718028954","Centro","UNIT","apartamento","1950000","145",,"4","2","1700","540","13448.275862069"
"2752690703","Morretes","UNIT","apartamento","6750000","182",,"5","3","1500","1000","37087.9120879121"
"2609062396","Morretes","UNIT","apartamento","940000","69",,"2","1","0","0","13623.1884057971"
"2764634114","Meia Praia","UNIT","apartamento","2800000","142",,"4","2","0","0","19718.3098591549"
"2716787230","Meia Praia","UNIT","apartamento","7628000","261",,"6","3",,,"29226.0536398467"
"2764632203","Meia Praia","UNIT","apartamento","5500000","225",,"5","3","4500","1220","24444.4444444444"
"2764860137","Andorinha","UNIT","apartamento","2495647","160",,"4","3","0","0","15597.79375"
"2754738481","Andorinha","UNIT","apartamento","1700000","150",,"3","2","0","500","11333.3333333333"
"2764978837","Andorinha","UNIT","apartamento","1890000","126",,"4","2","2300","550","15000"
"2760284802","Morretes","UNIT","apartamento","850000","68",,"2","1","1000","350","12500"
"2727450070","Andorinha","UNIT","apartamento","800000","78",,"2","1","150","500","10256.4102564103"
"2764955520","Centro","UNIT","apartamento","1999999","125",,"4","2","0","0","15999.992"
"2723361454","Centro","UNIT","apartamento","1980000","115",,"3","2",,,"17217.3913043478"
"2764631563","Meia Praia","UNIT","apartamento","1700000","117",,"4","2","0","710","14529.9145299145"
"2763514324","Meia Praia","UNIT","apartamento","6500000","180",,"5","3","1","1","36111.1111111111"
"2769181939","Meia Praia","UNIT","apartamento","1989150","327",,"4","2","3800","900","6083.02752293578"
"2758658021","Meia Praia","UNIT","apartamento","3090000","172",,"5","3","3000","1000","17965.1162790698"
"2766854215","Meia Praia","UNIT","apartamento","4199800","300",,"6","3","4600","1200","13999.3333333333"
"2665874032","Centro","UNIT","apartamento","1900000","130",,"4","2","1200","480","14615.3846153846"
"2698543475","Centro","UNIT","apartamento","1690000","135",,"4","3","1690","0","12518.5185185185"
"2692570989","Jardim Praia Mar","UNIT","apartamento","729981","69",,"1","1",,"0","10579.4347826087"
"2765499040","Centro","UNIT","apartamento","1900000","152",,"4","3","0",,"12500"
"2764632846","Meia Praia","UNIT","apartamento","4535630","213",,"5","3","1","2000","21294.0375586854"
"2646971667","Meia Praia","UNIT","apartamento","1890000","130",,"2","1","1300","551","14538.4615384615"
"2743412262","Meia Praia","UNIT","apartamento","1780000","153",,"4","2",,"0","11633.9869281046"
"2609061200","Meia Praia","UNIT","apartamento","7800000","181",,"5","3","4353","1150","43093.9226519337"
"2769839598","Andorinha","UNIT","apartamento","2198570","160",,"4","3","1800","850","13741.0625"
"2746689796","Jardim Praia Mar","UNIT","apartamento","749000","63",,"1","1",,"0","11888.8888888889"
"2766855218","Morretes","UNIT","apartamento","651800","63",,"3","1","0","0","10346.0317460317"
"2743315670","Meia Praia","UNIT","apartamento","1650000","107",,"4","2","1238","668","15420.5607476636"
"2760097330","Meia Praia","UNIT","apartamento","7810000","196",,"5","3","3000","1200","39846.9387755102"
"2672204316","Meia Praia","UNIT","apartamento","2000000","117",,"3","2","1700","0","17094.0170940171"
"2723482233","Andorinha","UNIT","apartamento","2758700","180",,"5","4","4000","1395","15326.1111111111"
"2713798431","Meia Praia","UNIT","apartamento","1600000","247",,"4","2","0",,"6477.73279352227"
"2748326894","Meia Praia","UNIT","apartamento","3500000","189",,"4","3",,"740","18518.5185185185"
"2661820011","Meia Praia","UNIT","apartamento","2000000","115",,"2","2","1700","0","17391.3043478261"
"2728008566","Morretes","UNIT","apartamento","849000","65",,"2","1","500","350","13061.5384615385"
"2721503543","Morretes","UNIT","apartamento","930000","63",,"2","1",,,"14761.9047619048"
"2764632562","Meia Praia","UNIT","apartamento","2350000","135",,"3","3","0","0","17407.4074074074"
"2763649651","Tabuleiro dos Oliveiras","UNIT","apartamento","899990","70",,"1","1",,"418","12857"
"2723211043","Castelo Branco","UNIT","apartamento","850000","76",,"2","1",,,"11184.2105263158"
"2764635240","Meia Praia","UNIT","apartamento","3100000","270",,"5","4","0","0","11481.4814814815"
"2744015183","Morretes","UNIT","apartamento","999000","70",,"1","1",,"415","14271.4285714286"
"2764634150","Andorinha","UNIT","apartamento","2800000","213",,"5","3","0","0","13145.5399061033"
"2560637267","Morretes","UNIT","apartamento","806000","70",,"2","1","1000","350","11514.2857142857"
"2650438262","Morretes","UNIT","apartamento","843436","63",,"1","1","0",,"13387.873015873"
"2721614139","Centro","UNIT","apartamento","1950500","141",,"4","2","1800","700","13833.3333333333"
"2767583069","Morretes","UNIT","apartamento","844356","69",,"2","1","100",,"12237.0434782609"
"2769185853","Castelo Branco","UNIT","apartamento","1199160","101",,"4","2","2040","1","11872.8712871287"
"2761579326","Centro","UNIT","apartamento","2953058","125",,"1","2",,,"23624.464"
"2750334030","Andorinha","UNIT","apartamento","5000000","208",,"4","3",,,"24038.4615384615"
"2764632756","Meia Praia","UNIT","apartamento","9980000","306",,"6","4","7000","1400","32614.3790849673"
"2751580433","Meia Praia","UNIT","apartamento","1600000","124",,"3","2",,"500","12903.2258064516"
"2748437413","Andorinha","UNIT","apartamento","1842000","137",,"4","2",,"0","13445.2554744526"
"2764632879","Meia Praia","UNIT","apartamento","1890000","123",,"4","2","0","0","15365.8536585366"
"2748822999","Meia Praia","UNIT","apartamento","1655000","105",,"3","2",,,"15761.9047619048"
"2743475268","Morretes","UNIT","apartamento","810200","62",,"3","1","0","0","13067.7419354839"
"2761579518","Morretes","UNIT","apartamento","932400","70",,"2","1",,,"13320"
"2671253018","Centro","UNIT","apartamento","4900000","138",,"4","3","1680","1200","35507.2463768116"
"2743409621","Meia Praia","UNIT","apartamento","1885000","158",,"3","2",,"660","11930.3797468354"
"2746689709","Morretes","UNIT","apartamento","816900","70",,"2","1",,"0","11670"
"2764220617","Andorinha","UNIT","apartamento","2100000","126",,"4","3",,"627","16666.6666666667"
"2763409931","Meia Praia","UNIT","apartamento","1990000","135",,"4","2",,,"14740.7407407407"
"2760155925","Morretes","UNIT","apartamento","5322240","199",,"5","3","2400","1500","26744.9246231156"
"2764949568","Meia Praia","UNIT","apartamento","1990000","133",,"4","2","0","0","14962.4060150376"
"2758126721","Centro","UNIT","apartamento","4066400","234",,"5","3","12","12","17377.7777777778"
"2764895215","Centro","UNIT","apartamento","3730000","220",,"5","3","0","0","16954.5454545455"
"2722180333","Morretes","UNIT","apartamento","965000","70",,"3","1",,,"13785.7142857143"
"2769186453","Alto S?o Bento","UNIT","comercial","348640","40",,"0","1","508","1","8716"
"2764634722","Castelo Branco","UNIT","apartamento","11990000","270",,"5","3","7000","3500","44407.4074074074"
"2736168413","Centro","UNIT","apartamento","6985000","269",,"7","3",,,"25966.5427509294"
"2765063643","Meia Praia","UNIT","apartamento","1990000","138",,"1","2","200","816","14420.2898550725"
"2719470249","Meia Praia","UNIT","apartamento","999998","120",,"2","1","0",,"8333.31666666667"
"2763648030","Morretes","UNIT","apartamento","890000","70",,"2","1","8400","420","12714.2857142857"
"2763570066","Meia Praia","UNIT","apartamento","3742500","197",,"5","3","2500","600","18997.461928934"
"2757201120","Morretes","UNIT","apartamento","750000","40",,"1","1",,"0","18750"
"2767255918","Morretes","UNIT","apartamento","690000","58",,"1","1","400","340","11896.5517241379"
"2734803308","Centro","UNIT","apartamento","1990000","130",,"4","2","1200","500","15307.6923076923"
"2704243322","Meia Praia","UNIT","apartamento","1950000","185",,"3","2","0","0","10540.5405405405"
"2739750728","Centro","UNIT","apartamento","4990000","280",,"3","5",,,"17821.4285714286"
"2764634215","Centro","UNIT","apartamento","4452371","150",,"5","3","0","0","29682.4733333333"
"2683019096","Andorinha","UNIT","apartamento","4239452","259",,"5","3","0",,"16368.5405405405"
"2763410128","Meia Praia","UNIT","apartamento","2830000","160",,"5","3",,,"17687.5"
"2767583622","Morretes","UNIT","apartamento","889450","61",,"1","1","100",,"14581.1475409836"
"2661674799","Morretes","UNIT","apartamento","919000","68",,"3","1","0",,"13514.7058823529"
"2759671857","Meia Praia","UNIT","apartamento","1990000","130",,"4","2","1200","650","15307.6923076923"
"2747097911","Meia Praia","UNIT","apartamento","1840000","146",,"5","3",,"0","12602.7397260274"
"2754281487","Meia Praia","UNIT","apartamento","969000","67",,"2","2","1000","418","14462.6865671642"
"2759404915","Meia Praia","UNIT","apartamento","1250000","109",,"2","2","1400","850","11467.8899082569"
"2677258395","Jardim Praia Mar","UNIT","apartamento","829500","64",,"2","1",,"3","12960.9375"
"2768234826","Centro","UNIT","apartamento","4950000","142",,"3","3",,,"34859.1549295775"
"2626748171","Meia Praia","UNIT","apartamento","2600000","156",,"5","3","2000","1400","16666.6666666667"
"2764632868","Centro","UNIT","apartamento","3198800","208",,"5","3","0","0","15378.8461538462"
"2764632633","Andorinha","UNIT","apartamento","2500000","185",,"5","3","0","0","13513.5135135135"
"2754724303","Meia Praia","UNIT","apartamento","2610200","109",,"4","2","0",,"23946.7889908257"
"2756183632","Meia Praia","UNIT","apartamento","3300000","135",,"3","2",,,"24444.4444444444"
"2692636061","Centro","UNIT","apartamento","2500000","220",,"3","2","2000","600","11363.6363636364"
"2700334576","Centro","UNIT","apartamento","1800000","130",,"2","2","3200","700","13846.1538461538"
"2764634761","Meia Praia","UNIT","apartamento","1900000","131",,"4","2","0","0","14503.8167938931"
"2767582651","Meia Praia","UNIT","apartamento","4355000","222",,"4","3","1000","1471","19617.1171171171"
"2646971360","Morretes","UNIT","apartamento","830000","70",,"2","1",,,"11857.1428571429"
"2762835217","Morretes","UNIT","apartamento","799900","68",,"2","1","1000","350","11763.2352941176"
"2729769120","Meia Praia","UNIT","apartamento","1960000","122",,"3","2","253","531","16065.5737704918"
"2767581602","Meia Praia","UNIT","apartamento","2495000","146",,"4","3","100",,"17089.0410958904"
"2748326602","Meia Praia","UNIT","apartamento","3200000","189",,"4","3",,"740","16931.2169312169"
"2714719140","Meia Praia","UNIT","apartamento","1600000","195",,"3","2","1350","605","8205.12820512821"
"2765608318","Castelo Branco","UNIT","apartamento","2989570","132",,"4","3","2200","900","22648.2575757576"
"2764634222","Meia Praia","UNIT","apartamento","3196138","151",,"4","3","1","1","21166.4768211921"
"2760209131","Andorinha","UNIT","apartamento","1750000","128",,"4","2","2000","600","13671.875"
"2755332791","Morretes","UNIT","apartamento","848000","65",,"2","1","700","340","13046.1538461538"
"2743411591","Castelo Branco","UNIT","apartamento","2100000","128",,"4","3",,"800","16406.25"
"2725681140","Meia Praia","UNIT","apartamento","2100000","210",,"5","2","2010","1100","10000"
"2768968862","Castelo Branco","UNIT","apartamento","1749790","122",,"4","2","1285","650","14342.5409836066"
"2752690429","Meia Praia","UNIT","apartamento","4990000","210",,"5","3","1200","900","23761.9047619048"
"2764630849","Meia Praia","UNIT","apartamento","8200000","189",,"5","4","0","0","43386.2433862434"
"2741204373","Centro","UNIT","apartamento","1833150","118",,"4","2","0","0","15535.1694915254"
"2767583626","Meia Praia","UNIT","apartamento","2775714","169",,"4","4","100","300","16424.3431952663"
"2764634535","Meia Praia","UNIT","apartamento","3650000","189",,"5","4","0","0","19312.1693121693"
"2759605153","Meia Praia","UNIT","apartamento","1990000","130",,"4","2","1200","650","15307.6923076923"
"2722632584","Meia Praia","UNIT","apartamento","2300000","118",,"1","2",,,"19491.5254237288"
"2694771595","Meia Praia","UNIT","apartamento","1900000","118",,"4","2","0","0","16101.6949152542"
"2658748181","Centro","UNIT","apartamento","3700000","130",,"4","2","0","0","28461.5384615385"
"2624755346","Centro","UNIT","apartamento","7100000","350",,"6","2","1050","2500","20285.7142857143"
"2764220614","Morretes","UNIT","apartamento","999000","70",,"2","1",,,"14271.4285714286"
"2760222329","Meia Praia","UNIT","apartamento","1850000","129",,"4","3","2500","1000","14341.0852713178"
"2743388379","Morretes","UNIT","apartamento","820000","64",,"3","1","0","0","12812.5"
"2754150496","Centro","UNIT","apartamento","2698800","184",,"4","3",,,"14667.3913043478"
"2750140690","Meia Praia","UNIT","apartamento","2699000","123",,"1","0","1000","650","21943.0894308943"
"2763648323","Tabuleiro dos Oliveiras","UNIT","apartamento","830000","66",,"2","1",,"0","12575.7575757576"
"2767586921","Centro","UNIT","apartamento","3100000","139",,"3","2","0","0","22302.1582733813"
"2745759310","Meia Praia","UNIT","apartamento","3600000","270",,"5","2","2000","800","13333.3333333333"
"2661820378","Morretes","UNIT","apartamento","930000","66",,"1","1","740","370","14090.9090909091"
"2758865318","Meia Praia","UNIT","apartamento","1200000","84",,"3","2","1200","700","14285.7142857143"
"2582262193","Meia Praia","UNIT","apartamento","1390000","140",,"4","1",,,"9928.57142857143"
"2764631686","Meia Praia","UNIT","apartamento","5998000","190",,"5","2","0","0","31568.4210526316"
"2569301710","Morretes","UNIT","apartamento","5200000","236",,"5","3","5089","3021","22033.8983050847"
"2761790131","Meia Praia","UNIT","apartamento","3500000","155",,"5","3","1500","547","22580.6451612903"
"2747828725","Meia Praia","UNIT","apartamento","1250000","121",,"2","2","5400","700","10330.5785123967"
"2764632937","Meia Praia","UNIT","apartamento","2538800","127",,"3","2","0","0","19990.5511811024"
"2511795593","Centro","UNIT","apartamento","1900000","140",,"4","3","0",,"13571.4285714286"
"2764977039","Meia Praia","UNIT","apartamento","3800000","180",,"5","3","3500","1100","21111.1111111111"
"2740008122","Meia Praia","UNIT","apartamento","2200000","127",,"4","2",,"0","17322.8346456693"
"2749249718","Morretes","UNIT","apartamento","833795","67",,"2","1","800","470","12444.7014925373"
"2744013572","Meia Praia","UNIT","apartamento","1900000","165",,"1","3",,"800","11515.1515151515"
"2764631846","Castelo Branco","UNIT","apartamento","1650000","110",,"4","2","3200","890","15000"
"2769753509","Castelo Branco","UNIT","apartamento","1449650","118",,"4","2","2465","1","12285.1694915254"
"2763098089","Morretes","UNIT","apartamento","899000","69",,"3","1","0","0","13028.9855072464"
"2757611414","Centro","UNIT","apartamento","2799000","238",,"1","3","2200","0","11760.5042016807"
"2765020527","Centro","UNIT","apartamento","2398800","180",,"5","3","1","1","13326.6666666667"
"2744015761","Meia Praia","UNIT","apartamento","1650000","85",,"2","2",,,"19411.7647058824"
"2562263246","Castelo Branco","UNIT","apartamento","1605469","165",,"3","2",,,"9730.11515151515"
"2738791476","Meia Praia","UNIT","apartamento","2850000","118",,"1","3","2705","715","24152.5423728814"
"2738894940","Andorinha","UNIT","apartamento","1500000","135",,"2","1",,,"11111.1111111111"
"2764632406","Centro","UNIT","apartamento","3100000","206",,"5","3","0","0","15048.5436893204"
"2729444121","Morretes","UNIT","apartamento","710000","68",,"2","1","0","0","10441.1764705882"
"2758297082","Meia Praia","UNIT","apartamento","1950000","123",,"4","3","28800","850","15853.6585365854"
"2558703374","<vazio>","UNIT","apartamento","1600000","190",,"4","2",,,"8421.05263157895"
"2751942093","Meia Praia","UNIT","apartamento","3500000","207",,"5","4","4500","1650","16908.2125603865"
"2763648649","Meia Praia","UNIT","apartamento","3000000","195",,"5","3","43200","1100","15384.6153846154"
"2769150315","Morretes","UNIT","apartamento","1184043","68",,"1","1",,,"17412.3970588235"
"2730204932","<vazio>","UNIT","apartamento","4200000","250",,"3","2","0",,"16800"
"2748028066","<vazio>","UNIT","apartamento","900000","64",,"2","1","0","0","14062.5"
"2662729180","Morretes","UNIT","apartamento","820000","55",,"2","1","0","0","14909.0909090909"
"2687893738","Meia Praia","UNIT","apartamento","6680000","189",,"5","3","3000","2300","35343.9153439153"
"2718901136","Meia Praia","UNIT","apartamento","9800000","179",,"5","3","10000","2105","54748.6033519553"
"2764951004","Centro","UNIT","apartamento","2300000","137",,"4","2","0","0","16788.3211678832"
"2747712949","Meia Praia","UNIT","apartamento","2680000","178",,"4","3",,"0","15056.1797752809"
"2711036855","Meia Praia","UNIT","apartamento","1450000","109",,"4","1","0","0","13302.752293578"
"2759540531","Meia Praia","UNIT","apartamento","1990000","129",,"3","2","3000","1000","15426.3565891473"
"2744015856","Meia Praia","UNIT","apartamento","2500000","150",,"3","3",,,"16666.6666666667"
"2758635423","Meia Praia","UNIT","apartamento","1200000","84",,"3","2","1200","700","14285.7142857143"
"2748045500","Meia Praia","UNIT","apartamento","7885000","307",,"5","3","0","0","25684.0390879479"
"2767582266","Castelo Branco","UNIT","apartamento","1946256","152",,"3","2","100",,"12804.3157894737"
"2761506851","Meia Praia","UNIT","apartamento","3200000","160",,"4","3",,"998","20000"
"2757878336","Meia Praia","UNIT","apartamento","969000","67",,"2","2","1000","418","14462.6865671642"
"2720902957","Meia Praia","UNIT","apartamento","9995000","180",,"5","3","3000","2100","55527.7777777778"
"2764633179","Meia Praia","UNIT","apartamento","2600000","160",,"4","3","0","0","16250"
"2744015661","Meia Praia","UNIT","apartamento","2781463","160",,"4","3",,,"17384.14375"
"2756093637","Tabuleiro dos Oliveiras","UNIT","apartamento","885000","70",,"2","1",,"350","12642.8571428571"
"2765162517","Meia Praia","UNIT","apartamento","2200000","125",,"3","2","1","1","17600"
"2751118710","Meia Praia","UNIT","apartamento","7210000","166",,"4","0","3670","2105","43433.734939759"
"2545204079","Meia Praia","UNIT","apartamento","1588350","132",,"2","2",,,"12032.9545454545"
"2562956559","Meia Praia","UNIT","apartamento","3100000","156",,"5","3","0","0","19871.7948717949"
"2757309215","Meia Praia","UNIT","apartamento","7494070","305",,"6","3","8000","1300","24570.7213114754"
"2667614798","Morretes","UNIT","apartamento","1040000","69",,"3","2","1","1","15072.4637681159"
"2745913629","Meia Praia","UNIT","apartamento","2500000","178",,"5","3","0","550","14044.9438202247"
"2534696526","Morretes","UNIT","apartamento","828478","69",,"3","1","0",,"12006.9275362319"
"2762332116","Tabuleiro dos Oliveiras","UNIT","apartamento","778144","64",,"1","1",,,"12158.5"
"2764633046","Centro","UNIT","apartamento","2998800","201",,"5","3","0","0","14919.4029850746"
"2747392813","Morretes","UNIT","apartamento","849000","64",,"2","1","900","370","13265.625"
"2752619296","Meia Praia","UNIT","apartamento","1200000","136",,"2","1",,,"8823.52941176471"
"2764631243","Centro","UNIT","apartamento","8774000","229",,"5","3","0","0","38314.4104803493"
"2753961895","Andorinha","UNIT","apartamento","1549060","180",,"2","1","2500","650","8605.88888888889"
"2630290451","Meia Praia","UNIT","apartamento","2350000","132",,"3","2",,"0","17803.0303030303"
"2764952277","Meia Praia","UNIT","apartamento","2000000","176",,"5","3","0","1350","11363.6363636364"
"2748551625","Meia Praia","UNIT","apartamento","5000000","200",,"3","2",,,"25000"
"2767582924","Centro","UNIT","comercial","5654482","200",,"4","3",,"0","28272.41"
"2753475796","Meia Praia","UNIT","apartamento","3229000","180",,"4","3","0","0","17938.8888888889"
"2766853429","Meia Praia","UNIT","apartamento","1979800","129",,"4","2","0","680","15347.2868217054"
"2764387152","Morretes","UNIT","apartamento","949000","67",,"3","1","1","1","14164.1791044776"
"2687157521","Centro","UNIT","apartamento","2290000","138",,"5","3",,,"16594.2028985507"
"2586332335","Centro","UNIT","apartamento","2648800","164",,"5","3","0",,"16151.2195121951"
"2765063375","Andorinha","UNIT","apartamento","1375000","118",,"1","1","1300","547","11652.5423728814"
"2747203800","Meia Praia","UNIT","apartamento","2100000","150",,"4","2","0","0","14000"
"2754541815","Centro","UNIT","apartamento","2997300","132",,"3","2","1","600","22706.8181818182"
"2748438402","Centro","UNIT","apartamento","3570000","238",,"6","3",,"0","15000"
"2767583797","Castelo Branco","UNIT","apartamento","1830000","120",,"3","3","100","100","15250"
"2764631739","Meia Praia","UNIT","apartamento","4500000","148",,"4","2","0","0","30405.4054054054"
"2740138502","Canto da Praia","UNIT","apartamento","2143000","119",,"4","3","0","0","18008.4033613445"
"2747828724","Meia Praia","UNIT","apartamento","1650000","122",,"4","2","1900","640","13524.5901639344"
"2747950238","Andorinha","UNIT","apartamento","1700000","118",,"4","2","1000","500","14406.7796610169"
"2764633814","Andorinha","UNIT","apartamento","1750000","114",,"4","2","0","750","15350.8771929825"
"2726426853","Morretes","UNIT","apartamento","850000","75",,"2","1","0","0","11333.3333333333"
"2764631498","Meia Praia","UNIT","apartamento","3100000","160",,"4","3","0","998","19375"
"2747993507","Centro","UNIT","apartamento","2317950","138",,"4","3","0","0","16796.7391304348"
"2748326007","Centro","UNIT","apartamento","6500000","197",,"4","3",,,"32994.923857868"
"2764632637","Meia Praia","UNIT","apartamento","2190000","123",,"4","2","0","750","17804.8780487805"
"2760097337","Centro","UNIT","apartamento","1300000","95",,"2","2","1000","740","13684.2105263158"
"2764632729","Morretes","UNIT","apartamento","1050000","66",,"2","1","0","0","15909.0909090909"
"2737417622","Morretes","UNIT","apartamento","868000","64",,"1","1","820","480","13562.5"
"2764999126","Meia Praia","UNIT","apartamento","2499000","153",,"5","3","0","0","16333.3333333333"
"2693898179","Morretes","UNIT","casa","790002","95",,"3","2","500","0","8315.81052631579"
"2764895218","Meia Praia","UNIT","apartamento","6930000","166",,"5","3","0","0","41746.9879518072"
"2740008316","Meia Praia","UNIT","apartamento","4650000","350",,"5","2","5250","3500","13285.7142857143"
"2641539367","Centro","UNIT","apartamento","2290000","140",,"4","4","2500","720","16357.1428571429"
"2754192293","Castelo Branco","UNIT","apartamento","1890000","135",,"4","2",,,"14000"
"2720616139","Meia Praia","UNIT","apartamento","6680000","189",,"5","3","3000","2300","35343.9153439153"
"2667023593","Meia Praia","UNIT","apartamento","4699000","165",,"4","3","1850","1550","28478.7878787879"
"2737116349","Jardim Praia Mar","UNIT","apartamento","950000","63",,"2","2",,"488","15079.3650793651"
"2769188552","Andorinha","UNIT","apartamento","1798470","146",,"3","4","1800","500","12318.2876712329"
"2761579520","Centro","UNIT","apartamento","6193950","180",,"1","3",,,"34410.8333333333"
"2764894832","Meia Praia","UNIT","apartamento","9530000","180",,"5","3","0","0","52944.4444444444"
"2769843348","Morretes","UNIT","apartamento","849380","70",,"2","1","1200","55","12134"
"2560059612","Centro","UNIT","apartamento","2395800","121",,"4","2",,,"19800"
"2758187517","Meia Praia","UNIT","apartamento","4955265","202",,"5","2","0","0","24531.0148514851"
"2759605148","Meia Praia","UNIT","apartamento","1990000","129",,"3","2","3000","1000","15426.3565891473"
"2744015862","Meia Praia","UNIT","apartamento","1650000","107",,"3","2",,,"15420.5607476636"
"2655801256","Andorinha","UNIT","apartamento","1490000","118",,"3","2",,"350","12627.1186440678"
"2735197418","Meia Praia","UNIT","apartamento","4350000","150",,"4","3","6024","650","29000"
"2767581951","Morretes","UNIT","apartamento","600000","41",,"1","1","100",,"14634.1463414634"
"2767582727","Centro","UNIT","apartamento","1959000","150",,"4","2","100",,"13060"
"2765405634","Castelo Branco","UNIT","apartamento","2550000","175",,"4","4","0","0","14571.4285714286"
"2765062091","Jardim Praia Mar","UNIT","apartamento","839000","64",,"1","1","100","230","13109.375"
"2750762175","Meia Praia","UNIT","apartamento","1914000","122",,"3","2",,,"15688.5245901639"
"2763648953","Centro","UNIT","apartamento","980000","42",,"1","1",,"500","23333.3333333333"
"2764860541","Meia Praia","UNIT","apartamento","1716000","104",,"2","2","0","0","16500"
"2731105136","Meia Praia","UNIT","apartamento","3973000","129",,"4","4",,,"30798.4496124031"
"2769472193","Meia Praia","UNIT","apartamento","1689360","130",,"4","2","2635","1","12995.0769230769"
"2761664639","Andorinha","UNIT","apartamento","1792000","160",,"1","2","0","0","11200"
"2615432322","Andorinha","UNIT","apartamento","1703358","132",,"3","2",,,"12904.2272727273"
"2754168815","Morretes","UNIT","apartamento","3100000","157",,"5","3","2200","1400","19745.2229299363"
"2755586726","Meia Praia","UNIT","apartamento","1250000","196",,"2","1","150","755","6377.55102040816"
"2558703181","<vazio>","UNIT","apartamento","1613026","160",,"4","2",,,"10081.4125"
"2751668351","Centro","UNIT","apartamento","6950000","200",,"4","3",,,"34750"
"2689933921","Meia Praia","UNIT","apartamento","1800000","200",,"3","2","0",,"9000"
"2614866375","Meia Praia","UNIT","apartamento","2100000","145",,"3","2",,,"14482.7586206897"
"2769149523","Meia Praia","UNIT","apartamento","3920206","140",,"4","2",,,"28001.4714285714"
"2706695095","Meia Praia","UNIT","apartamento","2960000","110",,"2","1",,"0","26909.0909090909"
"2769476519","Castelo Branco","UNIT","apartamento","1679750","127",,"4","3","2856","1","13226.3779527559"
"2747781616","Meia Praia","UNIT","apartamento","4257433","178",,"5","3","0",,"23918.1629213483"
"2630707098","Meia Praia","UNIT","apartamento","1227000","88",,"3","1","1","1","13943.1818181818"
"2712356298","Meia Praia","UNIT","apartamento","920000","61",,"1","0","0","0","15081.9672131148"
"2738893344","Morretes","UNIT","apartamento","950000","68",,"2","2",,,"13970.5882352941"
"2766851618","Meia Praia","UNIT","apartamento","3199800","173",,"5","4","0","923","18495.9537572254"
"2764633163","Meia Praia","UNIT","apartamento","2800000","182",,"5","4","0","0","15384.6153846154"
"2767581372","Morretes","UNIT","apartamento","2445415","132",,"3","2","100",,"18525.8712121212"
"2758888031","Morretes","UNIT","apartamento","723600","68",,"2","1",,,"10641.1764705882"
"2766852216","Meia Praia","UNIT","apartamento","3199800","190",,"5","3","0","900","16841.0526315789"
"2768352125","Meia Praia","UNIT","apartamento","3990000","260",,"5","3","5500","850","15346.1538461538"
"2761509818","Meia Praia","UNIT","apartamento","4950000","225",,"5","3","54000","1220","22000"
"2560637122","Morretes","UNIT","casa","720000","115",,"3","2","1000","0","6260.86956521739"
"2733826917","Morretes","UNIT","apartamento","1100000","70",,"2","1","720","600","15714.2857142857"
"2579395261","Morretes","UNIT","apartamento","860000","70",,"3","2","1000","300","12285.7142857143"
"2682097614","Meia Praia","UNIT","apartamento","2195000","180",,"6","3","2000","680","12194.4444444444"
"2764860330","Meia Praia","UNIT","apartamento","1990000","116",,"4","2","0","0","17155.1724137931"
"2764631203","Meia Praia","UNIT","apartamento","2910000","153",,"5","3","2700","700","19019.6078431373"
"2763216130","Meia Praia","UNIT","apartamento","5499000","217",,"5","4","6000","1500","25341.0138248848"
"2758129947","Meia Praia","UNIT","apartamento","2500000","130",,"5","3","11","11","19230.7692307692"
"2764630927","Meia Praia","UNIT","apartamento","3200000","182",,"5","3","0","0","17582.4175824176"
"2754165949","Meia Praia","UNIT","apartamento","2200000","130",,"4","3","1200","850","16923.0769230769"
"2763479315","Centro","UNIT","apartamento","3300000","172",,"1","3","1","0","19186.0465116279"
"2701837098","Meia Praia","UNIT","apartamento","1870000","165",,"3","3","2300","750","11333.3333333333"
"2766851720","Meia Praia","UNIT","apartamento","2099800","156",,"5","4","0","0","13460.2564102564"
"2761579917","Castelo Branco","UNIT","apartamento","4700000","274",,"5","2",,,"17153.2846715328"
"2754197813","Andorinha","UNIT","apartamento","2198800","135",,"3","2",,,"16287.4074074074"
"2698669101","Morretes","UNIT","apartamento","950000","70",,"2","1","70","700","13571.4285714286"
"2769186392","Meia Praia","UNIT","apartamento","6829760","158",,"5","2","3800","1300","43226.3291139241"
"2744016162","Meia Praia","UNIT","apartamento","2200000","143",,"3","2",,"435","15384.6153846154"
"2767582464","Meia Praia","UNIT","apartamento","4747782","143",,"3","3","100","2000","33201.2727272727"
"2754165479","Canto da Praia","UNIT","apartamento","3388424","142",,"1","2","11","0","23862.1408450704"
"2757198546","Meia Praia","UNIT","apartamento","2342168","150",,"1","3",,"0","15614.4533333333"
"2759132729","Centro","UNIT","apartamento","1990000","140",,"4","2",,"500","14214.2857142857"
"2747392476","Meia Praia","UNIT","apartamento","2790000","142",,"1","3","3400","0","19647.8873239437"
"2759067129","Meia Praia","UNIT","apartamento","2620000","175",,"5","3","1200","600","14971.4285714286"
"2745398648","Meia Praia","UNIT","apartamento","2500000","131",,"1","2",,"900","19083.9694656489"
"2742888285","Morretes","UNIT","apartamento","861000","64",,"2","1",,"0","13453.125"
"2558703386","<vazio>","UNIT","apartamento","1800000","210",,"5","3",,,"8571.42857142857"
"2764631823","Andorinha","UNIT","apartamento","2350000","114",,"4","2","0","450","20614.0350877193"
"2761579719","Meia Praia","UNIT","apartamento","2200000","115",,"3","2",,,"19130.4347826087"
"2769179020","Andorinha","UNIT","apartamento","1749890","117",,"4","2","1800","620","14956.3247863248"
"2746689705","Centro","UNIT","apartamento","2400000","118",,"1","3",,"0","20338.9830508475"
"2754169025","Morretes","UNIT","apartamento","799000","71",,"2","1","450","400","11253.5211267606"
"2755937932","Castelo Branco","UNIT","apartamento","970000","100",,"2","1","1000","500","9700"
"2757201516","Meia Praia","UNIT","apartamento","1860000","126",,"1","2",,"0","14761.9047619048"
"2763648652","Meia Praia","UNIT","apartamento","1200000","86",,"3","1",,"500","13953.488372093"
"2761130681","Morretes","UNIT","apartamento","1157000","66",,"1","1","1400","700","17530.303030303"
"2703185010","Meia Praia","UNIT","apartamento","932000","70",,"3","1","0","0","13314.2857142857"
"2699240778","Meia Praia","UNIT","apartamento","3900000","198",,"5","4","1","1200","19696.9696969697"
"2769279520","Castelo Branco","UNIT","apartamento","1351550","104",,"4","2","1400","550","12995.6730769231"
"2755580567","Meia Praia","UNIT","apartamento","1199000","92",,"2","1","150","699","13032.6086956522"
"2769185842","Meia Praia","UNIT","apartamento","1399220","112",,"4","2","2380","1","12493.0357142857"
"2760222330","Centro","UNIT","apartamento","1260000","97",,"3","1","3000","1000","12989.6907216495"
"2758582119","Morretes","UNIT","apartamento","850000","68",,"2","1","1000","350","12500"
"2765283021","Andorinha","UNIT","apartamento","2146917","116",,"4","2",,,"18507.9051724138"
"2747203152","Centro","UNIT","apartamento","1990000","130",,"4","2","0","0","15307.6923076923"
"2715509201","Centro","UNIT","apartamento","2290000","150",,"4","3","0","700","15266.6666666667"
"2744015478","Meia Praia","UNIT","apartamento","1850000","146",,"3","2","1401","700","12671.2328767123"
"2675655299","Meia Praia","UNIT","apartamento","3600000","260",,"4","3","0",,"13846.1538461538"
"2623490760","Meia Praia","UNIT","apartamento","1180000","100",,"4","1","1500","700","11800"
"2700891098","Tabuleiro dos Oliveiras","UNIT","apartamento","735000","53",,"2","1",,"350","13867.9245283019"
"2743930153","Castelo Branco","UNIT","apartamento","3199369","240",,"4","3",,,"13330.7041666667"
"2736430943","Meia Praia","UNIT","apartamento","2200000","120",,"4","2","0","0","18333.3333333333"
"2740008322","Meia Praia","UNIT","apartamento","2546117","162",,"5","3",,"0","15716.7716049383"
"2744012700","Castelo Branco","UNIT","apartamento","2990000","172",,"3","2",,,"17383.7209302326"
"2740920296","Meia Praia","UNIT","apartamento","3464511","188",,"1","3","1400","0","18428.25"
"2747828727","Meia Praia","UNIT","apartamento","1699000","108",,"4","2",,"0","15731.4814814815"
"2740006704","Andorinha","UNIT","apartamento","1950000","118",,"4","3","2363","0","16525.4237288136"
"2757729860","Morretes","UNIT","apartamento","1499200","101",,"2","2","1200","520","14843.5643564356"
"2728045452","Morretes","UNIT","apartamento","899000","69",,"3","1","0","0","13028.9855072464"
"2691477556","Morretes","UNIT","apartamento","990000","70",,"3","1","0","500","14142.8571428571"
"2767583142","Morretes","UNIT","apartamento","861655","64",,"1","1","100","300","13463.359375"
"2751617615","Andorinha","UNIT","apartamento","4399390","208",,"5","3","2300","1100","21150.9134615385"
"2767581862","Morretes","UNIT","apartamento","861655","64",,"2","1","100","300","13463.359375"
"2766854021","Tabuleiro dos Oliveiras","UNIT","apartamento","849800","69",,"3","2","0","0","12315.9420289855"
"2769536334","Centro","UNIT","apartamento","1700000","105",,"2","2","2400","1000","16190.4761904762"
"2744009668","Castelo Branco","UNIT","apartamento","2190000","129",,"4","2",,"0","16976.7441860465"
"2747065395","Meia Praia","UNIT","apartamento","3190000","157",,"4","3","3800","1200","20318.4713375796"
"2688577254","Meia Praia","UNIT","apartamento","2399000","130",,"4","3","150","500","18453.8461538462"
"2758636122","Meia Praia","UNIT","apartamento","1590000","129",,"4","2","2300","590","12325.5813953488"
"2695683800","Meia Praia","UNIT","apartamento","2550000","130",,"4","2","150","500","19615.3846153846"
"2748438298","Meia Praia","UNIT","apartamento","2968963","206",,"5","3",,"0","14412.4417475728"
"2767874387","Centro","UNIT","apartamento","2480000","153",,"4","0","480","600","16209.1503267974"
"2569299029","Meia Praia","UNIT","apartamento","2300000","157",,"5","4",,,"14649.6815286624"
"2764630842","Meia Praia","UNIT","apartamento","1680000","140",,"4","1","2100","750","12000"
"2755017805","Morretes","UNIT","casa","890000","110",,"3","0","1","1","8090.90909090909"
"2558703357","<vazio>","UNIT","apartamento","795000","139",,"2","2",,,"5719.42446043165"
"2746804093","Meia Praia","UNIT","apartamento","2950000","128",,"4","3","2500","750","23046.875"
"2764220616","Centro","UNIT","apartamento","2500000","140",,"4","3",,,"17857.1428571429"
"2728026767","Meia Praia","UNIT","apartamento","839928","64",,"3","1",,,"13123.875"
"2626746491","Meia Praia","UNIT","apartamento","2900000","120",,"4","3","1200","500","24166.6666666667"
"2747200824","Meia Praia","UNIT","apartamento","3090000","126",,"4","3","0","0","24523.8095238095"
"2653744660","Meia Praia","UNIT","apartamento","1850000","135",,"4","3","10","600","13703.7037037037"
"2735765330","Andorinha","UNIT","apartamento","2350000","182",,"2","2",,,"12912.0879120879"
"2725527841","Andorinha","UNIT","apartamento","2768000","180",,"4","4","4000","1399","15377.7777777778"
"2764631585","Andorinha","UNIT","apartamento","5000000","208",,"4","3","0","0","24038.4615384615"
"2682553739","Morretes","UNIT","apartamento","6888000","337",,"5","4","0","0","20439.1691394659"
"2769477121","Andorinha","UNIT","apartamento","2389710","110",,"4","2","1800","650","21724.6363636364"
"2767581585","Meia Praia","UNIT","apartamento","1628288","135",,"3","2","100",,"12061.3925925926"
"2755524996","Meia Praia","UNIT","apartamento","1475000","80",,"2","1",,,"18437.5"
"2751942296","Morretes","UNIT","apartamento","798000","55",,"2","1",,"0","14509.0909090909"
"2753857516","Meia Praia","UNIT","apartamento","3500000","188",,"5","3","3000","1200","18617.0212765957"
"2721664593","Meia Praia","UNIT","apartamento","2001669","125",,"5","2","0","0","16013.352"
"2620599019","Morretes","UNIT","apartamento","1200000","66",,"3","1","0",,"18181.8181818182"
"2744790836","Meia Praia","UNIT","apartamento","2200000","127",,"3","2",,,"17322.8346456693"
"2703381082","Meia Praia","UNIT","apartamento","4290000","357",,"4","4",,"1300","12016.8067226891"
"2765061640","Meia Praia","UNIT","apartamento","960000","93",,"1","2","1023","571","10322.5806451613"
"2747202343","Morretes","UNIT","apartamento","680000","44",,"1","1","0","0","15454.5454545455"
"2753365520","Morretes","UNIT","apartamento","5997880","190",,"5","2","4500","2000","31567.7894736842"
"2743411674","Andorinha","UNIT","apartamento","1660000","113",,"4","2","0","0","14690.2654867257"
"2760157429","Centro","UNIT","apartamento","1260000","97",,"3","1","3000","1000","12989.6907216495"
"2767692333","Castelo Branco","UNIT","apartamento","1260000","82",,"3","2","1400","1030","15365.8536585366"
"2760941457","Meia Praia","UNIT","apartamento","1792000","140",,"1","2","0",,"12800"
"2767583576","Canto da Praia","UNIT","apartamento","1609000","100",,"3","2","100",,"16090"
"2769150119","Meia Praia","UNIT","apartamento","4923264","140",,"4","2",,,"35166.1714285714"
"2638197657","Morretes","UNIT","apartamento","920000","67",,"2","1",,,"13731.3432835821"
"2761303935","<vazio>","UNIT","apartamento","4600000","210",,"3","3",,,"21904.7619047619"
"2747203324","Morretes","UNIT","apartamento","898000","67",,"2","1","0","0","13402.9850746269"
"2764633916","Meia Praia","UNIT","apartamento","2300000","130",,"4","2","1139","800","17692.3076923077"
"2562090437","Castelo Branco","UNIT","apartamento","1182723","149",,"2","1",,,"7937.73825503356"
"2656735522","Andorinha","UNIT","apartamento","858000","95",,"2","2","900","350","9031.57894736842"
"2712955297","Andorinha","UNIT","apartamento","937545","66",,"2","1","0","0","14205.2272727273"
"2747916791","Morretes","UNIT","casa","829000","110",,"1","2","0",,"7536.36363636364"
"2659554896","<vazio>","UNIT","apartamento","950000","60",,"2","1","120","400","15833.3333333333"
"2754165377","Meia Praia","UNIT","apartamento","1290000","87",,"3","2","500","450","14827.5862068966"
"2747392815","Meia Praia","UNIT","apartamento","2990000","128",,"1","3","1200","0","23359.375"
"2747202340","Morretes","UNIT","apartamento","955514","70",,"2","2","0","0","13650.2"
"2764858094","Canto da Praia","UNIT","apartamento","3278957","144",,"4","2","0","0","22770.5347222222"
"2764955521","Canto da Praia","UNIT","apartamento","3230017","144",,"4","2","0","0","22430.6736111111"
"2673137976","Morretes","UNIT","apartamento","828376","64",,"2","1","750","320","12943.375"
"2748231412","Centro","UNIT","apartamento","1833150","118",,"3","2","0","0","15535.1694915254"
"2721541452","Meia Praia","UNIT","apartamento","1700000","130",,"3","2",,,"13076.9230769231"
"2699371300","Meia Praia","UNIT","apartamento","1280000","142",,"1","1","970","630","9014.08450704225"
"2761509531","Meia Praia","UNIT","apartamento","1800000","115",,"4","2","27600","500","15652.1739130435"
"2759327516","Meia Praia","UNIT","apartamento","896528","65",,"3","1","2000","500","13792.7384615385"
"2609061977","Meia Praia","UNIT","apartamento","3950000","229",,"5","3","3200","720","17248.9082969432"
"2746689704","Centro","UNIT","apartamento","2240000","118",,"1","3",,"0","18983.0508474576"
"2721914371","Castelo Branco","UNIT","apartamento","2708500","240",,"4","3","2300","0","11285.4166666667"
"2761879520","Andorinha","UNIT","apartamento","2550000","118",,"3","2",,,"21610.1694915254"
"2728834831","Castelo Branco","UNIT","apartamento","1250000","82",,"1","2","1200","550","15243.9024390244"
"2767583419","Castelo Branco","UNIT","apartamento","1500000","109",,"3","2","100",,"13761.4678899083"
"2743402563","Morretes","UNIT","apartamento","3100000","164",,"6","2",,,"18902.4390243902"
"2753493601","Meia Praia","UNIT","apartamento","2100000","150",,"3","3",,,"14000"
"2721491888","Centro","UNIT","apartamento","2000000","200",,"2","2","0","0","10000"
"2723210019","Andorinha","UNIT","apartamento","900000","100",,"2","1","800","400","9000"
"2737417913","Morretes","UNIT","apartamento","957000","64",,"1","1","820","480","14953.125"
"2747920440","Centro","UNIT","apartamento","2998800","206",,"5","3","0",,"14557.2815533981"
"2534729510","Meia Praia","UNIT","apartamento","4500000","251",,"4","3","5000","1500","17928.2868525896"
"2764632376","Meia Praia","UNIT","apartamento","2300000","174",,"5","3","3600","1200","13218.3908045977"
"2749352457","Meia Praia","UNIT","apartamento","1300000","132",,"4","0","0","0","9848.48484848485"
"2740498738","Meia Praia","UNIT","apartamento","1900000","124",,"4","2",,,"15322.5806451613"
"2757198543","Castelo Branco","UNIT","apartamento","1911158","135",,"1","2",,"0","14156.7259259259"
"2748822113","Centro","UNIT","apartamento","2395000","141",,"4","2","250","250","16985.8156028369"
"2605314308","Meia Praia","UNIT","apartamento","7500000","260",,"3","4",,,"28846.1538461538"
"2733401361","Meia Praia","UNIT","apartamento","1450000","105",,"3","2","700","300","13809.5238095238"
"2753177322","Morretes","UNIT","apartamento","1050000","70",,"3","1","1","1","15000"
"2733738985","Meia Praia","UNIT","apartamento","1030000","73",,"2","2","750","500","14109.5890410959"
"2766314815","Centro","UNIT","apartamento","3977000","165",,"5","3","1","1","24103.0303030303"
"2748823297","Meia Praia","UNIT","apartamento","4512616","214",,"5","3","250","250","21086.9906542056"
"2766852530","Andorinha","UNIT","apartamento","2289800","177",,"5","3","0","0","12936.7231638418"
"2661819863","Castelo Branco","UNIT","apartamento","1450000","130",,"4","2","1200","400","11153.8461538462"
"2761385119","Centro","UNIT","apartamento","1645878","125",,"3","0","1000","0","13167.024"
"2759605537","Meia Praia","UNIT","apartamento","1490000","100",,"3","3","1200","600","14900"
"2769147102","Andorinha","UNIT","apartamento","2275382","127",,"4","2",,,"17916.3937007874"
"2756184626","Meia Praia","UNIT","apartamento","2000000","114",,"3","2",,,"17543.8596491228"
"2733826526","Meia Praia","UNIT","apartamento","1180000","100",,"2","1","777","434","11800"
"2767584133","Morretes","UNIT","apartamento","1950000","134",,"4","2","100",,"14552.2388059701"
"2768492121","Meia Praia","UNIT","apartamento","6000000","300",,"5","3","1","1900","20000"
"2661819992","Meia Praia","UNIT","apartamento","1899000","100",,"4","2","1800","650","18990"
"2721543077","Meia Praia","UNIT","apartamento","5998000","190",,"4","2","4500","2000","31568.4210526316"
"2764633032","Meia Praia","UNIT","apartamento","2790000","153",,"4","2","0","0","18235.2941176471"
"2727421052","Meia Praia","UNIT","apartamento","1734000","138",,"4","2",,,"12565.2173913043"
"2726255062","Meia Praia","UNIT","apartamento","3500000","153",,"4","3","0","0","22875.8169934641"
"2672786614","Meia Praia","UNIT","apartamento","7500000","300",,"5","3","100","100","25000"
"2754166280","Sert?o do Trombudo","UNIT","apartamento","950000","78",,"1","1","0","510","12179.4871794872"
"2704940454","Meia Praia","UNIT","apartamento","1600000","189",,"2","2",,,"8465.60846560847"
"2760020133","Meia Praia","UNIT","apartamento","2147797","169",,"5","3",,,"12708.8579881657"
"2764630871","Andorinha","UNIT","apartamento","2200000","120",,"4","2","0","0","18333.3333333333"
"2763586332","Andorinha","UNIT","apartamento","1324250","240",,"4","2","1114","550","5517.70833333333"
"2749229847","Meia Praia","UNIT","apartamento","4377472","213",,"3","3",,,"20551.5117370892"
"2760270115","Andorinha","UNIT","apartamento","1850000","145",,"3","2","2300","534","12758.6206896552"
"2766851623","Meia Praia","UNIT","apartamento","3499800","280",,"5","3","375","790","12499.2857142857"
"2720509034","Meia Praia","UNIT","apartamento","1900000","100",,"4","2",,,"19000"
"2768815730","Meia Praia","UNIT","apartamento","17073328","427",,"7","4","0","0","39984.37470726"
"2712996904","Centro","UNIT","apartamento","3090000","172",,"5","3","0","0","17965.1162790698"
"2764634014","Meia Praia","UNIT","apartamento","2700000","117",,"4","3","0","0","23076.9230769231"
"2769724284","Alto S?o Bento","UNIT","casa","620000","90",,"2","0",,,"6888.88888888889"
"2764631567","Meia Praia","UNIT","apartamento","2300000","123",,"4","2","0","0","18699.1869918699"
"2737168229","Meia Praia","UNIT","apartamento","3200000","239",,"3","3","0","0","13389.1213389121"
"2733344044","Meia Praia","UNIT","apartamento","2538800","137",,"4","2",,"750","18531.3868613139"
"2769148274","Meia Praia","UNIT","apartamento","3000000","187",,"5","2",,,"16042.7807486631"
"2766688642","Andorinha","UNIT","apartamento","1700000","118",,"4","2",,,"14406.7796610169"
"2755298603","Meia Praia","UNIT","apartamento","1149700","120",,"2","1","1100","600","9580.83333333333"
"2761880115","Meia Praia","UNIT","apartamento","2100000","280",,"3","2",,,"7500"
"2657058862","Centro","UNIT","apartamento","4786027","160",,"5","2","0","0","29912.66875"
"2766854118","Meia Praia","UNIT","apartamento","4299800","188",,"5","3","0","891","22871.2765957447"
"2747203131","Meia Praia","UNIT","apartamento","1990000","121",,"4","2","0","0","16446.2809917355"
"2747201024","Meia Praia","UNIT","apartamento","1990000","138",,"4","2","0","0","14420.2898550725"
"2692766588","Meia Praia","UNIT","apartamento","4200000","233",,"5","3","0","0","18025.7510729614"
"2674421612","Meia Praia","UNIT","apartamento","4900000","268",,"5","2","0",,"18283.5820895522"
"2760220853","Meia Praia","UNIT","apartamento","2870000","192",,"5","4","3000","1500","14947.9166666667"
"2675654220","Morretes","UNIT","apartamento","1191000","69",,"3","1","0",,"17260.8695652174"
"2746689529","Castelo Branco","UNIT","apartamento","1737416","135",,"1","2",,"0","12869.7481481481"
"2760097331","Meia Praia","UNIT","apartamento","1850000","129",,"4","3","2500","1000","14341.0852713178"
"2752688541","Andorinha","UNIT","apartamento","2330000","120",,"4","2","2400","690","19416.6666666667"
"2753018608","Meia Praia","UNIT","apartamento","2590000","140",,"3","2",,,"18500"
"2760453419","Meia Praia","UNIT","apartamento","1884860","133",,"4","2",,"0","14171.8796992481"
"2637495541","Morretes","UNIT","casa","790000","100",,"3","1","500","0","7900"
"2747201653","Morretes","UNIT","apartamento","750000","41",,"1","1","0","0","18292.6829268293"
"2767554716","Meia Praia","UNIT","apartamento","3100000","128",,"4","3",,,"24218.75"
"2753631100","Meia Praia","UNIT","apartamento","2100000","128",,"4","2","2504","600","16406.25"
"2691973156","Andorinha","UNIT","apartamento","1690000","125",,"3","2","0","600","13520"
"2760483456","Andorinha","UNIT","apartamento","1850000","133",,"3","2",,,"13909.7744360902"
"2767782119","Castelo Branco","UNIT","apartamento","5099000","198",,"5","3",,,"25752.5252525253"
"2558703555","<vazio>","UNIT","apartamento","845000","164",,"4","2",,,"5152.43902439024"
"2604187242","Meia Praia","UNIT","apartamento","1750000","135",,"2","1",,,"12962.962962963"
"2763648645","Meia Praia","UNIT","apartamento","4650000","350",,"5","2","60000","3500","13285.7142857143"
"2560637602","Morretes","UNIT","apartamento","829000","65",,"2","1","1000","500","12753.8461538462"
"2744014582","Meia Praia","UNIT","apartamento","3800000","392",,"4","4",,,"9693.87755102041"
"2759672023","Centro","UNIT","apartamento","4350000","150",,"5","3","6024","650","29000"
"2732469431","Meia Praia","UNIT","apartamento","2100000","127",,"4","3","129","625","16535.4330708661"
"2760158019","Meia Praia","UNIT","apartamento","1850000","129",,"4","3","2500","1000","14341.0852713178"
"2680798107","Centro","UNIT","apartamento","1800000","130",,"4","2","3202","582","13846.1538461538"
"2760453517","Meia Praia","UNIT","apartamento","1990000","132",,"4","2",,"0","15075.7575757576"
"2747826525","Meia Praia","UNIT","apartamento","1550000","100",,"4","2","3000","405","15500"
"2753610010","Centro","UNIT","apartamento","2498800","163",,"4","3",,,"15330.0613496933"
"2754810318","Andorinha","UNIT","apartamento","1250000","130",,"2","1","850","800","9615.38461538462"
"2747950982","Meia Praia","UNIT","apartamento","2300000","132",,"4","2","2500","1250","17424.2424242424"
"2769471953","Meia Praia","UNIT","apartamento","2349510","135",,"4","3","4500","1200","17403.7777777778"
"2754966915","Meia Praia","UNIT","apartamento","1750000","117",,"4","2","1000","620","14957.264957265"
"2558704161","<vazio>","UNIT","apartamento","2909158","218",,"4","2",,,"13344.7614678899"
"2675653514","Meia Praia","UNIT","apartamento","1900000","100",,"4","2","0",,"19000"
"2764893832","<vazio>","UNIT","apartamento","2750000","109",,"4","2","0","0","25229.3577981651"
"2744014581","Meia Praia","UNIT","apartamento","1480000","112",,"2","1","1380","480","13214.2857142857"
"2767585016","Meia Praia","UNIT","apartamento","1336539","93",,"3","2","100","300","14371.3870967742"
"2769853821","Castelo Branco","UNIT","apartamento","949240","98",,"2","1","800","300","9686.12244897959"
"2769842015","Meia Praia","UNIT","apartamento","1399060","98",,"3","2","1300","450","14276.1224489796"
"2740142316","Meia Praia","UNIT","apartamento","2127659","114",,"4","2","0","0","18663.6754385965"
"2694649675","Meia Praia","UNIT","apartamento","1900000","318",,"3","2",,,"5974.8427672956"
"2764633719","Meia Praia","UNIT","apartamento","2490000","239",,"4","2","0","0","10418.410041841"
"2759541024","Meia Praia","UNIT","apartamento","1490000","100",,"3","3","1200","600","14900"
"2765096342","Tabuleiro dos Oliveiras","UNIT","apartamento","800000","70",,"2","1","800","450","11428.5714285714"
"2687497740","Meia Praia","UNIT","apartamento","2600000","186",,"3","2","0","0","13978.4946236559"
"2763648536","Meia Praia","UNIT","apartamento","2700000","117",,"4","3","32400","700","23076.9230769231"
"2700154602","Alto S?o Bento","UNIT","apartamento","780000","50",,"1","1","0","0","15600"
"2743707464","Meia Praia","UNIT","apartamento","3360000","179",,"5","3","2300","800","18770.9497206704"
"2748820948","Morretes","UNIT","apartamento","6672000","183",,"5","3","250","250","36459.0163934426"
"2721916568","Castelo Branco","UNIT","apartamento","4455000","333",,"3","2","2300","0","13378.3783783784"
"2708171300","Castelo Branco","UNIT","apartamento","1399570","98",,"3","2","1500","500","14281.3265306122"
"2754746753","Meia Praia","UNIT","apartamento","2395000","113",,"4","3",,"0","21194.6902654867"
"2767583180","Centro","UNIT","apartamento","2600000","185",,"4","2","100","1000","14054.0540540541"
"2736432472","Andorinha","UNIT","apartamento","1315000","160",,"3","1","1200","600","8218.75"
"2740002169","Meia Praia","UNIT","apartamento","3200000","155",,"4","3","0","0","20645.1612903226"
"2720505572","Meia Praia","UNIT","apartamento","7500000","260",,"1","4",,,"28846.1538461538"
"2768463456","Meia Praia","UNIT","apartamento","2521109","162",,"5","3",,,"15562.4012345679"
"2752032320","Meia Praia","UNIT","apartamento","2260000","134",,"3","2",,"776","16865.671641791"
"2650750168","Centro","UNIT","apartamento","3500000","257",,"3","2","2600","1300","13618.6770428016"
"2758879128","Meia Praia","UNIT","apartamento","2700000","142",,"4","2","1200","600","19014.0845070423"
"2764861416","Meia Praia","UNIT","apartamento","2500000","124",,"4","2","0","1513","20161.2903225806"
"2755529219","Meia Praia","UNIT","apartamento","2690000","161",,"4","3","1","1","16708.0745341615"
"2761664840","Andorinha","UNIT","apartamento","1792000","140",,"2","2",,,"12800"
"2747200742","Meia Praia","UNIT","apartamento","1750000","117",,"4","2","0","0","14957.264957265"
"2766853017","Meia Praia","UNIT","apartamento","1880000","127",,"4","3","0","0","14803.1496062992"
"2751827822","Castelo Branco","UNIT","apartamento","2400000","171",,"4","2","2500","1000","14035.0877192982"
"2763102128","Centro","UNIT","apartamento","1726500","135",,"4","3","0","0","12788.8888888889"
"2558703902","<vazio>","UNIT","apartamento","1250000","233",,"5","1",,,"5364.80686695279"
"2751833642","Centro","UNIT","apartamento","2425000","146",,"4","3",,,"16609.5890410959"
"2768632230","Andorinha","UNIT","apartamento","1900000","120",,"1","2","2500","630","15833.3333333333"
"2769276337","Castelo Branco","UNIT","apartamento","1398670","210",,"4","2","2192","1","6660.33333333333"
"2740007348","Meia Praia","UNIT","apartamento","3500000","129",,"4","3",,"0","27131.7829457364"
"2725864400","Meia Praia","UNIT","apartamento","5280000","300",,"6","3","3800","1887","17600"
"2735002133","Meia Praia","UNIT","apartamento","7210000","166",,"5","3","0","0","43433.734939759"
"2758644937","Meia Praia","UNIT","apartamento","2748000","163",,"4","3","5000","1600","16858.8957055215"
"2731497665","Castelo Branco","UNIT","apartamento","1590000","157",,"2","2","1900","390","10127.3885350318"
"2764631766","Andorinha","UNIT","apartamento","4000000","200",,"4","3","4500","1384","20000"
"2710301594","Meia Praia","UNIT","apartamento","4500000","346",,"5","3","3717","1106","13005.7803468208"
"2764861326","Castelo Branco","UNIT","apartamento","1990000","121",,"4","2","0","0","16446.2809917355"
"2765549934","Meia Praia","UNIT","apartamento","4200000","202",,"5","3","0","0","20792.0792079208"
"2726820245","Meia Praia","UNIT","apartamento","4380000","315",,"1","3","0","1314","13904.7619047619"
"2754737539","Meia Praia","UNIT","apartamento","3980000","217",,"1","2","1400","1054","18341.0138248848"
"2767581349","Canto da Praia","UNIT","apartamento","1665000","100",,"3","2","100",,"16650"
"2690686885","Meia Praia","UNIT","apartamento","11990000","270",,"6","3","7000","3500","44407.4074074074"
"2743370465","Morretes","UNIT","apartamento","935000","62",,"2","2",,,"15080.6451612903"
"2768649927","Meia Praia","UNIT","comercial","2000000","169",,"1","0","0","0","11834.3195266272"
"2765370622","Morretes","UNIT","apartamento","1079000","70",,"3","1","0","0","15414.2857142857"
"2766852438","Meia Praia","UNIT","apartamento","1881800","137",,"4","1","0","800","13735.7664233577"
"2764631274","Meia Praia","UNIT","apartamento","1690000","100",,"3","2","1000","560","16900"
"2560060454","Meia Praia","UNIT","apartamento","2950000","173",,"5","3",,,"17052.0231213873"
"2769186364","Andorinha","UNIT","apartamento","2799780","180",,"5","4","2900","650","15554.3333333333"
"2511794796","Morretes","UNIT","apartamento","750000","40",,"1","1","0",,"18750"
"2611241841","Meia Praia","UNIT","apartamento","4200000","288",,"7","2","3000","1300","14583.3333333333"
"2747713250","Meia Praia","UNIT","apartamento","3200000","131",,"4","2","2160","560","24427.4809160305"
"2710904327","<vazio>","UNIT","apartamento","829550","70",,"3","2","1000","350","11850.7142857143"
"2744014218","Meia Praia","UNIT","apartamento","1700000","132",,"1","2",,,"12878.7878787879"
"2747718202","Meia Praia","UNIT","apartamento","3200000","167",,"5","3",,"700","19161.6766467066"
"2725867134","Meia Praia","UNIT","apartamento","5200000","300",,"6","3","3800","1887","17333.3333333333"
"2743726177","Castelo Branco","UNIT","apartamento","1820000","103",,"2","2","900","600","17669.9029126214"
"2769187327","Meia Praia","UNIT","apartamento","6537190","169",,"4","3","10465","1","38681.5976331361"
"2761406619","Centro","UNIT","apartamento","2895000","194",,"5","3",,,"14922.6804123711"
"2766854618","Meia Praia","UNIT","apartamento","2439800","157",,"4","3","0","0","15540.127388535"
"2735382016","Meia Praia","UNIT","apartamento","2400000","128",,"3","2","2500","525","18750"
"2729739217","Centro","UNIT","apartamento","3600000","270",,"5","1",,,"13333.3333333333"
"2746885796","Meia Praia","UNIT","apartamento","4500000","240",,"4","3","4500","950","18750"
"2761656114","Meia Praia","UNIT","apartamento","4798000","207",,"4","3","3500","1100","23178.7439613527"
"2766852441","Andorinha","UNIT","apartamento","1699800","115",,"4","0","0","0","14780.8695652174"
"2727576299","Centro","UNIT","apartamento","3600000","206",,"5","0","0","0","17475.7281553398"
"2751675555","Centro","UNIT","apartamento","3150000","172",,"5","3",,,"18313.9534883721"
"2767583571","Meia Praia","UNIT","apartamento","1900000","114",,"3","2","100",,"16666.6666666667"
"2751880800","Morretes","UNIT","apartamento","825000","60",,"2","1","1000","377","13750"
"2745301106","Meia Praia","UNIT","apartamento","2000000","118",,"2","1","0","450","16949.1525423729"
"2626576480","Morretes","UNIT","apartamento","828377","60",,"2","1","0","0","13806.2833333333"
"2767582154","Meia Praia","UNIT","apartamento","1753316","117",,"3","2","100",,"14985.6068376068"
"2751351217","Castelo Branco","UNIT","apartamento","2580000","136",,"3","2","0","0","18970.5882352941"
"2769182565","Meia Praia","UNIT","apartamento","2799020","163",,"4","2","3200","650","17171.9018404908"
"2761880114","Morretes","UNIT","apartamento","1166862","65",,"3","1",,,"17951.7230769231"
"2747201032","Meia Praia","UNIT","apartamento","4000000","190",,"5","3","0","0","21052.6315789474"
"2765063796","Centro","UNIT","apartamento","4600000","254",,"1","3","2250","1500","18110.2362204724"
"2756565123","Meia Praia","UNIT","apartamento","3200000","218",,"1","3","0","0","14678.8990825688"
"2595284456","Meia Praia","UNIT","apartamento","2710000","156",,"5","3","150","150","17371.7948717949"
"2752081594","Morretes","UNIT","apartamento","1149530","66",,"3","1","800","550","17417.1212121212"
"2766851923","Meia Praia","UNIT","apartamento","1899800","140",,"4","2","0","0","13570"
"2569457707","Andorinha","UNIT","apartamento","2099200","250",,"5","2",,,"8396.8"
"2766855324","Centro","UNIT","apartamento","4199800","172",,"5","3","0","0","24417.4418604651"
"2740921461","Morretes","UNIT","apartamento","945135","70",,"3","1","1100","0","13501.9285714286"
"2754662700","Morretes","UNIT","apartamento","1198340","70",,"3","1","990","450","17119.1428571429"
"2766852240","Meia Praia","UNIT","apartamento","2019800","160",,"5","3","0","0","12623.75"
"2721385658","Meia Praia","UNIT","apartamento","1716000","104",,"2","2",,,"16500"
"2767584328","Castelo Branco","UNIT","apartamento","1817648","125",,"3","2","150","1000","14541.184"
"2747202349","Meia Praia","UNIT","apartamento","3600000","132",,"4","3","0","0","27272.7272727273"
"2760744332","Meia Praia","UNIT","apartamento","1999650","123",,"4","2","900","569","16257.3170731707"
"2746885196","Centro","UNIT","apartamento","3800000","310",,"4","4",,,"12258.064516129"
"2755523130","Meia Praia","UNIT","apartamento","6000000","197",,"4","2","4870","1870","30456.8527918782"
"2765514421","Meia Praia","UNIT","apartamento","1550000","85",,"2","2",,"0","18235.2941176471"
"2738009921","Meia Praia","UNIT","apartamento","2990000","128",,"4","3","120","400","23359.375"
"2738790634","Andorinha","UNIT","apartamento","2000000","202",,"4","2","2380","1069","9900.9900990099"
"2747343602","Andorinha","UNIT","apartamento","2190000","121",,"4","2",,"0","18099.173553719"
"2754458927","Centro","UNIT","apartamento","2390000","172",,"5","3",,"0","13895.3488372093"
"2560637609","Morretes","UNIT","apartamento","808000","68",,"2","1","500","300","11882.3529411765"
"2763245814","Meia Praia","UNIT","apartamento","3790000","180",,"4","4","1","1","21055.5555555556"
"2747200635","Meia Praia","UNIT","apartamento","2260000","134",,"4","2","0","0","16865.671641791"
"2764952595","Meia Praia","UNIT","apartamento","2300000","260",,"4","2","1340","700","8846.15384615385"
"2547917065","Meia Praia","UNIT","apartamento","3500000","287",,"4","2","1500","683","12195.1219512195"
"2728738277","Centro","UNIT","apartamento","2748800","184",,"5","3","0","0","14939.1304347826"
"2662069255","Meia Praia","UNIT","apartamento","1500000","84",,"2","1",,,"17857.1428571429"
"2765062999","Meia Praia","UNIT","apartamento","9710000","180",,"1","3","6000","1980","53944.4444444444"
"2766854625","Centro","UNIT","apartamento","2699000","190",,"5","3","0","0","14205.2631578947"
"2750122360","Centro","UNIT","apartamento","2900000","170",,"5","3",,,"17058.8235294118"
"2572917544","Centro","UNIT","apartamento","5736000","229",,"1","0","100","0","25048.0349344978"
"2635064576","Centro","UNIT","apartamento","1600000","85",,"2","1","0",,"18823.5294117647"
"2754968105","Meia Praia","UNIT","apartamento","1950000","132",,"4","3",,"0","14772.7272727273"
"2740007921","Meia Praia","UNIT","apartamento","4498000","123",,"4","3",,"0","36569.1056910569"
"2729223851","Meia Praia","UNIT","apartamento","1320000","135",,"3","2","1200","493","9777.77777777778"
"2766855219","Centro","UNIT","apartamento","1750800","121",,"4","2","0","0","14469.4214876033"
"2734713592","Meia Praia","UNIT","apartamento","944362","65",,"2","1","0",,"14528.6461538462"
"2702437377","Castelo Branco","UNIT","apartamento","1598830","125",,"1","0","1500","550","12790.64"
"2758373960","Centro","UNIT","apartamento","1750000","117",,"4","2","1000","620","14957.264957265"
"2571417169","Centro","UNIT","apartamento","10072000","320",,"1","0","100","0","31475"
"2764399768","Meia Praia","UNIT","apartamento","1499890","122",,"3","2","1","500","12294.1803278689"
"2764633024","Meia Praia","UNIT","apartamento","4800000","270",,"5","2","3000","1600","17777.7777777778"
"2767584136","Andorinha","UNIT","apartamento","1900000","126",,"3","2","100",,"15079.3650793651"
"2760158220","Meia Praia","UNIT","apartamento","2399000","129",,"4","2","2000","1000","18596.8992248062"
"2714719142","Meia Praia","UNIT","apartamento","2500000","145",,"3","3","4000","1050","17241.3793103448"
"2753757926","Meia Praia","UNIT","apartamento","850000","79",,"2","1","1390","630","10759.4936708861"
"2764402634","Meia Praia","UNIT","apartamento","1905630","105",,"4","2","1","1","18148.8571428571"
"2757820519","Meia Praia","UNIT","apartamento","1650000","100",,"2","1","986","555","16500"
"2754761527","Meia Praia","UNIT","apartamento","5997000","343",,"6","4","0","0","17483.9650145773"
"2703181573","Morretes","UNIT","apartamento","1280000","71",,"3","0","0","0","18028.1690140845"
"2670818242","Centro","UNIT","apartamento","2498800","164",,"5","3","0","0","15236.5853658537"
"2749233293","Meia Praia","UNIT","apartamento","2898000","135",,"4","2",,,"21466.6666666667"
"2723211736","Meia Praia","UNIT","apartamento","1700000","109",,"3","2",,,"15596.3302752294"
"2740920297","Morretes","UNIT","apartamento","829035","70",,"3","1","920","0","11843.3571428571"
"2679099095","Meia Praia","UNIT","apartamento","2900000","195",,"3","1",,"3","14871.7948717949"
"2766854122","Centro","UNIT","apartamento","2224800","125",,"4","2","0","0","17798.4"
"2562712300","Morretes","UNIT","apartamento","994000","62",,"2","1","0",,"16032.2580645161"
"2764633151","Meia Praia","UNIT","apartamento","1950000","118",,"4","3","2363","0","16525.4237288136"
"2764860424","Centro","UNIT","apartamento","2900000","173",,"5","3","0","0","16763.0057803468"
"2767584141","Morretes","UNIT","apartamento","6101328","183",,"4","3","100",,"33340.5901639344"
"2760418936","Andorinha","UNIT","apartamento","1650000","200",,"1","2","1","850","8250"
"2636114377","Andorinha","UNIT","apartamento","2800000","300",,"3","2",,,"9333.33333333333"
"2744007773","Centro","UNIT","apartamento","1999000","149",,"4","3",,"460","13416.1073825503"
"2755390863","Meia Praia","UNIT","apartamento","2990000","175",,"4","0","500","0","17085.7142857143"
"2759881814","Castelo Branco","UNIT","apartamento","1990000","116",,"3","2",,,"17155.1724137931"
"2764632753","Meia Praia","UNIT","apartamento","6000000","196",,"4","4","4300","2000","30612.2448979592"
"2769148278","Centro","UNIT","apartamento","1990000","130",,"4","2",,,"15307.6923076923"
"2755299194","Andorinha","UNIT","apartamento","1949310","118",,"4","2","2364","700","16519.5762711864"
"2743507120","Meia Praia","UNIT","apartamento","1950000","128",,"4","2","0","0","15234.375"
"2537482617","Meia Praia","UNIT","apartamento","2950000","182",,"5","3","0","0","16208.7912087912"
"2747229371","Meia Praia","UNIT","apartamento","997000","95",,"1","1","800","400","10494.7368421053"
"2504826509","Meia Praia","UNIT","apartamento","2954101","182",,"5","3","0",,"16231.3241758242"
"2738848822","Meia Praia","UNIT","apartamento","2450000","153",,"4","3","2645","800","16013.0718954248"
"2758656528","Meia Praia","UNIT","apartamento","1200000","84",,"3","2","1200","700","14285.7142857143"
"2758217715","Centro","UNIT","apartamento","7800000","200",,"5","3","9450","2000","39000"
"2731627816","Morretes","UNIT","apartamento","850000","60",,"2","0",,,"14166.6666666667"
"2763410125","Andorinha","UNIT","apartamento","1700000","110",,"3","2",,,"15454.5454545455"
"2666979403","Castelo Branco","UNIT","apartamento","4700000","274",,"5","2",,,"17153.2846715328"
"2560637239","Morretes","UNIT","apartamento","806000","70",,"2","1","1000","350","11514.2857142857"
"2764895120","Morretes","UNIT","apartamento","820000","61",,"2","1","0","0","13442.6229508197"
"2740008615","Meia Praia","UNIT","apartamento","2260000","134",,"4","2",,"0","16865.671641791"
"2764632959","Meia Praia","UNIT","apartamento","1700000","126",,"4","2","0","0","13492.0634920635"
"2766852015","Andorinha","UNIT","apartamento","1489800","114",,"4","2","0","0","13068.4210526316"
"2728963098","Centro","UNIT","apartamento","1640000","117",,"4","2",,,"14017.094017094"
"2591924239","Meia Praia","UNIT","apartamento","7000000","334",,"4","3",,,"20958.0838323353"
"2686417510","Meia Praia","UNIT","apartamento","3500000","287",,"4","2","1500","683","12195.1219512195"
"2754254765","Meia Praia","UNIT","apartamento","1100000","155",,"2","1","98","795","7096.77419354839"
"2753495952","Meia Praia","UNIT","apartamento","1549870","123",,"4","2","1700","600","12600.5691056911"
"2758653130","Meia Praia","UNIT","apartamento","1590000","129",,"4","2","2300","590","12325.5813953488"
"2754459833","Centro","UNIT","apartamento","2998000","132",,"4","2","0","0","22712.1212121212"
"2764859345","Meia Praia","UNIT","apartamento","2988990","206",,"5","3","0","0","14509.6601941748"
"2740008514","Andorinha","UNIT","apartamento","2100000","128",,"4","2",,"0","16406.25"
"2692282536","Meia Praia","UNIT","apartamento","1908000","147",,"4","2","0","450","12979.5918367347"
"2767583331","Centro","UNIT","apartamento","2557183","153",,"3","3","100","1000","16713.614379085"
"2723210393","Meia Praia","UNIT","apartamento","2400000","135",,"3","3","1455","570","17777.7777777778"
"2760138827","Meia Praia","UNIT","apartamento","1900000","128",,"3","2",,,"14843.75"
"2739740521","Meia Praia","UNIT","apartamento","7008999","181",,"5","3",,"0","38723.7513812155"
"2738889669","Meia Praia","UNIT","apartamento","1699000","120",,"2","1",,,"14158.3333333333"
"2639321658","Meia Praia","UNIT","apartamento","1800000","123",,"2","1","1700","680","14634.1463414634"
"2749466195","Meia Praia","UNIT","apartamento","2400000","140",,"4","3","0","847","17142.8571428571"
"2752960643","Morretes","UNIT","apartamento","800000","69",,"2","1","0",,"11594.2028985507"
"2741498464","Meia Praia","UNIT","apartamento","5000000","209",,"1","3","2800","0","23923.4449760766"
"2738894941","Meia Praia","UNIT","apartamento","1620000","130",,"1","2","750","550","12461.5384615385"
"2767581594","Centro","UNIT","apartamento","8465000","229",,"4","3","100","2000","36965.0655021834"
"2764786648","Andorinha","UNIT","apartamento","1149590","109",,"2","1","980","560","10546.6972477064"
"2761506947","Meia Praia","UNIT","apartamento","4700000","300",,"5","3","96000","2200","15666.6666666667"
"2764630939","Meia Praia","UNIT","apartamento","2490000","188",,"5","3","3900","580","13244.6808510638"
"2769180490","Andorinha","UNIT","apartamento","2299820","129",,"4","4","3200","1000","17828.0620155039"
"2764632231","Meia Praia","UNIT","apartamento","1950000","123",,"4","3","2400","850","15853.6585365854"
"2759051821","Andorinha","UNIT","apartamento","1499280","113",,"4","2","1600","500","13267.9646017699"
"2715829001","Meia Praia","UNIT","apartamento","1600000","103",,"3","2","186","705","15533.9805825243"
"2747902892","Morretes","UNIT","apartamento","4798558","147",,"4","2","0","0","32643.2517006803"
"2744184761","Centro","UNIT","apartamento","3660000","219",,"5","3","2800","0","16712.3287671233"
"2653828355","Meia Praia","UNIT","apartamento","3475000","179",,"5","3","0","0","19413.4078212291"
"2764631734","Meia Praia","UNIT","apartamento","3800000","180",,"5","3","0","0","21111.1111111111"
"2766852027","Castelo Branco","UNIT","apartamento","2097800","203",,"5","3","0","0","10333.9901477833"
"2743410769","Centro","UNIT","apartamento","2100000","140",,"4","3",,"460","15000"
"2761579515","Meia Praia","UNIT","apartamento","6229000","262",,"5","3",,,"23774.8091603053"
"2737790127","Tabuleiro dos Oliveiras","UNIT","apartamento","800000","70",,"2","1","800","450","11428.5714285714"
"2754169028","Tabuleiro","UNIT","apartamento","699000","54",,"1","1","0","0","12944.4444444444"
"2688579817","Meia Praia","UNIT","apartamento","1259000","114",,"2","1","150","500","11043.8596491228"
"2682555962","Centro","UNIT","apartamento","3570000","238",,"5","3","2000","1000","15000"
"2754734845","Meia Praia","UNIT","apartamento","2790000","143",,"1","3","3400","0","19510.4895104895"
"2744012701","Meia Praia","UNIT","apartamento","2200000","133",,"3","2",,,"16541.3533834586"
"2706425794","Meia Praia","UNIT","apartamento","5500000","301",,"5","3","1","1","18272.4252491694"
"2732342157","Andorinha","UNIT","apartamento","877000","70",,"1","1",,,"12528.5714285714"
"2736915735","Morretes","UNIT","apartamento","800000","70",,"1","1","0",,"11428.5714285714"
"2754472405","Morretes","UNIT","apartamento","1050000","69",,"3","1","0","0","15217.3913043478"
"2765615373","Meia Praia","UNIT","apartamento","1860000","128",,"4","2",,,"14531.25"
"2754539634","Centro","UNIT","apartamento","4499000","300",,"5","3",,,"14996.6666666667"
"2764952049","Centro","UNIT","apartamento","2500000","127",,"4","2","0","0","19685.0393700787"
"2742329469","Castelo Branco","UNIT","apartamento","2150000","192",,"5","2","1400","700","11197.9166666667"
"2764858091","Meia Praia","UNIT","apartamento","4940000","268",,"5","2","0","0","18432.8358208955"
"2764955618","Andorinha","UNIT","apartamento","2581704","159",,"4","3","0","0","16237.1320754717"
"2765831321","Meia Praia","UNIT","apartamento","2199310","128",,"4","3","2000","800","17182.109375"
"2752440215","Centro","UNIT","apartamento","2550000","130",,"4","2","2000","1000","19615.3846153846"
"2748822725","Andorinha","UNIT","apartamento","2798800","185",,"5","3","250","250","15128.6486486486"
"2763648541","Tabuleiro dos Oliveiras","UNIT","apartamento","900000","64",,"2","1",,"0","14062.5"
"2756132656","Meia Praia","UNIT","apartamento","9709540","180",,"5","4","10000","1800","53941.8888888889"
"2721914372","Castelo Branco","UNIT","apartamento","2765000","240",,"4","3","2300","0","11520.8333333333"
"2684778889","Morretes","UNIT","apartamento","853836","69",,"3","1","0","0","12374.4347826087"
"2766303801","Centro","UNIT","apartamento","1852127","125",,"3","2",,,"14817.016"
"2734654622","<vazio>","UNIT","apartamento","1900000","128",,"4","2","1600","0","14843.75"
"2658963606","Centro","UNIT","apartamento","7627000","229",,"5","3","2500","1500","33305.6768558952"
"2740139955","Castelo Branco","UNIT","apartamento","2800000","142",,"4","2","1000","500","19718.3098591549"
"2660496804","Castelo Branco","UNIT","apartamento","2199000","145",,"5","3","800","680","15165.5172413793"
"2767581901","Andorinha","UNIT","apartamento","2420000","163",,"4","3","1000","951","14846.6257668712"
"2764220813","Andorinha","UNIT","apartamento","2600000","135",,"3","2",,"1200","19259.2592592593"
"2764632226","Meia Praia","UNIT","apartamento","3200000","122",,"4","3","2000","600","26229.5081967213"
"2660499259","Meia Praia","UNIT","outros","1100000","114",,"1","0",,,"9649.12280701754"
"2769182699","Andorinha","UNIT","apartamento","1699210","118",,"4","2","2890","1","14400.0847457627"
"2769853203","Morretes","UNIT","casa","798750","164",,"3","2","600","1","4870.42682926829"
"2769187030","Meia Praia","UNIT","apartamento","1689630","130",,"4","2","2873","1","12997.1538461538"
"2767584323","Centro","UNIT","apartamento","8491000","229",,"5","3","200","2000","37078.6026200873"
"2746689793","Meia Praia","UNIT","apartamento","2046450","130",,"1","2",,"0","15741.9230769231"
"2767581577","Meia Praia","UNIT","apartamento","4490000","300",,"4","3","4200","1550","14966.6666666667"
"2737767357","Meia Praia","UNIT","apartamento","2170000","129",,"4","3","900","900","16821.7054263566"
"2718921439","Morretes","UNIT","apartamento","4698800","280",,"6","5",,,"16781.4285714286"
"2764632145","Castelo Branco","UNIT","apartamento","2420000","123",,"2","2","0","0","19674.7967479675"
"2766280214","Meia Praia","UNIT","apartamento","2970000","182",,"4","2","0","0","16318.6813186813"
"2761579325","Centro","UNIT","apartamento","5353950","165",,"1","3",,,"32448.1818181818"
"2769183092","Andorinha","UNIT","apartamento","1479600","110",,"4","2","2616","1","13450.9090909091"
"2726250773","Meia Praia","UNIT","apartamento","1800000","100",,"3","2","72","500","18000"
"2739737151","Andorinha","UNIT","apartamento","2500000","176",,"5","3",,"1050","14204.5454545455"
"2751857113","Andorinha","UNIT","apartamento","2599140","160",,"4","3","2200","950","16244.625"
"2712551720","Meia Praia","UNIT","apartamento","2450000","153",,"1","3","2100","950","16013.0718954248"
"2764857981","Centro","UNIT","apartamento","4843960","262",,"5","4","0","0","18488.3969465649"
"2752672326","Centro","UNIT","apartamento","2890000","142",,"3","2","0","0","20352.1126760563"
"2636331857","Morretes","UNIT","apartamento","807717","57",,"2","1",,"3","14170.4736842105"
"2764631235","Centro","UNIT","apartamento","2450000","138",,"4","1","1500","600","17753.6231884058"
"2753628242","Meia Praia","UNIT","apartamento","1900000","124",,"4","2",,"0","15322.5806451613"
"2764952599","Andorinha","UNIT","apartamento","3175496","160",,"4","3","0","0","19846.85"
"2756064543","Morretes","UNIT","apartamento","814000","73",,"3","1","0","0","11150.6849315068"
"2560060462","Meia Praia","UNIT","apartamento","3850000","187",,"5","3",,,"20588.2352941176"
"2739740515","Meia Praia","UNIT","apartamento","3500000","200",,"5","3",,"0","17500"
"2753062842","Meia Praia","UNIT","apartamento","3500000","188",,"5","3","2000","830","18617.0212765957"
"2764635237","Meia Praia","UNIT","apartamento","2800000","180",,"5","2","2800","1069","15555.5555555556"
"2748247315","Meia Praia","UNIT","apartamento","7100000","240",,"5","3",,,"29583.3333333333"
"2727848741","Andorinha","UNIT","apartamento","1200000","229",,"1","1","0","0","5240.17467248908"
"2731290733","Meia Praia","UNIT","apartamento","2540000","138",,"4","2","200","1000","18405.7971014493"
"2764632437","Meia Praia","UNIT","apartamento","3790000","179",,"5","2","0","0","21173.1843575419"
"2626580008","Meia Praia","UNIT","apartamento","1250000","126",,"3","1","750","450","9920.63492063492"
"2764858964","Andorinha","UNIT","apartamento","2822663","160",,"4","3","0","0","17641.64375"
"2759539549","Centro","UNIT","apartamento","4350000","150",,"5","3","6024","650","29000"
"2692110090","Meia Praia","UNIT","apartamento","2990000","128",,"4","3","120","400","23359.375"
"2764630762","Meia Praia","UNIT","apartamento","2800000","160",,"4","3","0","0","17500"
"2738745232","Andorinha","UNIT","apartamento","1550000","118",,"4","2","2000","600","13135.593220339"
"2574271432","Centro","UNIT","apartamento","12825000","295",,"5","3","20","20","43474.5762711864"
"2721915528","Jardim Praia Mar","UNIT","apartamento","859000","64",,"2","1","750","0","13421.875"
"2755525509","Morretes","UNIT","apartamento","1157130","65",,"3","1",,,"17802"
"2764633138","Meia Praia","UNIT","apartamento","2300000","150",,"4","3","2300","500","15333.3333333333"
"2712503353","Centro","UNIT","apartamento","2695000","138",,"5","3","0","0","19528.9855072464"
"2719465572","Meia Praia","UNIT","apartamento","9800000","180",,"5","3",,"2400","54444.4444444444"
"2691351213","Morretes","UNIT","apartamento","5875000","163",,"4","2","1000","800","36042.9447852761"
"2722704598","Meia Praia","UNIT","apartamento","7888000","166",,"5","3",,"1400","47518.0722891566"
"2759066119","Meia Praia","UNIT","apartamento","2700000","142",,"4","2","1200","600","19014.0845070423"
"2736972459","Centro","UNIT","apartamento","1660000","135",,"3","3","3000","1500","12296.2962962963"
"2743079964","Canto da Praia","UNIT","apartamento","1225000","87",,"3","1","0","0","14080.4597701149"
"2655797193","Meia Praia","UNIT","apartamento","1650000","145",,"3","3","3700","700","11379.3103448276"
"2745703607","Meia Praia","UNIT","apartamento","3500000","164",,"4","3",,,"21341.4634146341"
"2752080502","Meia Praia","UNIT","apartamento","2299510","130",,"4","3","1200","800","17688.5384615385"
"2764632352","Meia Praia","UNIT","apartamento","5250000","140",,"4","2","1","1","37500"
"2754807595","Meia Praia","UNIT","apartamento","3190000","136",,"4","3","0","0","23455.8823529412"
"2763649732","Meia Praia","UNIT","apartamento","3800000","196",,"5","2","39948","1300","19387.7551020408"
"2744946433","Castelo Branco","UNIT","apartamento","1750000","122",,"3","2","1285","650","14344.262295082"
"2746689712","Meia Praia","UNIT","apartamento","2046450","130",,"1","2",,"0","15741.9230769231"
"2719555541","Centro","UNIT","apartamento","1935000","150",,"5","3",,,"12900"
"2755107504","Andorinha","UNIT","apartamento","850000","72",,"2","1",,,"11805.5555555556"
"2747716305","Meia Praia","UNIT","apartamento","1450000","141",,"2","1",,"0","10283.6879432624"
"2744014587","Meia Praia","UNIT","apartamento","2499000","123",,"3","2",,"900","20317.0731707317"
"2769187492","Meia praia","UNIT","apartamento","4329790","222",,"5","3","2000","1","19503.5585585586"
"2752999947","Morretes","UNIT","apartamento","1180000","70",,"3","1","0","0","16857.1428571429"
"2726961948","Meia Praia","UNIT","apartamento","2480000","190",,"5","3",,"0","13052.6315789474"
"2757731047","Meia Praia","UNIT","apartamento","1199390","92",,"2","1","970","370","13036.847826087"
"2764861513","Canto da Praia","UNIT","apartamento","2349900","233",,"4","2","0","0","10085.4077253219"
"2747202723","Meia Praia","UNIT","apartamento","2150000","127",,"4","3","0","0","16929.1338582677"
"2753187698","Meia Praia","UNIT","apartamento","1790000","131",,"2","2","1300","711","13664.1221374046"
"2761175828","Meia Praia","UNIT","apartamento","2600000","145",,"5","3","3000","500","17931.0344827586"
"2769474226","Canto da Praia","UNIT","apartamento","2349450","233",,"4","2","4800","850","10083.4763948498"
"2769177074","Andorinha","UNIT","apartamento","2409440","112",,"2","2","2500","1000","21512.8571428571"
"2754190911","Andorinha","UNIT","apartamento","2868800","186",,"4","3",,,"15423.6559139785"
"2746744110","Meia Praia","UNIT","apartamento","3900000","152",,"4","3",,,"25657.8947368421"
"2764975672","Meia Praia","UNIT","apartamento","3980000","216",,"3","2",,"0","18425.9259259259"
"2751872599","Andorinha","UNIT","apartamento","1990000","138",,"4","2",,,"14420.2898550725"
"2681256937","Meia Praia","UNIT","apartamento","10669144","265",,"5","4",,,"40260.920754717"
"2752622017","Canto da Praia","UNIT","apartamento","1690000","116",,"4","2","800","400","14568.9655172414"
"2767583720","Castelo Branco","UNIT","apartamento","2990000","174",,"4","3","2739","750","17183.908045977"
"2740006706","Meia Praia","UNIT","apartamento","1900000","128",,"3","3",,"0","14843.75"
"2750473071","Meia Praia","UNIT","apartamento","2390000","113",,"3","3",,,"21150.4424778761"
"2769186821","Casa Branca","UNIT","terreno","2599790","1875",,"0","0","6759","1","1386.55466666667"
"2764860536","Meia Praia","UNIT","apartamento","2900000","124",,"4","2","0","0","23387.0967741935"
"2751167975","Meia Praia","UNIT","apartamento","850000","110",,"1","1","0",,"7727.27272727273"
"2743692960","<vazio>","UNIT","apartamento","1680000","127",,"1","2","239","1205","13228.3464566929"
"2744791972","Meia Praia","UNIT","apartamento","1400000","101",,"2","2","1139","600","13861.3861386139"
"2754166028","Sert?o do Trombudo","UNIT","apartamento","849000","65",,"2","1","900","370","13061.5384615385"
"2769472780","Centro","UNIT","apartamento","2289200","130",,"4","2","3500","1200","17609.2307692308"
"2760453615","Centro","UNIT","apartamento","1990000","131",,"4","2","0","0","15190.8396946565"
"2761579521","Morretes","UNIT","apartamento","949000","67",,"3","1",,,"14164.1791044776"
"2685762733","Meia Praia","UNIT","apartamento","7588000","261",,"5","3","0","0","29072.7969348659"
"2710363135","Centro","UNIT","apartamento","7680000","325",,"5","3",,,"23630.7692307692"
"2766852720","Meia Praia","UNIT","apartamento","1850000","134",,"4","2","0","800","13805.9701492537"
"2756173726","Meia Praia","UNIT","apartamento","3200000","121",,"4","3","0","0","26446.2809917355"
"2766578720","<vazio>","UNIT","apartamento","3100000","128",,"4","3",,,"24218.75"
"2760453620","Meia Praia","UNIT","apartamento","1850000","132",,"4","2",,"0","14015.1515151515"
"2764631503","Morretes","UNIT","apartamento","3800000","151",,"4","2","1","1","25165.5629139073"
"2722258734","Andorinha","UNIT","apartamento","2800000","144",,"1","3",,,"19444.4444444444"
"2735381225","Meia Praia","UNIT","apartamento","1400000","120",,"3","2","1100","600","11666.6666666667"
"2764633068","Meia Praia","UNIT","apartamento","1890832","105",,"4","2","0","0","18007.9238095238"
"2752690316","Meia Praia","UNIT","apartamento","1680000","105",,"4","2","1200","600","16000"
"2747203801","Centro","UNIT","apartamento","1890000","149",,"4","2","0","0","12684.5637583893"
"2609062485","Centro","UNIT","apartamento","5300000","145",,"4","2","0","1350","36551.724137931"
"2737417817","Morretes","UNIT","apartamento","828000","62",,"1","1","800","480","13354.8387096774"
"2753364713","Andorinha","UNIT","apartamento","1609100","190",,"3","2","1110","693","8468.94736842105"
"2764750464","Meia Praia","UNIT","apartamento","1960000","120",,"4","2","531","783","16333.3333333333"
"2747203010","Morretes","UNIT","apartamento","830000","67",,"2","1","0","0","12388.0597014925"
"2744014585","Meia Praia","UNIT","apartamento","3100000","161",,"3","3",,"750","19254.6583850932"
"2760453616","Meia Praia","UNIT","apartamento","1890000","133",,"4","2",,"0","14210.5263157895"
"2747718698","Meia Praia","UNIT","apartamento","2200000","134",,"4","2","26400","650","16417.9104477612"
"2759604639","Centro","UNIT","apartamento","4350000","150",,"5","3","6024","650","29000"
"2681270499","Meia Praia","UNIT","apartamento","1400000","112",,"4","2",,,"12500"
"2758953520","Meia Praia","UNIT","apartamento","2700000","142",,"4","2","1200","600","19014.0845070423"
"2762834032","Morretes","UNIT","apartamento","850000","68",,"2","1","1000","350","12500"
"2658177537","Centro","UNIT","apartamento","3189670","160",,"4","3","0","0","19935.4375"
"2747203312","Meia Praia","UNIT","apartamento","3475000","179",,"4","3","0","0","19413.4078212291"
"2753631101","Meia Praia","UNIT","apartamento","2200000","170",,"4","3","2350","800","12941.1764705882"
"2749229844","Centro","UNIT","apartamento","2600000","185",,"5","2",,,"14054.0540540541"
"2769186944","Castelo Branco","UNIT","apartamento","1685010","120",,"4","2","2866","1","14041.75"
"2769149722","Meia Praia","UNIT","apartamento","3750000","142",,"4","3",,,"26408.4507042254"
"2754169326","Castelo Branco","UNIT","apartamento","1850000","130",,"1","3","0","1","14230.7692307692"
"2721918733","Castelo Branco","UNIT","apartamento","2550000","240",,"5","3","2300","0","10625"
"2764861514","Canto da Praia","UNIT","apartamento","3303437","141",,"4","2","0","0","23428.6312056738"
"2767282526","Centro","UNIT","apartamento","3489470","170",,"5","3","3850","2000","20526.2941176471"
"2767582362","Andorinha","UNIT","apartamento","1750000","126",,"3","2","100",,"13888.8888888889"
"2723211739","Meia Praia","UNIT","apartamento","7800000","181",,"4","3","4000","1300","43093.9226519337"
"2767581644","Meia Praia","UNIT","apartamento","2438000","158",,"3","2","2950","700","15430.3797468354"
"2760094101","Meia Praia","UNIT","apartamento","2870000","192",,"5","4","3000","1500","14947.9166666667"
"2764895318","Castelo Branco","UNIT","apartamento","1930000","123",,"5","2","0","0","15691.0569105691"
"2759673332","Meia Praia","UNIT","apartamento","1490000","100",,"3","3","1200","600","14900"
"2766830624","Castelo Branco","UNIT","apartamento","4600000","180",,"5","3","1","1140","25555.5555555556"
"2740240604","Castelo Branco","UNIT","apartamento","1990000","116",,"3","2",,"0","17155.1724137931"
"2754739394","Meia Praia","UNIT","apartamento","2250000","131",,"4","3","3000","1000","17175.572519084"
"2744015473","Meia Praia","UNIT","apartamento","8993000","180",,"4","3",,,"49961.1111111111"
"2560056551","Meia Praia","UNIT","apartamento","1580100","126",,"4","2",,,"12540.4761904762"
"2717034741","Meia Praia","UNIT","apartamento","10023055","250",,"1","3","0","0","40092.22"
"2763101628","Meia Praia","UNIT","apartamento","3500000","190",,"5","3","0","0","18421.0526315789"
"2745247998","Meia Praia","UNIT","apartamento","1030000","73",,"2","2","752","0","14109.5890410959"
"2616278698","Morretes","UNIT","apartamento","1000000","70",,"3","1","650","0","14285.7142857143"
"2691079918","Morretes","UNIT","casa","790000","95",,"3","2","500","0","8315.78947368421"
"2753537271","Centro","UNIT","apartamento","1690000","136",,"4","3","1690","0","12426.4705882353"
"2630668686","Andorinha","UNIT","apartamento","1000000","116",,"1","1","1000","550","8620.68965517241"
"2748437998","Meia Praia","UNIT","apartamento","1735397","135",,"4","2",,"0","12854.7925925926"
"2765064366","Meia Praia","UNIT","apartamento","1684000","105",,"1","2","100","0","16038.0952380952"
"2751294994","Meia Praia","UNIT","apartamento","947000","40",,"1","1","1000","500","23675"
"2744005552","Andorinha","UNIT","apartamento","4490000","187",,"5","3","0","850","24010.6951871658"
"2769278714","Andorinha","UNIT","apartamento","4489850","300",,"5","3","7563","1","14966.1666666667"
"2764632189","Meia Praia","UNIT","apartamento","2478000","236",,"5","2","2100","1100","10500"
"2765087752","Castelo Branco","UNIT","apartamento","2200000","132",,"4","0","0","0","16666.6666666667"
"2767584527","Castelo Branco","UNIT","apartamento","4956000","297",,"4","3","100",,"16686.8686868687"
"2742890665","Meia Praia","UNIT","apartamento","2100000","126",,"4","3",,"0","16666.6666666667"
"2752691208","Morretes","UNIT","apartamento","3100000","156",,"5","3","2200","1400","19871.7948717949"
"2753257900","Morretes","UNIT","apartamento","850000","68",,"2","1","1000","350","12500"
"2698417242","Morretes","UNIT","apartamento","700000","56",,"1","1","100","0","12500"
"2769187133","Meia Praia","UNIT","apartamento","1528077","105",,"4","2","2597","1","14553.1142857143"
"2764979817","Meia Praia","UNIT","apartamento","1850000","129",,"4","2","1750","700","14341.0852713178"
"2744015762","Alto S?o Bento","UNIT","apartamento","850000","70",,"2","1","850","420","12142.8571428571"
"2747918614","Meia Praia","UNIT","apartamento","1750000","117",,"3","2","0",,"14957.264957265"
"2764860327","Meia Praia","UNIT","apartamento","1828000","123",,"4","2","1000","600","14861.7886178862"
"2765785845","Andorinha","UNIT","apartamento","2780000","160",,"3","3",,,"17375"
"2761592262","Centro","UNIT","apartamento","3495000","179",,"5","3",,,"19525.1396648045"
"2744598407","Meia Praia","UNIT","apartamento","3700000","156",,"5","3","0","1300","23717.9487179487"
"2650750167","Meia Praia","UNIT","apartamento","1700000","139",,"2","2",,"600","12230.2158273381"
"2749327198","Morretes","UNIT","apartamento","4517000","183",,"1","3","0","0","24683.0601092896"
"2764633844","Meia Praia","UNIT","apartamento","2995000","142",,"4","3","2000","600","21091.5492957746"
"2764632877","Andorinha","UNIT","apartamento","2500000","127",,"4","2","0","0","19685.0393700787"
"2754703999","Centro","UNIT","apartamento","3000000","140",,"4","2","2000","700","21428.5714285714"
"2691074261","Meia Praia","UNIT","apartamento","1200000","141",,"2","1","875","440","8510.63829787234"
"2721668977","Meia Praia","UNIT","apartamento","2324350","160",,"5","3","0","0","14527.1875"
"2764630850","Centro","UNIT","apartamento","2758050","111",,"4","2","0","0","24847.2972972973"
"2764633141","Centro","UNIT","apartamento","2998000","131",,"4","2","0","0","22885.4961832061"
"2764633338","Meia Praia","UNIT","apartamento","2100000","120",,"4","2","0","0","17500"
"2767582920","Centro","UNIT","apartamento","1050000","110",,"1","1","100","350","9545.45454545455"
"2769181221","Castelo Branco","UNIT","apartamento","1597880","95",,"4","2","1400","550","16819.7894736842"
"2743253324","Centro","UNIT","apartamento","1400000","123",,"3","2","1200","600","11382.1138211382"
"2764632188","Meia Praia","UNIT","apartamento","2000000","115",,"4","3","0","550","17391.3043478261"
"2759256553","Meia Praia","UNIT","apartamento","1277000","96",,"2","1","0","230","13302.0833333333"
"2748547350","Meia Praia","UNIT","apartamento","1799000","100",,"3","2","0","339","17990"
"2560636970","Morretes","UNIT","apartamento","797000","70",,"2","1","0","0","11385.7142857143"
"2732165220","Centro","UNIT","apartamento","1500000","135",,"3","0",,,"11111.1111111111"
"2766855816","Morretes","UNIT","apartamento","771800","70",,"2","1","0","0","11025.7142857143"
"2750157309","Meia Praia","UNIT","apartamento","920000","110",,"1","1","0",,"8363.63636363636"
"2760222331","Meia Praia","UNIT","apartamento","860000","70",,"2","1","1250","650","12285.7142857143"
"2748821449","Centro","UNIT","apartamento","2698800","163",,"5","3","250","250","16557.0552147239"
"2661820192","<vazio>","UNIT","apartamento","1900000","127",,"4","2","1600","0","14960.6299212598"
"2758636417","Meia Praia","UNIT","apartamento","2600000","146",,"5","3","3000","1500","17808.2191780822"
"2748742293","Meia Praia","UNIT","apartamento","1050000","110",,"2","1",,"350","9545.45454545455"
"2747203138","Meia Praia","UNIT","apartamento","2790000","142",,"4","3","0","0","19647.8873239437"
"2753365812","Castelo Branco","UNIT","apartamento","1599580","105",,"2","4","1800","650","15234.0952380952"
"2754171399","Meia Praia","UNIT","apartamento","1680000","123",,"1","2","750","380","13658.5365853659"
"2764631700","Andorinha","UNIT","apartamento","6000000","350",,"5","4","0","0","17142.8571428571"
"2749657731","Centro","UNIT","apartamento","1874135","142",,"3","2","1800","800","13198.1338028169"
"2764953333","Meia Praia","UNIT","apartamento","1200000","85",,"2","2","1405","900","14117.6470588235"
"2760934515","Meia Praia","UNIT","apartamento","1430000","118",,"3","1","900","500","12118.6440677966"
"2763091314","Morretes","UNIT","apartamento","750000","40",,"1","1",,,"18750"
"2725685040","Meia Praia","UNIT","apartamento","2398000","135",,"4","3","1700","800","17762.962962963"
"2751170297","Meia Praia","UNIT","apartamento","2099000","140",,"3","2","2500","700","14992.8571428571"
"2736927937","Centro","UNIT","apartamento","2065000","100",,"4","2","0","0","20650"
"2754578117","Andorinha","UNIT","apartamento","7210000","166",,"5","3",,,"43433.734939759"
"2767581350","Andorinha","UNIT","apartamento","1990000","121",,"4","2","150",,"16446.2809917355"
"2763648646","Meia Praia","UNIT","apartamento","1300000","110",,"2","2","24000","550","11818.1818181818"
"2737767452","Centro","UNIT","apartamento","3000000","129",,"4","3","1000","900","23255.8139534884"
"2690610050","Meia Praia","UNIT","apartamento","1480000","112",,"2","1","1200","0","13214.2857142857"
"2766852219","Meia Praia","UNIT","apartamento","2348800","164",,"5","3","0","0","14321.9512195122"
"2743410766","Meia Praia","UNIT","apartamento","2000000","146",,"5","3","0","600","13698.6301369863"
"2737232059","Meia Praia","UNIT","apartamento","7600000","300",,"5","3","0","0","25333.3333333333"
"2764634328","Meia Praia","UNIT","apartamento","1900000","115",,"4","1","2055","904","16521.7391304348"
"2753756912","Castelo Branco","UNIT","apartamento","2250000","127",,"1","3",,,"17716.5354330709"
"2560060280","Morretes","UNIT","apartamento","833848","70",,"3","1",,,"11912.1142857143"
"2764630669","Centro","UNIT","apartamento","899000","1594",,"2","1","600","615","563.989962358846"
"2747717905","Meia Praia","UNIT","apartamento","6538000","169",,"4","3",,"0","38686.3905325444"
"2763105731","Meia Praia","UNIT","apartamento","4940000","268",,"4","2","6613","1331","18432.8358208955"
"2754764096","Meia Praia","UNIT","apartamento","2748000","163",,"4","3",,,"16858.8957055215"
"2744941691","Centro","UNIT","apartamento","2800000","140",,"4","2","0","500","20000"
"2744009369","Meia Praia","UNIT","apartamento","3200000","179",,"5","3","0","850","17877.094972067"
"2764632234","Meia Praia","UNIT","apartamento","6900000","331",,"5","2","4800","2200","20845.9214501511"
"2750496106","Castelo Branco","UNIT","apartamento","1850000","126",,"1","2","1000","650","14682.5396825397"
"2759881716","Sert?o do Trombudo","UNIT","apartamento","683000","56",,"1","1",,,"12196.4285714286"
"2757306732","Meia Praia","UNIT","apartamento","1791760","140",,"2","2","1800","850","12798.2857142857"
"2747097709","Meia Praia","UNIT","apartamento","3990000","182",,"5","4","0","1000","21923.0769230769"
"2759711316","Centro","UNIT","apartamento","1949030","105",,"3","2","2500","700","18562.1904761905"
"2757764823","Meia Praia","UNIT","apartamento","1250000","98",,"7","1","750","580","12755.1020408163"
"2766850722","Meia Praia","UNIT","apartamento","2490000","137",,"4","3","0","0","18175.1824817518"
"2768646648","Centro","UNIT","apartamento","6950000","200",,"5","3","9479","2362","34750"
"2752688542","Sert?o do Trombudo","UNIT","apartamento","849000","64",,"2","1","900","370","13265.625"
"2712552602","Morretes","UNIT","apartamento","900000","60",,"1","1",,"280","15000"
"2754964569","Meia Praia","UNIT","apartamento","2800000","160",,"4","3",,"998","17500"
"2754760100","Morretes","UNIT","apartamento","868000","59",,"2","1",,,"14711.8644067797"
"2766852313","Meia Praia","UNIT","apartamento","1989800","150",,"4","3","0","0","13265.3333333333"
"2765118555","Meia Praia","UNIT","apartamento","1800000","103",,"2","2","0","0","17475.7281553398"
"2644975012","Morretes","UNIT","comercial","2000000","365",,"11","0",,"0","5479.45205479452"
"2510658785","<vazio>","UNIT","apartamento","2100000","73",,"2","2",,,"28767.1232876712"
"2558703972","<vazio>","UNIT","apartamento","1151016","248",,"3","2",,,"4641.1935483871"
"2450381095","Castelo Branco","UNIT","apartamento","3990000","174",,"5","3","2672","721","22931.0344827586"
"2754701936","Meia Praia","UNIT","apartamento","1900000","124",,"4","2","0","0","15322.5806451613"
"2747916947","Meia Praia","UNIT","apartamento","1790000","110",,"3","4","0",,"16272.7272727273"
"2661819870","Meia Praia","UNIT","apartamento","3499900","280",,"5","3","3500","1800","12499.6428571429"
"2738007852","Meia Praia","UNIT","apartamento","2200000","129",,"4","3","1200","850","17054.2635658915"
"2725553235","Centro","UNIT","apartamento","2000000","100",,"1","2","0","575","20000"
"2763090917","Andorinha","UNIT","apartamento","1790000","110",,"4","4",,,"16272.7272727273"
"2672320710","Meia Praia","UNIT","apartamento","1700000","140",,"2","1",,"650","12142.8571428571"
"2769186372","Andorinha","UNIT","apartamento","1579480","112",,"4","2","2686","1","14102.5"
"2727331660","Meia Praia","UNIT","apartamento","4591000","180",,"5","3",,,"25505.5555555556"
"2752690430","Centro","UNIT","apartamento","4900000","200",,"5","4","3900","1250","24500"
"2736133040","Meia Praia","UNIT","apartamento","1960000","122",,"1","2","243","530","16065.5737704918"
"2753061091","Meia Praia","UNIT","apartamento","2330000","120",,"3","2",,"697","19416.6666666667"
"2766854022","Meia Praia","UNIT","apartamento","3026800","163",,"5","3","0","0","18569.3251533742"
"2758880820","Meia Praia","UNIT","apartamento","1650000","101",,"2","1","986","555","16336.6336633663"
"2766854614","Centro","UNIT","apartamento","2198800","163",,"5","3","0","0","13489.5705521472"
"2768634230","Meia Praia","UNIT","apartamento","1250000","98",,"1","1","750","580","12755.1020408163"
"2769538113","Meia Praia","UNIT","apartamento","2500000","188",,"4","3","3900","580","13297.8723404255"
"2744959494","Castelo Branco","UNIT","apartamento","1198000","95",,"3","2","1200","400","12610.5263157895"
"2767584028","Meia Praia","UNIT","apartamento","6158564","240",,"4","3","150",,"25660.6833333333"
"2769409521","Centro","UNIT","apartamento","2650000","140",,"4","3",,"618","18928.5714285714"
"2604538475","Meia Praia","UNIT","apartamento","1749999","134",,"4","13","1","1","13059.6940298507"
"2747203004","Morretes","UNIT","apartamento","839000","58",,"2","1","0","0","14465.5172413793"
"2746689710","Andorinha","UNIT","apartamento","2623950","140",,"3","2",,"0","18742.5"
"2752767694","Meia Praia","UNIT","apartamento","4500000","212",,"4","3",,,"21226.4150943396"
"2757731342","Meia Praia","UNIT","apartamento","3689060","260",,"2","3","5500","850","14188.6923076923"
"2766854819","Centro","UNIT","apartamento","4279184","180",,"5","3","0","0","23773.2444444444"
"2766854318","Meia Praia","UNIT","apartamento","2398000","138",,"4","2","0","0","17376.8115942029"
"2749415695","Andorinha","UNIT","apartamento","1799230","120",,"4","4","1900","650","14993.5833333333"
"2767582368","Andorinha","UNIT","apartamento","1860000","126",,"3","2","100",,"14761.9047619048"
"2767582649","Meia Praia","UNIT","apartamento","2350000","135",,"4","3","1000","951","17407.4074074074"
"2609062174","Meia Praia","UNIT","apartamento","4900000","297",,"4","3","3200","930","16498.3164983165"
"2764182530","Andorinha","UNIT","apartamento","2500000","132",,"4","3",,,"18939.3939393939"
"2766851717","Meia Praia","UNIT","apartamento","2303800","183",,"5","3","0","0","12589.0710382514"
"2595098840","Centro","UNIT","apartamento","1740000","113",,"3","1","1600","800","15398.2300884956"
"2725865569","Canto da Praia","UNIT","apartamento","2349900","233",,"4","2","2000","1000","10085.4077253219"
"2767583060","Meia Praia","UNIT","apartamento","1820000","103",,"3","2","100","300","17669.9029126214"
"2765064431","Meia Praia","UNIT","apartamento","2100000","170",,"1","3","100","930","12352.9411764706"
"2766855820","Meia Praia","UNIT","apartamento","1650000","135",,"4","3","1900","500","12222.2222222222"
"2758313118","Centro","UNIT","apartamento","1750000","117",,"4","2","1000","620","14957.264957265"
"2752780099","Meia Praia","UNIT","apartamento","4200000","190",,"5","2",,"0","22105.2631578947"
"2754578121","Castelo Branco","UNIT","apartamento","9998000","180",,"5","3",,,"55544.4444444444"
"2769184191","Tabuleiro dos Oliveiras","UNIT","apartamento","749780","53",,"2","1","1275","1","14146.7924528302"
"2743411675","Meia Praia","UNIT","apartamento","2490000","140",,"4","3","0","576","17785.7142857143"
"2766852126","Meia Praia","UNIT","apartamento","3032800","129",,"4","3","0","0","23510.0775193798"
"2759539837","Centro","UNIT","apartamento","4250000","180",,"5","2","6000","2500","23611.1111111111"
"2699374073","Meia Praia","UNIT","apartamento","3307500","212",,"5","2",,"0","15601.4150943396"
"2747202324","Morretes","UNIT","apartamento","7992000","190",,"5","3","0","0","42063.1578947368"
"2764630846","Andorinha","UNIT","apartamento","1700000","114",,"4","2","0","0","14912.2807017544"
"2764631857","Morretes","UNIT","apartamento","1200000","70",,"3","1","1180","500","17142.8571428571"
"2764632378","Meia Praia","UNIT","apartamento","1200000","92",,"2","1","960","700","13043.4782608696"
"2764894920","Centro","UNIT","apartamento","7500000","237",,"5","3","0","0","31645.5696202532"
"2767581975","Centro","UNIT","apartamento","2183000","119",,"3","3","100","400","18344.5378151261"
"2763099747","Meia Praia","UNIT","apartamento","4462945","213",,"5","3","0","0","20952.79342723"
"2766852117","Andorinha","UNIT","apartamento","1863729","130",,"4","2","0","0","14336.3769230769"
"2764634728","Meia Praia","UNIT","apartamento","1900000","128",,"4","2","2504","600","14843.75"
"2661819273","Meia Praia","UNIT","apartamento","2130000","370",,"2","1","1500","468","5756.75675675676"
"2757201415","Castelo Branco","UNIT","apartamento","1737416","135",,"1","2",,"0","12869.7481481481"
"2730624646","Centro","UNIT","apartamento","1200000","42",,"1","1",,,"28571.4285714286"
"2753354293","Andorinha","UNIT","apartamento","4600000","280",,"5","3","542","1000","16428.5714285714"
"2764631730","Meia Praia","UNIT","apartamento","2700000","141",,"3","2","0","700","19148.9361702128"
"2644030574","Meia Praia","UNIT","apartamento","1959000","99",,"4","2",,"650","19787.8787878788"
"2626577117","Meia Praia","UNIT","apartamento","850000","40",,"1","1","480","0","21250"
"2742888186","Centro","UNIT","apartamento","2700000","173",,"4","2","0","0","15606.936416185"
"2761812829","Tabuleiro dos Oliveiras","UNIT","apartamento","825000","54",,"1","1","0",,"15277.7777777778"
"2769184254","Morretes","UNIT","comercial","849730","60",,"1","1","1445","1","14162.1666666667"
"2769188945","Andorinha","UNIT","apartamento","2835500","187",,"4","2","4760","1","15163.1016042781"
"2738794351","Andorinha","UNIT","comercial","1550000","120",,"1","1","1100","617","12916.6666666667"
"2766852333","Meia Praia","UNIT","apartamento","2489800","127",,"4","2","0","0","19604.7244094488"
"2769188589","Castelo Branco","UNIT","apartamento","4599320","274",,"5","2","5950","1","16785.8394160584"
"2743710496","Centro","UNIT","apartamento","3000000","200",,"6","4","0","0","15000"
"2758295346","Centro","UNIT","apartamento","1750000","117",,"4","2","1000","620","14957.264957265"
"2760096338","Meia Praia","UNIT","apartamento","2399000","129",,"4","2","2000","1000","18596.8992248062"
"2759514222","Morretes","UNIT","apartamento","5500000","165",,"5","2","3500","1900","33333.3333333333"
"2753500206","Andorinha","UNIT","apartamento","2499880","200",,"5","2","1700","700","12499.4"
"2747203498","Meia Praia","UNIT","apartamento","2500000","152",,"4","3","0","0","16447.3684210526"
"2692701058","Centro","UNIT","apartamento","4699000","165",,"4","3","0","0","28478.7878787879"
"2754744775","Meia Praia","UNIT","apartamento","9753104","254",,"1","3",,"0","38398.0472440945"
"2764635025","Morretes","UNIT","apartamento","920000","62",,"2","1","0","0","14838.7096774194"
"2766855124","Meia Praia","UNIT","apartamento","2103380","135",,"4","2","0","0","15580.5925925926"
"2661820462","Meia Praia","UNIT","apartamento","1500000","127",,"2","1","1150","500","11811.0236220472"
"2764857245","Meia Praia","UNIT","apartamento","1785000","123",,"4","3","1000","600","14512.1951219512"
"2733289825","Meia Praia","UNIT","apartamento","4709453","148",,"1","2","0","0","31820.6283783784"
"2744015189","Castelo Branco","UNIT","apartamento","1700000","118",,"3","2",,,"14406.7796610169"
"2747720708","Centro","UNIT","apartamento","4849800","189",,"4","2","1","1","25660.3174603175"
"2754427802","Morretes","UNIT","apartamento","900000","62",,"2","1","0","310","14516.1290322581"
"2769185377","Castelo Branco","UNIT","apartamento","1579650","106",,"3","2","2686","1","14902.358490566"
"2740007346","Meia Praia","UNIT","apartamento","2600000","129",,"4","2",,"0","20155.0387596899"
"2752784594","Castelo Branco","UNIT","apartamento","3500000","188",,"5","3",,,"18617.0212765957"
"2729769313","Morretes","UNIT","apartamento","2500000","300",,"3","2","2850","870","8333.33333333333"
"2765062372","Andorinha","UNIT","apartamento","1740000","113",,"1","2","100","0","15398.2300884956"
"2747203696","Morretes","UNIT","apartamento","870000","63",,"3","1","0","0","13809.5238095238"
"2760934141","Meia Praia","UNIT","apartamento","4900000","212",,"5","3",,"0","23113.2075471698"
"2741683972","Meia Praia","UNIT","apartamento","1495000","149",,"3","2","1500","500","10033.5570469799"
"2720076525","Meia Praia","UNIT","apartamento","2350000","135",,"1","3",,"950","17407.4074074074"
"2747202729","Morretes","UNIT","apartamento","898000","67",,"2","1","0","0","13402.9850746269"
"2764951003","Morretes","UNIT","apartamento","7900000","236",,"6","3","5903","2798","33474.5762711864"
"2760097417","Meia Praia","UNIT","apartamento","2297600","118",,"4","3","2000","1000","19471.186440678"
"2754703311","Meia Praia","UNIT","apartamento","3800000","175",,"4","3","0","1500","21714.2857142857"
"2753354110","Andorinha","UNIT","apartamento","10000000","180",,"5","3","300","2100","55555.5555555556"
"2764979713","Meia Praia","UNIT","apartamento","6500000","140",,"4","3","4200","1650","46428.5714285714"
"2764671540","Meia Praia","UNIT","apartamento","1790000","125",,"2","2","0","600","14320"
"2766851321","Castelo Branco","UNIT","apartamento","2099800","174",,"5","3","0","0","12067.816091954"
"2743161392","Meia Praia","UNIT","apartamento","3600000","131",,"4","3",,"0","27480.9160305344"
"2760220034","Meia Praia","UNIT","apartamento","2399000","129",,"4","2","2000","1000","18596.8992248062"
"2750946221","Meia Praia","UNIT","apartamento","5996550","344",,"5","4","4500","1500","17431.8313953488"
"2764954573","Meia Praia","UNIT","apartamento","1913000","81",,"3","2","0","0","23617.2839506173"
"2742641170","Meia Praia","UNIT","apartamento","3980000","216",,"3","2","3425","1054","18425.9259259259"
"2717034934","Meia Praia","UNIT","apartamento","2151000","142",,"4","0","2400","0","15147.8873239437"
"2735637222","Centro","UNIT","apartamento","2990000","191",,"5","3","0","1522","15654.4502617801"
"2751855819","Centro","UNIT","apartamento","2789200","136",,"4","3","2","1","20508.8235294118"
"2750094817","Meia Praia","UNIT","apartamento","1690000","218",,"1","2","1200","700","7752.29357798165"
"2750186803","Andorinha","UNIT","apartamento","1950000","131",,"4","2","0","513","14885.4961832061"
"2769181325","Meia Praia","UNIT","apartamento","4349440","188",,"5","3","9000","1800","23135.3191489362"
"2769476140","Meia Praia","UNIT","apartamento","1762322","142",,"4","2","3113","1","12410.7183098592"
"2676679928","Centro","UNIT","apartamento","4132000","236",,"5","3","0","0","17508.4745762712"
"2558703391","<vazio>","UNIT","apartamento","1950000","230",,"5","3",,,"8478.26086956522"
"2763240418","Meia Praia","UNIT","apartamento","7100000","181",,"5","3","2127","4000","39226.5193370166"
"2766853619","Meia Praia","UNIT","apartamento","1899800","150",,"5","3","0","0","12665.3333333333"
"2681626998","Meia Praia","UNIT","apartamento","1400000","168",,"3","2","1990","580","8333.33333333333"
"2767581885","Andorinha","UNIT","apartamento","1900000","126",,"3","2","100",,"15079.3650793651"
"2769514828","Centro","UNIT","apartamento","900000","75",,"2","2",,,"12000"
"2750758637","Meia Praia","UNIT","apartamento","2650000","128",,"4","2",,"750","20703.125"
"2723185638","Meia Praia","UNIT","apartamento","1850000","128",,"2","3","2917","789","14453.125"
"2722904680","Andorinha","UNIT","apartamento","5000000","208",,"1","3",,,"24038.4615384615"
"2760452028","Castelo Branco","UNIT","apartamento","1970000","272",,"4","2","0","710","7242.64705882353"
"2741752058","Andorinha","UNIT","apartamento","1700000","113",,"4","2","1000","600","15044.2477876106"
"2744006722","Andorinha","UNIT","apartamento","1900000","131",,"4","2",,"0","14503.8167938931"
"2752618526","Andorinha","UNIT","apartamento","1790000","116",,"3","2",,,"15431.0344827586"
"2646970975","Centro","UNIT","apartamento","1850000","1490",,"1","2",,"700","1241.61073825503"
"2759671135","Centro","UNIT","apartamento","4250000","180",,"5","2","6000","2500","23611.1111111111"
"2767582547","Meia Praia","UNIT","apartamento","6830000","157",,"4","2","500",,"43503.1847133758"
"2759826588","Meia Praia","UNIT","apartamento","2690000","167",,"1","0","4500","812","16107.7844311377"
"2746697419","Meia Praia","UNIT","apartamento","2398000","135",,"1","3","1000","967","17762.962962963"
"2744009672","Centro","UNIT","apartamento","5319306","183",,"5","3",,"0","29067.2459016393"
"2746743040","Meia Praia","UNIT","apartamento","3550000","125",,"3","2",,,"28400"
"2751474912","Meia Praia","UNIT","apartamento","1490000","102",,"1","2","0","450","14607.8431372549"
"2760188818","Meia Praia","UNIT","apartamento","2090000","133",,"3","2","0","0","15714.2857142857"
"2746191409","Meia Praia","UNIT","apartamento","2800000","202",,"5","3","0","0","13861.3861386139"
"2766854219","Castelo Branco","UNIT","apartamento","1799800","132",,"4","2","0","0","13634.8484848485"
"2747718601","Meia Praia","UNIT","apartamento","3500000","182",,"5","3",,"500","19230.7692307692"
"2768679428","Meia Praia","UNIT","apartamento","3100000","160",,"4","3",,"998","19375"
"2727832118","Canto da Praia","UNIT","apartamento","2800000","243",,"1","3","0","0","11522.633744856"
"2760155927","Meia Praia","UNIT","apartamento","2297600","118",,"4","3","2000","1000","19471.186440678"
"2760220857","Meia Praia","UNIT","apartamento","2297600","118",,"4","3","2000","1000","19471.186440678"
"2764895314","Tabuleiro dos Oliveiras","UNIT","apartamento","950000","69",,"2","1","0","0","13768.115942029"
"2762332018","Tabuleiro dos Oliveiras","UNIT","apartamento","828801","65",,"3","1",,,"12750.7846153846"
"2560056885","Centro","UNIT","apartamento","7789000","229",,"5","3",,,"34013.1004366812"
"2766291831","Meia Praia","UNIT","apartamento","3800000","140",,"3","2","0",,"27142.8571428571"
"2744014213","Centro","UNIT","apartamento","1600000","87",,"1","1","560","480","18390.8045977011"
"2756708915","Meia Praia","UNIT","apartamento","2600000","145",,"5","2",,"740","17931.0344827586"
"2700337401","Meia Praia","UNIT","apartamento","4100900","263",,"4","3","100",,"15592.7756653992"
"2701413073","Meia Praia","UNIT","apartamento","3560000","179",,"5","3","0","0","19888.2681564246"
"2748550206","Centro","UNIT","apartamento","2650000","128",,"4","3","650","2000","20703.125"
"2666979701","Meia Praia","UNIT","apartamento","1900000","100",,"1","2",,,"19000"
"2767582397","Andorinha","UNIT","apartamento","1990000","164",,"4","3","100","900","12134.1463414634"
"2752964399","Morretes","UNIT","apartamento","980000","70",,"1","2","600","400","14000"
"2544886980","Meia Praia","UNIT","apartamento","3988800","183",,"4","4",,"0","21796.7213114754"
"2766855215","Meia Praia","UNIT","apartamento","4899800","180",,"5","3","0","2700","27221.1111111111"
"2769183355","Meia Praia","UNIT","apartamento","1389640","78",,"3","2","2363","1","17815.8974358974"
"2736636173","Andorinha","UNIT","apartamento","850000","63",,"1","1","100","300","13492.0634920635"
"2743411673","Meia Praia","UNIT","apartamento","2199000","142",,"4","3",,"800","15485.9154929577"
"2751571811","Centro","UNIT","apartamento","2200000","127",,"4","2","900","520","17322.8346456693"
"2753767800","Centro","UNIT","apartamento","2998800","180",,"4","3",,,"16660"
"2747956431","Meia Praia","UNIT","apartamento","2100000","280",,"3","2","1400","870","7500"
"2767581351","Morretes","UNIT","apartamento","3295000","191",,"4","3","150",,"17251.3089005236"
"2763092614","Centro","UNIT","apartamento","7800000","200",,"5","3","9478","2362","39000"
"2743411592","Andorinha","UNIT","apartamento","2457139","169",,"5","4",,"0","14539.2840236686"
"2759672215","Centro","UNIT","apartamento","1100000","70",,"3","1","1200","360","15714.2857142857"
"2768633130","Canto da Praia","UNIT","apartamento","1520000","88",,"1","2","100","0","17272.7272727273"
"2758482772","Andorinha","UNIT","apartamento","1499380","163",,"2","1","1200","450","9198.65030674847"
"2753628241","Castelo Branco","UNIT","apartamento","1950000","117",,"4","2",,"670","16666.6666666667"
"2751613039","Castelo Branco","UNIT","apartamento","1199630","92",,"3","2","1300","550","13039.4565217391"
"2761278330","Morretes","UNIT","apartamento","949000","67",,"5","1","0",,"14164.1791044776"
"2767582652","Meia Praia","UNIT","apartamento","2870000","126",,"3","3","1000","650","22777.7777777778"
"2748326797","Tabuleiro dos Oliveiras","UNIT","apartamento","830000","69",,"2","1",,"450","12028.9855072464"
"2757747950","Meia Praia","UNIT","apartamento","2100000","124",,"4","2","0","0","16935.4838709677"
"2765064144","Meia Praia","UNIT","apartamento","2950000","231",,"1","3","100","0","12770.5627705628"
"2744015188","Meia Praia","UNIT","apartamento","1700000","142",,"3","3","1040","450","11971.8309859155"
"2609060610","Meia Praia","UNIT","apartamento","7500000","260",,"4","4","2400","1200","28846.1538461538"
"2756227870","Meia Praia","UNIT","apartamento","1377200","78",,"3","2","0","0","17656.4102564103"
"2746715702","Meia Praia","UNIT","apartamento","2250000","130",,"4","3","3000","1000","17307.6923076923"
"2640053804","Andorinha","UNIT","apartamento","1800000","120",,"1","2","100","0","15000"
"2764858090","Meia Praia","UNIT","apartamento","1700000","124",,"2","2","0","0","13709.6774193548"
"2766851823","Meia Praia","UNIT","apartamento","1939948","130",,"4","2","0","0","14922.6769230769"
"2737166352","Jardim Praia Mar","UNIT","apartamento","840000","60",,"2","1","0","0","14000"
"2769150019","Centro","UNIT","apartamento","2520000","136",,"3","3",,,"18529.4117647059"
"2662731362","Meia Praia","UNIT","apartamento","2500000","130",,"4","3","2037","800","19230.7692307692"
"2686311979","Meia Praia","UNIT","apartamento","4500000","280",,"5","3","0","800","16071.4285714286"
"2765682629","<vazio>","UNIT","apartamento","3484000","139",,"3","2","0","0","25064.7482014388"
"2739740715","Centro","UNIT","apartamento","2850000","140",,"4","3",,"618","20357.1428571429"
"2759881528","Estreito","UNIT","apartamento","5500000","165",,"1","2",,,"33333.3333333333"
"2763649236","Morretes","UNIT","apartamento","960000","70",,"2","1","8400","420","13714.2857142857"
"2704547260","Andorinha","UNIT","apartamento","1080000","120",,"2","1","150","499","9000"
"2695973778","Meia Praia","UNIT","apartamento","1300000","142",,"2","2","1153","435","9154.92957746479"
"2715697620","Andorinha","UNIT","apartamento","2550000","169",,"4","2","0","669","15088.7573964497"
"2763303116","Meia Praia","UNIT","apartamento","2769000","173",,"5","2",,,"16005.7803468208"
"2749593666","Meia Praia","UNIT","apartamento","3500000","280",,"4","3","375","790","12500"
"2747203311","Meia Praia","UNIT","apartamento","2350000","135",,"4","3","0","0","17407.4074074074"
"2759539552","Centro","UNIT","apartamento","1100000","70",,"3","1","1200","360","15714.2857142857"
"2748110625","Castelo Branco","UNIT","apartamento","3200000","222",,"5","4","2800","1069","14414.4144144144"
"2760268426","Castelo Branco","UNIT","apartamento","1250000","196",,"2","1","780","780","6377.55102040816"
"2758295123","Centro","UNIT","apartamento","4380000","315",,"5","3","5181","1314","13904.7619047619"
"2758371857","Centro","UNIT","apartamento","4380000","315",,"5","3","5181","1314","13904.7619047619"
"2747201939","Meia Praia","UNIT","apartamento","4000000","129",,"3","3","0","0","31007.7519379845"
"2748550207","Centro","UNIT","apartamento","2350000","128",,"4","3","650","2000","18359.375"
"2766852531","Meia Praia","UNIT","apartamento","2397800","220",,"5","3","0","0","10899.0909090909"
"2766852113","Meia Praia","UNIT","apartamento","2121000","124",,"4","2","0","0","17104.8387096774"
"2764632166","Meia Praia","UNIT","apartamento","2000000","123",,"4","2","578","569","16260.162601626"
"2756210960","Meia Praia","UNIT","apartamento","6900000","331",,"4","3","0",,"20845.9214501511"
"2729032524","Morretes","UNIT","apartamento","898000","68",,"2","1",,"898000","13205.8823529412"
"2747202325","Meia Praia","UNIT","apartamento","1790000","110",,"4","4","0","0","16272.7272727273"
"2711435594","Morretes","UNIT","apartamento","1250000","208",,"1","1","1000","0","6009.61538461538"
"2720509035","Andorinha","UNIT","apartamento","1380000","191",,"3","1","1700","920","7225.13089005236"
"2764727178","Meia Praia","UNIT","apartamento","2150000","130",,"3","0","1500","785","16538.4615384615"
"2761509424","Meia Praia","UNIT","apartamento","1559471","165",,"3","2","10800","649","9451.33939393939"
"2754458929","Centro","UNIT","apartamento","2498800","172",,"5","3",,"0","14527.9069767442"
"2764631060","Meia Praia","UNIT","apartamento","1570000","140",,"3","3","1600","400","11214.2857142857"
"2760418937","Centro","UNIT","apartamento","2799000","239",,"1","3","2200","1","11711.2970711297"
"2760743862","Andorinha","UNIT","apartamento","1199290","86",,"2","1","1070","606","13945.2325581395"
"2756708821","Meia Praia","UNIT","apartamento","1850000","112",,"2","1","4300","1100","16517.8571428571"
"2766855021","Meia Praia","UNIT","apartamento","2630000","190",,"5","3","0","0","13842.1052631579"
"2765064372","Meia Praia","UNIT","apartamento","3000000","188",,"1","3","100","0","15957.4468085106"
"2755057707","Meia Praia","UNIT","apartamento","929000","103",,"2","1","150","450","9019.41747572816"
"2760420215","Centro","UNIT","apartamento","2995000","133",,"4","2","1000","900","22518.7969924812"
"2621523649","Meia Praia","UNIT","apartamento","2790000","143",,"2","3","0",,"19510.4895104895"
"2760267735","Andorinha","UNIT","apartamento","1200000","80",,"2","2","723","769","15000"
"2766847919","Meia Praia","UNIT","apartamento","3500000","190",,"4","3","0","1856","18421.0526315789"
"2746885106","Centro","UNIT","apartamento","8500000","353",,"4","3",,,"24079.3201133144"
"2747848612","Meia Praia","UNIT","apartamento","1480000","113",,"2","1","1200","1","13097.3451327434"
"2759710722","Andorinha","UNIT","apartamento","11999900","524",,"7","2","8000","1600","22900.572519084"
"2744015662","Meia Praia","UNIT","apartamento","2500000","190",,"4","4","3200","500","13157.8947368421"
"2766329522","Meia Praia","UNIT","apartamento","2700000","127",,"4","1","1000","650","21259.842519685"
"2759605149","Centro","UNIT","apartamento","4250000","180",,"5","2","6000","2500","23611.1111111111"
"2763649240","Meia Praia","UNIT","apartamento","2300000","124",,"4","2",,"8000","18548.3870967742"
"2748820944","Centro","UNIT","apartamento","5007000","144",,"5","3","250","250","34770.8333333333"
"2767584329","Meia Praia","UNIT","apartamento","2004112","116",,"3","2","200","300","17276.8275862069"
"2764634117","Centro","UNIT","apartamento","3000000","245",,"4","2","0","0","12244.8979591837"
"2754477428","<vazio>","UNIT","apartamento","10587143","264",,"6","4",,"0","40102.8143939394"
"2759765827","Centro","UNIT","apartamento","1800000","130",,"1","2",,,"13846.1538461538"
"2748823098","Centro","UNIT","apartamento","3495000","169",,"5","3","250","250","20680.4733727811"
"2760157817","Meia Praia","UNIT","apartamento","2750000","274",,"5","3","2500","1500","10036.496350365"
"2760224115","Meia Praia","UNIT","apartamento","2750000","274",,"5","3","2500","1500","10036.496350365"
"2766852220","Andorinha","UNIT","apartamento","1329800","125",,"2","3","0","495","10638.4"
"2743412360","Morretes","UNIT","apartamento","6652185","183",,"5","3",,"0","36350.737704918"
"2764631677","Meia Praia","UNIT","apartamento","1300000","74",,"3","1","0","0","17567.5675675676"
"2741719846","Centro","UNIT","apartamento","2450000","140",,"3","2","120","0","17500"
"2766852213","Andorinha","UNIT","apartamento","3799800","209",,"5","3","0","0","18180.8612440191"
"2723106936","Meia Praia","UNIT","apartamento","850000","40",,"1","1",,,"21250"
"2763898626","Centro","UNIT","apartamento","16986696","427",,"6","4","0","0","39781.4894613583"
"2765060478","Castelo Branco","UNIT","apartamento","1990000","123",,"1","2","100","0","16178.8617886179"
"2766855316","Castelo Branco","UNIT","apartamento","2497800","174",,"5","3","0","0","14355.1724137931"
"2758313016","Centro","UNIT","apartamento","4380000","315",,"5","3","5181","1314","13904.7619047619"
"2723210699","Meia Praia","UNIT","apartamento","1716000","100",,"3","2",,,"17160"
"2748822998","Jardim Praia Mar","UNIT","apartamento","839000","64",,"2","1","250","250","13109.375"
"2741555366","Meia Praia","UNIT","apartamento","2299000","128",,"4","2",,"950","17960.9375"
"2733742814","Andorinha","UNIT","apartamento","2000000","145",,"1","2","159","70000","13793.1034482759"
"2766853423","Andorinha","UNIT","apartamento","3200000","203",,"5","3","0","0","15763.5467980296"
"2743992463","Itapema","UNIT","apartamento","2580000","125",,"3","2",,,"20640"
"2730793750","Morretes","UNIT","apartamento","860000","60",,"1","1",,,"14333.3333333333"
"2763256257","Meia Praia","UNIT","apartamento","2490000","137",,"4","3",,"1000","18175.1824817518"
"2769538115","Meia Praia","UNIT","apartamento","2400000","260",,"3","3","1100","700","9230.76923076923"
"2752796226","Meia Praia","UNIT","apartamento","4700000","250",,"4","4",,"0","18800"
"2764630872","Meia Praia","UNIT","apartamento","4000000","180",,"5","3","2300","800","22222.2222222222"
"2753270112","Meia Praia","UNIT","apartamento","4244899","183",,"5","3","0","0","23196.1693989071"
"2726122636","Andorinha","UNIT","apartamento","2598800","185",,"5","3","0","0","14047.5675675676"
"2743254174","Centro","UNIT","apartamento","2200000","119",,"3","2","1500","750","18487.3949579832"
"2760452524","Meia Praia","UNIT","apartamento","7500000","190",,"5","3","0","1500","39473.6842105263"
"2630414683","Meia Praia","UNIT","apartamento","1650000","130",,"2","1","0","0","12692.3076923077"
"2760156261","Meia Praia","UNIT","apartamento","4499000","225",,"5","3","4500","2500","19995.5555555556"
"2767583562","Meia Praia","UNIT","apartamento","2395000","185",,"2","3","3072","1000","12945.9459459459"
"2749881270","Centro","UNIT","apartamento","3780000","155",,"3","2",,,"24387.0967741935"
"2767785322","Castelo Branco","UNIT","apartamento","3959000","166",,"4","3",,,"23849.3975903614"
"2736865126","Meia Praia","UNIT","apartamento","1290000","86",,"3","2","500","450","15000"
"2747201943","Meia Praia","UNIT","apartamento","3290000","156",,"4","3","0","0","21089.7435897436"
"2692635761","Meia Praia","UNIT","apartamento","1100000","70",,"1","2",,"450","15714.2857142857"
"2752780497","Meia Praia","UNIT","apartamento","2850000","163",,"5","3","35976","759","17484.6625766871"
"2724975767","Andorinha","UNIT","apartamento","2520000","110",,"4","2",,"700","22909.0909090909"
"2767581652","Meia Praia","UNIT","apartamento","2930000","173",,"4","3","150",,"16936.4161849711"
"2759539551","Meia Praia","UNIT","apartamento","2099000","112",,"3","2","1200","663","18741.0714285714"
"2736865251","Meia Praia","UNIT","apartamento","899000","70",,"2","1","500","450","12842.8571428571"
"2767585015","Andorinha","UNIT","apartamento","2158888","145",,"3","2","100","300","14888.8827586207"
"2760453319","Andorinha","UNIT","apartamento","1750000","114",,"4","0",,"0","15350.8771929825"
"2744007088","Andorinha","UNIT","apartamento","1950000","121",,"4","2",,"0","16115.7024793388"
"2764631770","Meia Praia","UNIT","apartamento","1400000","80",,"2","2","0","600","17500"
"2766855016","Morretes","UNIT","apartamento","889800","70",,"3","1","0","460","12711.4285714286"
"2723208502","Morretes","UNIT","apartamento","1000000","56",,"2","1",,,"17857.1428571429"
"2726625461","Centro","UNIT","apartamento","950000","85",,"3","2","1000","350","11176.4705882353"
"2747716306","Meia Praia","UNIT","apartamento","5500000","198",,"5","3","64680","2200","27777.7777777778"
"2744006008","Meia Praia","UNIT","apartamento","3590000","179",,"5","4",,"0","20055.8659217877"
"2766852520","Andorinha","UNIT","apartamento","1390000","125",,"3","2","0","495","11120"
"2747717309","Meia Praia","UNIT","apartamento","2500000","128",,"4","2","2500","595","19531.25"
"2740136543","Centro","UNIT","apartamento","3800000","421",,"8","4","822","922","9026.12826603325"
"2766851917","Meia Praia","UNIT","apartamento","3500000","162",,"5","4","0","0","21604.9382716049"
"2742111969","Castelo Branco","UNIT","apartamento","2094953","185",,"1","3","0","0","11324.0702702703"
"2764728146","Meia Praia","UNIT","apartamento","5800000","213",,"5","3","2000","0","27230.0469483568"
"2743161391","Meia Praia","UNIT","apartamento","5500000","190",,"5","3",,"0","28947.3684210526"
"2749994903","Morretes","UNIT","casa","828290","110",,"3","2","800","1","7529.90909090909"
"2767582340","Meia Praia","UNIT","apartamento","1200000","92",,"1","1","900","760","13043.4782608696"
"2766853715","Meia Praia","UNIT","apartamento","3553280","206",,"5","3","0","0","17248.932038835"
"2766850720","Meia Praia","UNIT","apartamento","2398000","135",,"4","2","0","0","17762.962962963"
"2769475726","Meia Praia","UNIT","apartamento","1898900","113",,"3","2","3228","1","16804.4247787611"
"2744006712","Meia Praia","UNIT","apartamento","3800000","196",,"5","3","0","1700","19387.7551020408"
"2738796821","Meia Praia","UNIT","apartamento","2600000","146",,"3","3","2500","350","17808.2191780822"
"2725873470","Meia Praia","UNIT","apartamento","1879000","105",,"4","2","1200","500","17895.2380952381"
"2764634734","Meia Praia","UNIT","apartamento","1890000","113",,"2","2","1700","750","16725.6637168142"
"2759672758","Meia Praia","UNIT","apartamento","2099000","112",,"3","2","1200","663","18741.0714285714"
"2750094816","Meia Praia","UNIT","apartamento","3980000","216",,"1","2","1400","1054","18425.9259259259"
"2765064329","Centro","UNIT","apartamento","3570000","238",,"1","3","100","0","15000"
"2765549832","Meia Praia","UNIT","apartamento","2590000","133",,"4","3","2890","990","19473.6842105263"
"2765063799","Meia Praia","UNIT","apartamento","2100000","132",,"1","0","100","550","15909.0909090909"
"2751615880","Morretes","UNIT","apartamento","859630","69",,"2","1","950","450","12458.4057971014"
"2744014580","Meia Praia","UNIT","apartamento","3900000","120",,"3","2",,,"32500"
"2766855520","Morretes","UNIT","apartamento","899800","69",,"2","1","0","380","13040.5797101449"
"2768969557","Meia Praia","UNIT","apartamento","3979700","216",,"3","2","3000","1100","18424.537037037"
"2747202323","Meia Praia","UNIT","apartamento","3090000","200",,"5","4","0","0","15450"
"2645831797","Morretes","UNIT","apartamento","8500000","494",,"5","3","8000","2000","17206.4777327935"
"2769537127","Andorinha","UNIT","apartamento","2500000","130",,"3","2","3000","600","19230.7692307692"
"2742890389","Meia Praia","UNIT","apartamento","7800000","181",,"5","3","4000","1200","43093.9226519337"
"2737417621","Castelo Branco","UNIT","apartamento","3980000","315",,"1","3","5181","1314","12634.9206349206"
"2609407887","Meia Praia","UNIT","apartamento","7500000","252",,"5","3","0","1300","29761.9047619048"
"2646971206","Meia Praia","UNIT","apartamento","1800000","212",,"2","1",,"720","8490.56603773585"
"2690557784","Centro","UNIT","apartamento","1590000","87",,"2","1","600","400","18275.8620689655"
"2759608019","Meia Praia","UNIT","apartamento","2099000","112",,"3","2","1200","663","18741.0714285714"
"2769187027","Meia Praia","UNIT","apartamento","2499860","229",,"4","2","2900","850","10916.4192139738"
"2769311789","Meia Praia","UNIT","apartamento","13051000","426",,"5","4","100","0","30636.1502347418"
"2747716303","Castelo Branco","UNIT","apartamento","9040000","270",,"5","3","4600","1980","33481.4814814815"
"2558703788","<vazio>","UNIT","apartamento","1725000","150",,"4","2",,,"11500"
"2756625622","Morretes","UNIT","apartamento","1400000","68",,"2","1","0","0","20588.2352941176"
"2760224116","Meia Praia","UNIT","apartamento","4499000","225",,"5","3","4500","2500","19995.5555555556"
"2731325117","Centro","UNIT","apartamento","2682000","86",,"3","2",,,"31186.0465116279"
"2760094787","Meia Praia","UNIT","apartamento","4499000","225",,"5","3","4500","2500","19995.5555555556"
"2694794278","<vazio>","UNIT","outros","5950000","252",,"0","0","0","0","23611.1111111111"
"2679166925","Centro","UNIT","apartamento","3800000","128",,"4","1","2500","900","29687.5"
"2747203495","Meia Praia","UNIT","apartamento","3300000","140",,"3","2","0","0","23571.4285714286"
"2744006007","Meia Praia","UNIT","apartamento","3500000","280",,"5","3",,"790","12500"
"2742111968","Meia Praia","UNIT","apartamento","5223415","197",,"1","3","0","0","26514.7969543147"
"2720730141","Centro","UNIT","apartamento","1609000","100",,"1","2",,,"16090"
"2765063644","Meia Praia","UNIT","apartamento","1790000","123",,"1","2","100","0","14552.8455284553"
"2654224020","Centro","UNIT","apartamento","2798800","201",,"5","3","0","0","13924.3781094527"
"2766011240","Centro","UNIT","apartamento","2519390","136",,"4","3","3200","1200","18524.9264705882"
"2765062994","Meia Praia","UNIT","apartamento","2500000","178",,"1","2","100","600","14044.9438202247"
"2699371296","Meia Praia","UNIT","apartamento","1900000","100",,"4","2",,"0","19000"
"2747201935","Canto da Praia","UNIT","apartamento","2349900","233",,"4","2","0","0","10085.4077253219"
"2683093081","Centro","UNIT","apartamento","6699000","410",,"4","5",,"3","16339.0243902439"
"2733968552","Castelo Branco","UNIT","apartamento","3190000","188",,"1","3","900","800","16968.085106383"
"2688140922","Meia Praia","UNIT","apartamento","3500000","130",,"3","3","2500","890","26923.0769230769"
"2760094786","Meia Praia","UNIT","apartamento","2750000","274",,"5","3","2500","1500","10036.496350365"
"2748125096","Taboleiro","UNIT","apartamento","850000","53",,"2","1","0","0","16037.7358490566"
"2716245318","Meia Praia","UNIT","apartamento","1070000","164",,"3","1",,"700","6524.39024390244"
"2766852340","Andorinha","UNIT","apartamento","2589800","163",,"3","3","0","0","15888.3435582822"
"2699870688","Jardim Praia Mar","UNIT","apartamento","839000","62",,"2","1","0",,"13532.2580645161"
"2765064639","Meia Praia","UNIT","apartamento","1800000","138",,"1","2","100","0","13043.4782608696"
"2758173532","Meia Praia","UNIT","apartamento","1199770","80",,"2","2","1200","400","14997.125"
"2722651267","Centro","UNIT","apartamento","2800000","179",,"1","3",,,"15642.4581005587"
"2747200826","Morretes","UNIT","apartamento","890000","69",,"2","1","0","0","12898.5507246377"
"2767672125","Meia Praia","UNIT","apartamento","11500000","281",,"6","4",,,"40925.2669039146"
"2769185694","Meia Praia","UNIT","apartamento","3199730","215",,"4","2","5440","1","14882.4651162791"
"2766852616","Centro","UNIT","apartamento","3799800","190",,"5","4","0","0","19998.9473684211"
"2760816175","Centro","UNIT","apartamento","2195000","119",,"3","2",,,"18445.3781512605"
"2637934081","Meia Praia","UNIT","apartamento","6500000","420",,"4","3",,,"15476.1904761905"
"2763102615","Castelo Branco","UNIT","apartamento","1600000","157",,"5","2","0","0","10191.0828025478"
"2763648534","Meia Praia","UNIT","apartamento","1400000","80",,"2","2","10308","600","17500"
"2724515561","Meia Praia","UNIT","apartamento","1450000","129",,"2","1","150","500","11240.3100775194"
"2672909397","Meia Praia","UNIT","apartamento","4490000","300",,"5","3","0","0","14966.6666666667"
"2764631081","Meia Praia","UNIT","apartamento","2400000","1756",,"5","2","4269","1043","1366.74259681093"
"2743411085","Meia Praia","UNIT","apartamento","2500000","134",,"4","2","0","800","18656.7164179104"
"2763793798","Centro","UNIT","apartamento","1200000","100",,"2","1","2500","500","12000"
"2744746533","Meia Praia","UNIT","apartamento","4940000","268",,"5","2",,,"18432.8358208955"
"2754481427","Meia Praia","UNIT","apartamento","1850000","223",,"3","2","1900","1200","8295.96412556054"
"2754166608","Meia Praia","UNIT","apartamento","970000","70",,"3","2","1000","450","13857.1428571429"
"2750837756","Meia Praia","UNIT","apartamento","1690000","218",,"3","2",,"700","7752.29357798165"
"2766854517","Centro","UNIT","apartamento","3500000","183",,"5","3","0","0","19125.6830601093"
"2766853023","Meia Praia","UNIT","apartamento","4036800","229",,"5","3","0","0","17627.9475982533"
"2609059408","Morretes","UNIT","apartamento","1080000","699",,"2","1","0","0","1545.0643776824"
"2737784417","Centro","UNIT","apartamento","2850000","140",,"4","3","250","705","20357.1428571429"
"2764857799","Centro","UNIT","apartamento","3800928","131",,"4","2","0","750","29014.7175572519"
"2706054074","Meia Praia","UNIT","apartamento","6570000","140",,"5","3",,,"46928.5714285714"
"2735197516","Meia Praia","UNIT","apartamento","1200000","82",,"2","2","1083","543","14634.1463414634"
"2765064642","Centro","UNIT","apartamento","2200000","140",,"1","3","2300","0","15714.2857142857"
"2767583795","Meia Praia","UNIT","apartamento","1850000","103",,"3","2","100","300","17961.1650485437"
"2763752318","Meia Praia","UNIT","apartamento","3500000","186",,"9","3","3000","720","18817.2043010753"
"2743921127","Meia Praia","UNIT","apartamento","2800000","140",,"4","2","500","0","20000"
"2749235060","Morretes","UNIT","apartamento","853000","69",,"2","1","700","450","12362.3188405797"
"2663762913","Centro","UNIT","apartamento","1980000","115",,"2","2","924","493","17217.3913043478"
"2760744024","Andorinha","UNIT","apartamento","949850","155",,"2","1","980","800","6128.06451612903"
"2767581858","Centro","UNIT","apartamento","2989355","132",,"3","2","100",,"22646.6287878788"
"2748244593","Morretes","UNIT","apartamento","850000","68",,"2","1","1000","350","12500"
"2744007184","Meia Praia","UNIT","apartamento","2171400","137",,"4","2","0","750","15849.6350364964"
"2760156731","Meia Praia","UNIT","apartamento","1792000","141",,"2","2","2600","1800","12709.219858156"
"2754457670","Centro","UNIT","apartamento","2700000","172",,"5","3",,"0","15697.6744186047"
"2753365816","Andorinha","UNIT","apartamento","1999280","135",,"4","2","1900","730","14809.4814814815"
"2742033561","Meia Praia","UNIT","apartamento","1860000","126",,"4","2","1320","500","14761.9047619048"
"2723346594","Meia Praia","UNIT","apartamento","3190000","200",,"1","3",,,"15950"
"2767583824","Meia Praia","UNIT","apartamento","2260000","134",,"3","5","1000","776","16865.671641791"
"2766608629","Centro","UNIT","apartamento","2917000","120",,"4","2","1","1","24308.3333333333"
"2744006711","Andorinha","UNIT","apartamento","1990000","121",,"4","2",,"0","16446.2809917355"
"2747201804","Meia Praia","UNIT","apartamento","7210000","166",,"5","3","0","0","43433.734939759"
"2769744986","Meia Praia","UNIT","apartamento","5800000","213",,"5","3",,,"27230.0469483568"
"2766851522","Meia Praia","UNIT","apartamento","2599800","156",,"5","3","0","0","16665.3846153846"
"2768968820","Andorinha","UNIT","apartamento","2099500","280",,"3","2","1400","870","7498.21428571429"
"2727469338","Meia Praia","UNIT","apartamento","850000","40",,"1","1",,,"21250"
"2744006717","Meia Praia","UNIT","apartamento","2171400","137",,"4","2","0","750","15849.6350364964"
"2766002013","Meia Praia","UNIT","apartamento","2170000","130",,"4","3","900","900","16692.3076923077"
"2725814844","Meia Praia","UNIT","apartamento","6500000","140",,"4","2",,,"46428.5714285714"
"2764952046","Morretes","UNIT","apartamento","950000","65",,"3","1","0","0","14615.3846153846"
"2560060076","Morretes","UNIT","apartamento","1027589","64",,"3","1",,,"16056.078125"
"2726317166","Meia Praia","UNIT","apartamento","950000","120",,"2","1","1100","320","7916.66666666667"
"2682543709","Meia Praia","UNIT","apartamento","6888000","337",,"5","4","0","1000","20439.1691394659"
"2743412362","Meia Praia","UNIT","apartamento","2690000","130",,"4","3","0","0","20692.3076923077"
"2726958139","Morretes","UNIT","apartamento","800000","78",,"1","1",,,"10256.4102564103"
"2656883568","Meia Praia","UNIT","apartamento","1900000","100",,"4","2","1200","600","19000"
"2764633225","Meia Praia","UNIT","apartamento","1650000","1073",,"4","2","2300","520","1537.74464119292"
"2571204646","Meia Praia","UNIT","apartamento","4019000","213",,"5","4","500","600","18868.544600939"
"2769161029","Meia Praia","UNIT","apartamento","3950000","185",,"4","3",,,"21351.3513513513"
"2734006415","Andorinha","UNIT","apartamento","1400000","134",,"1","2","967","631","10447.7611940299"
"2760221733","Centro","UNIT","apartamento","4200000","127",,"4","3","4000","1500","33070.8661417323"
"2766853117","Meia Praia","UNIT","apartamento","2559800","173",,"5","3","0","0","14796.5317919075"
"2569456226","Meia Praia","UNIT","apartamento","1400000","124",,"4","3","1700","300","11290.3225806452"
"2569458194","Meia Praia","UNIT","apartamento","2400000","130",,"5","4",,"750","18461.5384615385"
"2741196943","Centro","UNIT","apartamento","2671450","138",,"5","3","0","0","19358.3333333333"
"2766853128","Meia Praia","UNIT","apartamento","3439800","198",,"5","3","0","0","17372.7272727273"
"2754578135","Centro","UNIT","apartamento","3700000","271",,"5","1","800","0","13653.1365313653"
"2754745448","Andorinha","UNIT","apartamento","1805462","94",,"4","2",,"0","19207.0425531915"
"2733403115","Meia Praia","UNIT","apartamento","1025000","109",,"2","1","1000","500","9403.66972477064"
"2743411590","Meia Praia","UNIT","apartamento","3500000","210",,"4","3",,"1600","16666.6666666667"
"2587913298","Castelo Branco","UNIT","apartamento","1500000","157",,"4","2","1680","350","9554.14012738853"
"2536447598","Centro","UNIT","apartamento","8650000","265",,"4","3","7000","1500","32641.5094339623"
"2757732219","Meia Praia","UNIT","apartamento","1399480","80",,"2","2","850","600","17493.5"
"2764895019","Centro","UNIT","apartamento","8608000","372",,"7","5","0","0","23139.7849462366"
"2769185876","Meia Praia","UNIT","apartamento","1589600","99",,"4","2","2873","1","16056.5656565657"
"2748823195","Andorinha","UNIT","apartamento","1842000","137",,"4","2","250","250","13445.2554744526"
"2677088396","Castelo Branco","UNIT","apartamento","1710000","78",,"2","2",,"3","21923.0769230769"
"2764633913","Meia Praia","UNIT","apartamento","2298000","1296",,"4","2","0","540","1773.14814814815"
"2752692094","Castelo Branco","UNIT","apartamento","2299000","128",,"3","2","800","600","17960.9375"
"2558704072","<vazio>","UNIT","apartamento","1630000","226",,"5","2",,,"7212.38938053097"
"2748326008","Morretes","UNIT","apartamento","6000000","182",,"1","3",,"2000","32967.032967033"
"2646971657","Castelo Branco","UNIT","apartamento","1300000","74",,"2","2","200","275","17567.5675675676"
"2753270723","Meia Praia","UNIT","apartamento","5319306","183",,"5","2","0","0","29067.2459016393"
"2760268730","Meia Praia","UNIT","apartamento","1550000","175",,"2","1",,"641","8857.14285714286"
"2765063798","Meia Praia","UNIT","apartamento","1462800","117",,"1","0","1582","0","12502.5641025641"
"2766853424","Meia Praia","UNIT","apartamento","2564800","173",,"5","3","0","0","14825.4335260116"
"2766852435","Meia Praia","UNIT","apartamento","2148000","135",,"4","3","0","0","15911.1111111111"
"2762856821","Centro","UNIT","apartamento","1709872","126",,"3","0","1000","0","13570.4126984127"
"2769754992","Sert?o do Trombudo","UNIT","outros","5249310","16673",,"0","0","1","1","314.838961194746"
"2730204220","Meia Praia","UNIT","apartamento","1700000","108",,"3","2","0",,"15740.7407407407"
"2747203722","Meia Praia","UNIT","apartamento","3390000","182",,"5","3","0","0","18626.3736263736"
"2766855422","Meia Praia","UNIT","apartamento","2609800","179",,"5","3","0","0","14579.8882681564"
"2763648031","Morretes","UNIT","apartamento","960000","70",,"2","1","8400","420","13714.2857142857"
"2748820945","Castelo Branco","UNIT","apartamento","3100000","129",,"4","3","250","250","24031.007751938"
"2761691043","Centro","UNIT","apartamento","1802000","125",,"1","2","322600","500","14416"
"2766855920","Meia Praia","UNIT","apartamento","2500000","165",,"5","3","0","0","15151.5151515152"
"2761809656","Meia Praia","UNIT","apartamento","2000000","150",,"3","3","3048","495","13333.3333333333"
"2568077727","Meia Praia","UNIT","apartamento","2350000","124",,"4","2","1500","865","18951.6129032258"
"2769475728","Andorinha","UNIT","apartamento","1989730","275",,"4","2","5000","880","7235.38181818182"
"2723210700","Meia Praia","UNIT","apartamento","895000","40",,"1","1",,,"22375"
"2765549939","Meia Praia","UNIT","apartamento","4150000","187",,"5","3","0","0","22192.513368984"
"2756093977","Tabuleiro dos Oliveiras","UNIT","apartamento","1500000","70",,"2","1","1615","400","21428.5714285714"
"2683526891","Morretes","UNIT","apartamento","980000","70",,"3","2","680","450","14000"
"2725198767","Meia Praia","UNIT","apartamento","950000","127",,"1","1","650","520","7480.31496062992"
"2766855123","Meia Praia","UNIT","apartamento","2799800","140",,"4","2","0","0","19998.5714285714"
"2747203497","Meia Praia","UNIT","apartamento","5950000","175",,"5","3","0","0","34000"
"2751586242","Morretes","UNIT","apartamento","6672000","186",,"5","3",,,"35870.9677419355"
"2664839096","Meia Praia","UNIT","apartamento","850000","40",,"1","1","0","0","21250"
"2758811320","Meia Praia","UNIT","apartamento","1650000","101",,"2","1","986","555","16336.6336633663"
"2760224120","Meia Praia","UNIT","apartamento","1792000","141",,"2","2","2600","1800","12709.219858156"
"2750096695","Meia Praia","UNIT","apartamento","4490000","188",,"1","3","3036","850","23882.9787234043"
"2753015023","Meia Praia","UNIT","apartamento","2750000","170",,"4","2",,,"16176.4705882353"
"2715415708","Meia Praia","UNIT","apartamento","10962506","246",,"5","3","1","1","44563.0325203252"
"2750720698","Meia Praia","UNIT","apartamento","1675000","108",,"2","2",,,"15509.2592592593"
"2753352435","Meia Praia","UNIT","apartamento","2100000","130",,"1","3","1000","700","16153.8461538462"
"2764633033","Meia Praia","UNIT","apartamento","2350000","110",,"2","1","1200","800","21363.6363636364"
"2744836333","Meia Praia","UNIT","apartamento","2200000","145",,"3","2",,,"15172.4137931034"
"2747201660","Meia Praia","UNIT","apartamento","2600000","156",,"5","3","0","0","16666.6666666667"
"2758861750","Meia Praia","UNIT","apartamento","4950000","142",,"4","3","5000","2500","34859.1549295775"
"2760156841","Centro","UNIT","apartamento","4200000","127",,"4","3","4000","1500","33070.8661417323"
"2767582383","Meia Praia","UNIT","apartamento","1058273","40",,"1","1","100",,"26456.825"
"2769181007","Meia Praia","UNIT","apartamento","2199460","126",,"4","3","4760","1","17456.0317460317"
"2753366396","Morretes","UNIT","apartamento","1049190","101",,"3","1","950","450","10388.0198019802"
"2736234861","Meia Praia","UNIT","apartamento","3500000","155",,"5","3",,,"22580.6451612903"
"2759181687","Centro","UNIT","apartamento","2995000","132",,"4","2","1000","900","22689.3939393939"
"2731772613","Andorinha","UNIT","apartamento","3500000","186",,"5","3","0","0","18817.2043010753"
"2751819510","Meia Praia","UNIT","apartamento","980000","84",,"2","2","850","450","11666.6666666667"
"2759137916","Centro","UNIT","apartamento","4400000","208",,"4","3",,,"21153.8461538462"
"2766852713","Meia Praia","UNIT","apartamento","4650000","187",,"5","3","0","0","24866.3101604278"
"2766851924","Meia Praia","UNIT","apartamento","3299800","160",,"4","3","0","0","20623.75"
"2728403419","Meia Praia","UNIT","apartamento","1700000","80",,"2","1",,,"21250"
"2760094790","Centro","UNIT","apartamento","4200000","127",,"4","3","4000","1500","33070.8661417323"
"2758656946","Meia Praia","UNIT","apartamento","4950000","142",,"4","3","5000","2500","34859.1549295775"
"2749505165","Meia Praia","UNIT","apartamento","2390000","113",,"4","3","900","800","21150.4424778761"
"2753167330","Castelo Branco","UNIT","apartamento","2350000","132",,"3","2",,,"17803.0303030303"
"2743161093","Meia Praia","UNIT","apartamento","3100000","156",,"5","3",,"0","19871.7948717949"
"2765060481","Meia Praia","UNIT","apartamento","1389889","87",,"1","1","100","0","15975.7356321839"
"2697849187","Castelo Branco","UNIT","apartamento","780000","83",,"2","0","595","415","9397.59036144578"
"2744148795","Meia Praia","UNIT","apartamento","2900000","150",,"5","3","0","0","19333.3333333333"
"2766853313","Centro","UNIT","apartamento","7799800","200",,"5","3","0","0","38999"
"2766854519","Meia Praia","UNIT","apartamento","3497800","183",,"5","3","0","0","19113.6612021858"
"2692570681","Meia Praia","UNIT","apartamento","1260000","141",,"2","1","875","440","8936.17021276596"
"2764633960","Meia Praia","UNIT","apartamento","4500000","340",,"4","2","3000","1000","13235.2941176471"
"2741721253","Meia Praia","UNIT","apartamento","1750000","134",,"4","2","1900","450","13059.7014925373"
"2764633850","Meia Praia","UNIT","apartamento","1199000","92",,"2","1","970","370","13032.6086956522"
"2723909945","Meia Praia","UNIT","apartamento","1780000","196",,"1","2",,,"9081.63265306122"
"2767580928","Meia Praia","UNIT","apartamento","5998000","190",,"4","2","4500","2000","31568.4210526316"
"2765213232","Centro","UNIT","apartamento","16986694","427",,"4","6","0","0","39781.4847775176"
"2764633192","Meia Praia","UNIT","apartamento","2000000","150",,"4","3","3048","495","13333.3333333333"
"2742885828","Castelo Branco","UNIT","apartamento","2750000","174",,"5","2",,"0","15804.5977011494"
"2763649136","Meia Praia","UNIT","apartamento","4800000","182",,"4","3","61010","964","26373.6263736264"
"2744006710","Meia Praia","UNIT","apartamento","3200000","222",,"5","4",,"0","14414.4144144144"
"2723351345","Meia Praia","UNIT","apartamento","2590000","133",,"1","3",,,"19473.6842105263"
"2723912326","Meia Praia","UNIT","apartamento","4747000","210",,"1","3",,,"22604.7619047619"
"2767581564","Morretes","UNIT","apartamento","980000","58",,"1","1","1000","450","16896.5517241379"
"2766852122","Centro","UNIT","apartamento","2359800","110",,"4","2","0","0","21452.7272727273"
"2725528334","Centro","UNIT","apartamento","3480000","300",,"3","2",,"1000","11600"
"2579262174","Meia Praia","UNIT","apartamento","3100000","166",,"1","3","0","0","18674.6987951807"
"2763648537","Meia Praia","UNIT","apartamento","1350000","80",,"2","1","7800","530","16875"
"2742888286","Meia Praia","UNIT","apartamento","3300000","125",,"4","2","0","0","26400"
"2763290725","Meia Praia","UNIT","apartamento","2515000","152",,"4","2",,,"16546.0526315789"
"2767581346","Andorinha","UNIT","apartamento","2317793","120",,"3","2","100",,"19314.9416666667"
"2752629310","Andorinha","UNIT","apartamento","2500000","131",,"4","3","2000","850","19083.9694656489"
"2767584025","Morretes","UNIT","apartamento","750000","47",,"1","1","100",,"15957.4468085106"
"2759766031","Centro","UNIT","apartamento","2465000","173",,"1","3",,,"14248.5549132948"
"2743410767","Meia Praia","UNIT","apartamento","1700000","108",,"4","2",,"0","15740.7407407407"
"2769758758","Andorinha","UNIT","comercial","1379180","130",,"1","2","2345","1","10609.0769230769"
"2766852518","Andorinha","UNIT","apartamento","1944800","120",,"4","2","0","0","16206.6666666667"
"2743408993","Meia Praia","UNIT","apartamento","2200000","141",,"4","2","2200","430","15602.8368794326"
"2766855420","Meia Praia","UNIT","apartamento","2949800","180",,"5","3","0","0","16387.7777777778"
"2743408994","Meia Praia","UNIT","apartamento","2600000","137",,"3","2",,"0","18978.102189781"
"2759541417","Centro","UNIT","apartamento","4350000","188",,"5","3","4000","2000","23138.2978723404"
"2743653376","Centro","UNIT","apartamento","2900000","173",,"5","3",,"0","16763.0057803468"
"2764631565","Morretes","UNIT","apartamento","940000","691",,"2","1","0","0","1360.34732272069"
"2744006716","Meia Praia","UNIT","apartamento","2171400","137",,"4","2","0","750","15849.6350364964"
"2747201937","Meia Praia","UNIT","apartamento","4490000","300",,"6","3","0","0","14966.6666666667"
"2769186543","Meia Praia","UNIT","apartamento","2899770","130",,"4","3","4930","1","22305.9230769231"
"2768634515","Canto da Praia","UNIT","apartamento","2349900","233",,"1","2","100","0","10085.4077253219"
"2769187348","Andorinha","UNIT","apartamento","1899310","115",,"4","2","3230","1","16515.7391304348"
"2760198531","Morretes","UNIT","apartamento","5355175","199",,"5","3",,,"26910.4271356784"
"2766852925","Centro","UNIT","apartamento","3118500","150",,"5","3","0","0","20790"
"2692636156","Meia Praia","UNIT","apartamento","1100000","142",,"2","1","898","500","7746.47887323944"
"2733345217","Meia Praia","UNIT","apartamento","1880000","141",,"4","2","2400","500","13333.3333333333"
"2764631725","Meia Praia","UNIT","apartamento","3490000","1995",,"5","3","0","900","1749.37343358396"
"2766854813","Meia Praia","UNIT","apartamento","4929800","214",,"5","3","0","0","23036.4485981308"
"2592754777","Castelo Branco","UNIT","apartamento","1900000","174",,"5","1","1700","852","10919.5402298851"
"2768634229","Meia Praia","UNIT","apartamento","1890000","115",,"1","2","100","620","16434.7826086957"
"2766853916","Meia Praia","UNIT","apartamento","1979800","135",,"4","3","0","887","14665.1851851852"
"2765558329","Castelo Branco","UNIT","apartamento","2980000","140",,"3","4",,"1200","21285.7142857143"
"2749607929","Meia Praia","UNIT","comercial","850000","62",,"2","1","600","500","13709.6774193548"
"2747203132","Castelo Branco","UNIT","apartamento","4517000","183",,"5","3","0","0","24683.0601092896"
"2766854731","Meia Praia","UNIT","apartamento","3299800","225",,"5","3","0","0","14665.7777777778"
"2747343796","Meia Praia","UNIT","apartamento","2990000","165",,"5","3",,"0","18121.2121212121"
"2660957462","Centro","UNIT","apartamento","1850000","109",,"3","2","1200","400","16972.4770642202"
"2743161390","Meia Praia","UNIT","apartamento","5500000","175",,"5","3",,"0","31428.5714285714"
"2764633346","Andorinha","UNIT","apartamento","1750000","113",,"4","2","2160","500","15486.7256637168"
"2760094109","Meia Praia","UNIT","apartamento","1792000","141",,"2","2","2600","1800","12709.219858156"
"2767580952","Canto da Praia","UNIT","apartamento","780000","58",,"1","1","100",,"13448.275862069"
"2747717114","Meia Praia","UNIT","apartamento","1390000","157",,"3","1","14520","600","8853.50318471338"
"2747392814","Meia Praia","UNIT","apartamento","1800000","114",,"3","2","900","0","15789.4736842105"
"2766853118","Centro","UNIT","apartamento","1895000","123",,"4","3","0","0","15406.5040650406"
"2758633539","Meia Praia","UNIT","apartamento","4950000","142",,"4","3","5000","2500","34859.1549295775"
"2743161328","Meia Praia","UNIT","apartamento","4355000","222",,"5","3",,"0","19617.1171171171"
"2761655822","Meia Praia","UNIT","apartamento","4380000","315",,"4","3","5181","1314","13904.7619047619"
"2752691127","Meia Praia","UNIT","apartamento","7500000","260",,"4","4","2000","1000","28846.1538461538"
"2744007683","Castelo Branco","UNIT","apartamento","2300000","154",,"4","2","1800","420","14935.0649350649"
"2766852317","Meia Praia","UNIT","apartamento","3619800","174",,"5","2","0","0","20803.4482758621"
"2767581301","Morretes","UNIT","apartamento","800000","79",,"1","1","150","300","10126.582278481"
"2747181103","Meia Praia","UNIT","apartamento","1830000","130",,"2","1","2000","500","14076.9230769231"
"2742821609","Centro","UNIT","apartamento","1650000","140",,"2","1",,,"11785.7142857143"
"2656195900","Meia Praia","UNIT","apartamento","7500000","584",,"5","3","0","4000","12842.4657534247"
"2575643649","Meia Praia","UNIT","apartamento","1950000","380",,"1","1","0","418","5131.57894736842"
"2724713756","Centro","UNIT","apartamento","990000","123",,"2","0","360","305","8048.78048780488"
"2726405738","Meia Praia","UNIT","apartamento","1600000","180",,"2","1","0","0","8888.88888888889"
"2743163480","Meia Praia","UNIT","apartamento","2870000","126",,"4","3",,"0","22777.7777777778"
"2751834908","Meia Praia","UNIT","apartamento","2100000","280",,"3","2","1500","870","7500"
"2754168867","Centro","UNIT","apartamento","2000000","101",,"1","2","0","575","19801.9801980198"
"2747202728","Morretes","UNIT","apartamento","750000","41",,"1","1","0","0","18292.6829268293"
"2769150515","Morretes","UNIT","apartamento","750000","41",,"1","1",,,"18292.6829268293"
"2745679224","Meia Praia","UNIT","apartamento","7000000","297",,"4","2",,,"23569.0235690236"
"2764976902","Meia Praia","UNIT","apartamento","1199000","90",,"2","1","1000","390","13322.2222222222"
"2744005548","Centro","UNIT","apartamento","2500000","135",,"4","3",,"0","18518.5185185185"
"2650750356","Meia Praia","UNIT","apartamento","2500000","264",,"2","2",,,"9469.69696969697"
"2753757016","Castelo Branco","UNIT","apartamento","1785000","245",,"4","3","650","1113","7285.71428571429"
"2769189873","Casa Branca","UNIT","casa","2989490","300",,"5","4","4906","1","9964.96666666667"
"2764631949","Meia Praia","UNIT","apartamento","3200000","239",,"4","3","3000","1000","13389.1213389121"
"2706620132","Meia Praia","UNIT","apartamento","2700000","230",,"2","2","2800",,"11739.1304347826"
"2766855921","Meia Praia","UNIT","apartamento","2590000","227",,"5","3","0","0","11409.6916299559"
"2744009364","Centro","UNIT","apartamento","4200000","127",,"4","3",,"1600","33070.8661417323"
"2764978839","Centro","UNIT","apartamento","1390000","90",,"2","1","1200","700","15444.4444444444"
"2743262901","Meia Praia","UNIT","apartamento","2350000","181",,"3","2","0","0","12983.4254143646"
"2751672698","Centro","UNIT","apartamento","4900000","655",,"1","4","3000","2300","7480.91603053435"
"2769189124","Casa Branca","UNIT","casa","1599770","150",,"2","2","900","1","10665.1333333333"
"2594234856","Meia Praia","UNIT","apartamento","1810000","135",,"4","3","1800","887","13407.4074074074"
"2765063108","Meia Praia","UNIT","apartamento","5190000","187",,"1","3","3054","855","27754.0106951872"
"2747203502","Castelo Branco","UNIT","apartamento","4700000","274",,"5","2","0","0","17153.2846715328"
"2752042205","Meia Praia","UNIT","apartamento","2350000","135",,"4","3",,"951","17407.4074074074"
"2766852238","Meia Praia","UNIT","apartamento","4200000","268",,"5","2","0","0","15671.6417910448"
"2754981801","Meia Praia","UNIT","apartamento","3500000","188",,"5","3","0","0","18617.0212765957"
"2769149726","Meia Praia","UNIT","apartamento","2100000","110",,"4","0",,,"19090.9090909091"
"2765063782","Meia Praia","UNIT","apartamento","5319306","183",,"1","4","100","0","29067.2459016393"
"2766833427","Andorinha","UNIT","apartamento","1200000","136",,"3","2","1","350","8823.52941176471"
"2747202036","Meia Praia","UNIT","apartamento","2100000","110",,"4","0","0","0","19090.9090909091"
"2657441096","Meia Praia","UNIT","apartamento","13500000","257",,"5","4",,"0","52529.1828793774"
"2767581736","Meia Praia","UNIT","apartamento","1400000","118",,"3","4","2000","450","11864.406779661"
"2744015857","Andorinha","UNIT","apartamento","1350000","113",,"2","2","1400","400","11946.9026548673"
"2768437237","Meia Praia","UNIT","apartamento","3375537","205",,"5","3",,,"16466.0341463415"
"2759559119","Meia Praia","UNIT","apartamento","1700000","108",,"3","2",,,"15740.7407407407"
"2767581345","Morretes","UNIT","apartamento","2738347","132",,"3","2","100",,"20745.053030303"
"2759671235","Centro","UNIT","apartamento","4350000","188",,"5","3","4000","2000","23138.2978723404"
"2766852516","Andorinha","UNIT","apartamento","2390000","100",,"4","2","0","0","23900"
"2646135042","Meia Praia","UNIT","apartamento","6590000","305",,"6","3",,,"21606.5573770492"
"2740364912","Meia Praia","UNIT","apartamento","970000","69",,"3","2","1000","450","14057.9710144928"
"2765064638","Meia Praia","UNIT","apartamento","1689000","136",,"1","2","1900","0","12419.1176470588"
"2764632349","Meia Praia","UNIT","apartamento","1800000","100",,"4","2","0","0","18000"
"2754747812","Centro","UNIT","apartamento","11990900","411",,"6","6",,"0","29174.9391727494"
"2744015180","Meia Praia","UNIT","apartamento","1960000","120",,"3","2","253","531","16333.3333333333"
"2661820370","Meia Praia","UNIT","apartamento","2501000","216",,"6","1","3800","1868","11578.7037037037"
"2759608020","Centro","UNIT","apartamento","4350000","188",,"5","3","4000","2000","23138.2978723404"
"2766855020","Meia Praia","UNIT","apartamento","2696800","206",,"5","3","0","0","13091.2621359223"
"2763791186","Alto S?o Bento","UNIT","casa","1800000","110",,"2","1","950","1","16363.6363636364"
"2725618859","Meia Praia","UNIT","apartamento","1550000","134",,"3","3","1185","400","11567.1641791045"
"2743691113","Meia Praia","UNIT","apartamento","2760000","335",,"2","2","0","0","8238.80597014925"
"2753631295","Meia Praia","UNIT","apartamento","2000000","261",,"4","2","21600","650","7662.83524904215"
"2558704096","<vazio>","UNIT","apartamento","2830000","300",,"5","2",,,"9433.33333333333"
"2766852522","Andorinha","UNIT","apartamento","2548800","185",,"5","3","0","0","13777.2972972973"
"2765549653","Meia Praia","UNIT","apartamento","2591000","131",,"4","2","0","0","19778.6259541985"
"2755531412","Meia Praia","UNIT","apartamento","2616120","160",,"3","3",,,"16350.75"
"2646969387","Meia Praia","UNIT","apartamento","1800000","120",,"1","1","680","400","15000"
"2766852025","Meia Praia","UNIT","apartamento","2699800","179",,"5","2","0","0","15082.6815642458"
"2766855121","Meia Praia","UNIT","apartamento","1792000","105",,"2","1","0","0","17066.6666666667"
"2743411086","Meia Praia","UNIT","apartamento","1550000","138",,"3","2","1185","400","11231.884057971"
"2766834117","Meia Praia","UNIT","apartamento","5650000","199",,"5","3","1","1","28391.959798995"
"2764634415","Centro","UNIT","apartamento","2150000","1188",,"4","3","0","0","1809.76430976431"
"2766855330","Meia Praia","UNIT","apartamento","1990000","128",,"3","2","0","0","15546.875"
"2579298535","Meia Praia","UNIT","apartamento","1749998","134",,"4","2","1900","450","13059.6865671642"
"2766853943","Jardim Praia Mar","UNIT","apartamento","890000","68",,"2","1","0","375","13088.2352941176"
"2766853928","Meia Praia","UNIT","apartamento","2798000","131",,"4","2","0","0","21358.7786259542"
"2672503606","Meia Praia","UNIT","apartamento","1700000","80",,"4","2","1200","350","21250"
"2763599446","Meia Praia","UNIT","apartamento","1350000","140",,"3","1","2000","400","9642.85714285714"
"2748550795","Centro","UNIT","apartamento","2698000","206",,"5","3","0","0","13097.0873786408"
"2716729441","Andorinha","UNIT","apartamento","770000","40",,"1","1","0","650","19250"
"2767583739","Andorinha","UNIT","apartamento","4784758","259",,"5","3","200",,"18473.9691119691"
"2762425719","Casa Branca","UNIT","terreno","699000","0",,"1","0",,,
"2743411584","Meia Praia","UNIT","apartamento","3200000","193",,"5","5",,"0","16580.310880829"
"2769187755","Centro","UNIT","comercial","1852340","123",,"1","0","3149","1","15059.674796748"
"2764632641","Meia Praia","UNIT","apartamento","2300000","1424",,"4","3","0","0","1615.16853932584"
"2765062365","Meia Praia","UNIT","apartamento","2478000","236",,"1","0","2300","0","10500"
"2743411680","Meia Praia","UNIT","apartamento","2850000","155",,"4","2",,"420","18387.0967741935"
"2767580979","Morretes","UNIT","apartamento","750000","41",,"1","1","100",,"18292.6829268293"
"2766851631","Centro","UNIT","apartamento","2750000","132",,"4","2","0","0","20833.3333333333"
"2766855914","Morretes","UNIT","apartamento","921800","60",,"2","1","0","0","15363.3333333333"
"2765550319","Castelo Branco","UNIT","apartamento","1589000","95",,"4","2","0","391","16726.3157894737"
"2690960821","Centro","UNIT","apartamento","2381600","104",,"3","2","0","0","22900"
"2767582398","Meia Praia","UNIT","apartamento","3207354","281",,"3","3","1000","300","11414.0711743772"
"2737417717","Morretes","UNIT","apartamento","1141300","60",,"1","1","760","400","19021.6666666667"
"2590082514","Meia Praia","UNIT","apartamento","2750000","287",,"8","2","1100","650","9581.88153310104"
"2753363490","Centro","UNIT","apartamento","1389720","105",,"2","1","1300","600","13235.4285714286"
"2766851830","Meia Praia","UNIT","apartamento","2599000","145",,"4","2","0","0","17924.1379310345"
"2744014579","Meia Praia","UNIT","apartamento","800000","48",,"1","1",,,"16666.6666666667"
"2761702759","Centro","UNIT","apartamento","1885876","92",,"3","2","0","1200","20498.652173913"
"2766852839","Meia Praia","UNIT","apartamento","4500000","214",,"5","3","0","0","21028.0373831776"
"2768620822","<vazio>","UNIT","casa","9000000","440",,"5","5","3210","1514","20454.5454545455"
"2663836548","Meia Praia","UNIT","apartamento","1711000","81",,"3","2",,,"21123.4567901235"
"2767581638","Meia Praia","UNIT","apartamento","2311893","248",,"3","3","200","800","9322.14919354839"
"2760236615","Meia Praia","UNIT","apartamento","3500000","142",,"4","3",,,"24647.8873239437"
"2765064138","Meia Praia","UNIT","apartamento","1377166","79",,"1","2","100","0","17432.4810126582"
"2751858194","Meia Praia","UNIT","apartamento","1649340","107",,"4","2","2300","520","15414.3925233645"
"2738299552","Morretes","UNIT","apartamento","6700000","296",,"4","3","1","1","22635.1351351351"
"2767581979","Morretes","UNIT","apartamento","6521274","183",,"4","3","1000",,"35635.3770491803"
"2679349795","Meia Praia","UNIT","apartamento","2195000","180",,"5","3","1900","850","12194.4444444444"
"2768634319","Meia Praia","UNIT","apartamento","2198800","135",,"1","2","100","0","16287.4074074074"
"2742111088","Castelo Branco","UNIT","apartamento","2150818","185",,"1","2","0","0","11626.0432432432"
"2702053885","Centro","UNIT","apartamento","4700000","236",,"6","3","0","2500","19915.2542372881"
"2752786909","Meia Praia","UNIT","apartamento","1626073","262",,"4","2","1500","0","6206.38549618321"
"2728884379","Morretes","UNIT","terreno","3750000","1389",,"0","0",,,"2699.78401727862"
"2759966019","Meia Praia","UNIT","apartamento","1050000","40",,"1","1",,"0","26250"
"2744015482","Canto da Praia","UNIT","apartamento","1800000","109",,"3","2","1491","965","16513.7614678899"
"2767582153","Centro","UNIT","apartamento","5699000","180",,"4","3","100",,"31661.1111111111"
"2732420165","Meia Praia","UNIT","apartamento","1800000","99",,"3","2","1500","300","18181.8181818182"
"2717319649","Meia Praia","UNIT","apartamento","3200000","380",,"5","1",,,"8421.05263157895"
"2764635252","Castelo Branco","UNIT","apartamento","1300000","107",,"2","1","900","360","12149.5327102804"
"2769474680","Andorinha","UNIT","comercial","1499350","89",,"1","1","2550","1","16846.6292134831"
"2766852429","Centro","UNIT","apartamento","6039800","229",,"5","3","0","0","26374.672489083"
"2769471966","Meia Praia","UNIT","apartamento","2798050","333",,"5","2","2500","750","8402.55255255255"
"2769184069","Meia Praia","UNIT","apartamento","2869680","202",,"4","2","4870","1","14206.3366336634"
"2766854723","Andorinha","UNIT","apartamento","4940000","268",,"5","2","0","0","18432.8358208955"
"2766851913","Meia Praia","UNIT","apartamento","2599800","183",,"5","3","0","0","14206.5573770492"
"2558703179","<vazio>","UNIT","apartamento","6250000","366",,"5","3",,,"17076.5027322404"
"2764632757","Meia Praia","UNIT","apartamento","1900000","1285",,"4","3","0","0","1478.59922178988"
"2760268425","Meia Praia","UNIT","apartamento","1349000","76",,"2","2","860","570","17750"
"2743942571","Morretes","UNIT","apartamento","804968","70",,"3","1",,,"11499.5428571429"
"2734564716","Meia Praia","UNIT","apartamento","1700000","108",,"4","2","0","500","15740.7407407407"
"2764632331","Meia Praia","UNIT","apartamento","6300000","315",,"8","7","0","0","20000"
"2766292723","Meia Praia","UNIT","apartamento","1800000","186",,"2","1","2000",,"9677.41935483871"
"2752074040","Meia Praia","UNIT","apartamento","3600000","131",,"3","3",,,"27480.9160305344"
"2759966018","Meia Praia","UNIT","apartamento","1000000","40",,"1","1",,"0","25000"
"2764153424","Meia Praia","UNIT","apartamento","3600000","225",,"4","3","3335","525","16000"
"2743941779","Morretes","UNIT","apartamento","869294","70",,"3","1",,,"12418.4857142857"
"2769187794","Casa Branca","UNIT","outros","7499630","440",,"5","5","2600","1","17044.6136363636"
"2765550417","Meia Praia","UNIT","apartamento","2555000","131",,"4","2","0","1690000","19503.8167938931"
"2761681519","Meia Praia","UNIT","apartamento","3995000","179",,"5","2",,,"22318.4357541899"
"2729363968","Centro","UNIT","apartamento","2690000","203",,"5","2","265","700","13251.2315270936"
"2747201654","Meia Praia","UNIT","apartamento","6158564","240",,"4","3","0","0","25660.6833333333"
"2753365897","Canto da Praia","UNIT","apartamento","6999600","220",,"5","3","3000","3000","31816.3636363636"
"2769187421","Andorinha","UNIT","apartamento","6510955","420",,"6","4","11098","1","15502.2738095238"
"2767583798","Meia Praia","UNIT","apartamento","3100000","156",,"4","3","100","1000","19871.7948717949"
"2765118000","Centro","UNIT","apartamento","2800000","243",,"4","0","0","0","11522.633744856"
"2748823196","Meia Praia","UNIT","apartamento","1945000","116",,"4","2","250","250","16767.2413793103"
"2752982402","Centro","UNIT","apartamento","2160000","125",,"4","2","1000","500","17280"
"2768971563","Andorinha","UNIT","comercial","1489830","82",,"1","0","1200","600","18168.6585365854"
"2760158415","Meia Praia","UNIT","apartamento","998815","40",,"1","1","2000","1000","24970.375"
"2760221453","Meia Praia","UNIT","apartamento","998815","40",,"1","1","2000","1000","24970.375"
"2699371301","Centro","UNIT","apartamento","1600000","85",,"2","1","720","520","18823.5294117647"
"2765546456","Meia Praia","UNIT","apartamento","2000000","148",,"3","1","0","0","13513.5135135135"
"2747342575","Andorinha","UNIT","apartamento","1750000","113",,"4","2","2160","500","15486.7256637168"
"2751911434","Meia Praia","UNIT","apartamento","2890000","175",,"1","3","801","0","16514.2857142857"
"2646970982","Meia Praia","UNIT","apartamento","2130000","382",,"1","1","610","510","5575.91623036649"
"2728885265","Casa Branca","UNIT","terreno","2700000","1200",,"0","0",,,"2250"
"2767580976","Castelo Branco","UNIT","apartamento","2950000","129",,"3","3","100","300","22868.2170542636"
"2766833222","Canto da Praia","UNIT","apartamento","920000","94",,"2","1","1","1","9787.23404255319"
"2766832130","Meia Praia","UNIT","apartamento","1450000","118",,"3","1","1200","650","12288.1355932203"
"2767581875","Centro","UNIT","comercial","6845000","335",,"1","1","100",,"20432.8358208955"
"2728456923","Morretes","UNIT","terreno","1500000","567",,"0","0",,,"2645.50264550265"
"2764969774","Meia Praia","UNIT","apartamento","850000","40",,"1","1","850","715","21250"
"2758635640","Meia Praia","UNIT","apartamento","2700000","140",,"4","3","3900","2500","19285.7142857143"
"2758863208","Meia Praia","UNIT","apartamento","2700000","140",,"4","3","3900","2500","19285.7142857143"
"2757198550","Meia Praia","UNIT","apartamento","7590000","364",,"1","3",,"0","20851.6483516484"
"2754149097","Centro","UNIT","apartamento","3468800","348",,"5","4",,,"9967.81609195402"
"2766855032","Meia Praia","UNIT","apartamento","1890800","100",,"4","2","0","0","18908"
"2760094925","Meia Praia","UNIT","apartamento","998815","40",,"1","1","2000","1000","24970.375"
"2657049058","Centro","UNIT","apartamento","2717491","111",,"3","2","0","0","24481.9009009009"
"2682103917","Morretes","UNIT","apartamento","3985000","186",,"5","3","2200","990","21424.7311827957"
"2596352554","Meia Praia","UNIT","apartamento","2400000","156",,"5","3","2600","1300","15384.6153846154"
"2767583749","Centro","UNIT","apartamento","2671450","138",,"4","3","100",,"19358.3333333333"
"2724452246","Meia Praia","UNIT","apartamento","3000000","185",,"5","3",,"660","16216.2162162162"
"2769325664","<vazio>","UNIT","apartamento","1400000","115",,"1","2","0","1400000","12173.9130434783"
"2766852915","Centro","UNIT","apartamento","3499800","268",,"5","5","0","0","13058.9552238806"
"2756446102","Meia Praia","UNIT","apartamento","2850000","190",,"5","3","4000","600","15000"
"2751127895","Meia Praia","UNIT","apartamento","2300000","163",,"3","2","2390","800","14110.4294478528"
"2720563535","Centro","UNIT","apartamento","6985000","176",,"5","3",,,"39687.5"
"2763545119","Meia Praia","UNIT","apartamento","1550000","140",,"3","3","280","805","11071.4285714286"
"2750156630","Meia Praia","UNIT","apartamento","980000","90",,"3","1","890","390","10888.8888888889"
"2761017043","Centro","UNIT","apartamento","3437000","146",,"5","2",,,"23541.095890411"
"2755178197","Andorinha","UNIT","apartamento","2500000","140",,"2","2","0","0","17857.1428571429"
"2764634615","Meia Praia","UNIT","apartamento","850000","40",,"1","1","0","0","21250"
"2759778934","Meia Praia","UNIT","apartamento","2990000","155",,"4","3","0","0","19290.3225806452"
"2761656115","Morretes","UNIT","apartamento","990000","60",,"2","1","2500","980","16500"
"2747202347","Meia Praia","UNIT","apartamento","1900000","100",,"4","2","0","0","19000"
"2751910785","Meia Praia","UNIT","apartamento","5768103","197",,"1","3","0","0","29279.7106598985"
"2767585018","Centro","UNIT","apartamento","14107500","295",,"4","3","100","1500","47822.0338983051"
"2769183800","Meia Praia","UNIT","apartamento","2199570","124",,"4","3","3356","1","17738.4677419355"
"2751911265","Meia Praia","UNIT","apartamento","5659165","197",,"1","3","0","0","28726.7258883249"
"2730782374","Meia Praia","UNIT","apartamento","1700000","110",,"3","2",,"817","15454.5454545455"
"2764634413","Meia Praia","UNIT","apartamento","3500000","400",,"4","2","0","0","8750"
"2750788012","Centro","UNIT","apartamento","4195000","176",,"5","3",,,"23835.2272727273"
"2726985149","Centro","UNIT","apartamento","3570000","238",,"5","3","1900","700","15000"
"2747342574","Meia Praia","UNIT","apartamento","4800000","268",,"5","2",,"0","17910.447761194"
"2742890388","Meia Praia","UNIT","apartamento","2790000","142",,"4","3",,"950","19647.8873239437"
"2767583332","Andorinha","UNIT","apartamento","2394745","120",,"3","2","100",,"19956.2083333333"
"2558704057","<vazio>","UNIT","apartamento","1600000","220",,"5","1",,,"7272.72727272727"
"2754167791","Meia Praia","UNIT","apartamento","3998800","180",,"4","3",,,"22215.5555555556"
"2764632542","Meia Praia","UNIT","apartamento","2173451","1452",,"4","2","0","0","1496.86707988981"
"2758658313","Meia Praia","UNIT","apartamento","2700000","140",,"4","3","3900","2500","19285.7142857143"
"2754700229","Centro","UNIT","apartamento","2798000","180",,"3","2",,,"15544.4444444444"
"2765060474","Centro","UNIT","apartamento","4500000","210",,"1","3","100","0","21428.5714285714"
"2704342970","Andorinha","UNIT","apartamento","3791758","259",,"5","3","10","10","14639.9922779923"
"2765064363","Meia Praia","UNIT","apartamento","2850000","137",,"1","3","100","0","20802.9197080292"
"2736451509","Meia Praia","UNIT","apartamento","1999000","123",,"2","1","150","500","16252.0325203252"
"2767581251","Meia Praia","UNIT","apartamento","7888000","166",,"5","3","100",,"47518.0722891566"
"2751856625","Meia Praia","UNIT","apartamento","2199820","140",,"4","2","2500","500","15713"
"2766854521","Andorinha","UNIT","apartamento","2820800","281",,"4","2","0","0","10038.4341637011"
"2751504647","Meia Praia","UNIT","apartamento","4500000","183",,"5","3","0","1100","24590.1639344262"
"2767583740","Meia Praia","UNIT","apartamento","2311893","249",,"3","3","200","1000","9284.71084337349"
"2748354233","Meia Praia","UNIT","apartamento","2100000","130",,"2","1","24000","500","16153.8461538462"
"2662629961","Meia Praia","UNIT","apartamento","3800000","300",,"4","3","3500","950","12666.6666666667"
"2766852420","Meia Praia","UNIT","apartamento","2099800","148",,"4","0","0","0","14187.8378378378"
"2766853026","Castelo Branco","UNIT","apartamento","1099800","79",,"3","2","0","0","13921.5189873418"
"2743409620","Centro","UNIT","apartamento","6950000","238",,"5","3",,"0","29201.6806722689"
"2740233954","Meia Praia","UNIT","apartamento","1470000","121",,"2","1","1200","400","12148.7603305785"
"2726594615","Centro","UNIT","apartamento","900000","40",,"1","1",,"400","22500"
"2765064142","Meia Praia","UNIT","apartamento","8993000","180",,"1","3","6000","1980","49961.1111111111"
"2596603767","Meia Praia","UNIT","apartamento","2600000","161",,"5","3","2000","950","16149.0683229814"
"2739305420","Meia Praia","UNIT","apartamento","5000000","225",,"5","3","4000","1500","22222.2222222222"
"2744015855","Meia Praia","UNIT","apartamento","2700000","120",,"2","1",,,"22500"
"2758636218","Meia Praia","UNIT","apartamento","2799000","238",,"4","3","3200","2200","11760.5042016807"
"2741261769","Meia Praia","UNIT","apartamento","7495000","305",,"4","3","7000","1300","24573.7704918033"
"2752466395","Centro","UNIT","apartamento","3889900","130",,"4","2","1","1","29922.3076923077"
"2764978850","Meia Praia","UNIT","apartamento","1360000","92",,"3","1","1000","550","14782.6086956522"
"2558703841","<vazio>","UNIT","apartamento","2099200","300",,"5","2",,,"6997.33333333333"
"2766854641","Meia Praia","UNIT","apartamento","2990000","156",,"5","3","0","1700","19166.6666666667"
"2746552717","Meia Praia","UNIT","apartamento","920000","109",,"2","1","657","440","8440.36697247706"
"2728884682","Varzea","UNIT","terreno","3300000","2100",,"0","0",,,"1571.42857142857"
"2765063000","Meia Praia","UNIT","apartamento","3690000","190",,"1","3","100","923","19421.0526315789"
"2767582546","Meia Praia","UNIT","apartamento","3070000","247",,"3","0","2011","810","12429.1497975708"
"2764631296","Meia Praia","UNIT","apartamento","3300000","1601",,"4","3","0","0","2061.21174266084"
"2730369696","Centro","UNIT","apartamento","2750000","167",,"3","3","0","800","16467.0658682635"
"2747202040","Andorinha","UNIT","apartamento","4940000","268",,"5","2","0","0","18432.8358208955"
"2655347261","Meia Praia","UNIT","apartamento","4207790","154",,"4","2","9500","2000","27323.3116883117"
"2768632327","Meia Praia","UNIT","apartamento","3998800","180",,"1","3","100","0","22215.5555555556"
"2670811202","Meia Praia","UNIT","apartamento","5000000","206",,"3","3","0","0","24271.8446601942"
"2756089950","Meia Praia","UNIT","apartamento","3240000","176",,"3","2",,"850","18409.0909090909"
"2752618425","Meia Praia","UNIT","apartamento","3500000","170",,"1","3",,,"20588.2352941176"
"2764632953","Meia Praia","UNIT","apartamento","2190000","1296",,"4","2","0","0","1689.81481481481"
"2764633060","Meia Praia","UNIT","apartamento","3050000","1285",,"4","3","0","792","2373.54085603113"
"2742890883","Meia Praia","UNIT","apartamento","3800000","180",,"5","3",,"750","21111.1111111111"
"2763236921","Meia Praia","UNIT","apartamento","4650000","350",,"5","2","5000","3500","13285.7142857143"
"2751911950","Meia Praia","UNIT","apartamento","5887040","197",,"1","3","0","0","29883.4517766497"
"2693780991","Castelo Branco","UNIT","apartamento","3000000","197",,"4","3","0","0","15228.4263959391"
"2760453522","Meia Praia","UNIT","apartamento","2300000","124",,"4","2",,"0","18548.3870967742"
"2756460854","Meia Praia","UNIT","apartamento","1300000","41",,"1","1","0",,"31707.3170731707"
"2765062084","Meia Praia","UNIT","apartamento","6700000","215",,"1","3","2971","1488","31162.7906976744"
"2758864930","Meia Praia","UNIT","apartamento","2799000","238",,"4","3","3200","2200","11760.5042016807"
"2752399351","Meia Praia","UNIT","apartamento","5950000","175",,"5","3",,,"34000"
"2743161327","Meia Praia","UNIT","apartamento","4940000","268",,"5","2",,"0","18432.8358208955"
"2742112777","Meia Praia","UNIT","apartamento","6203853","197",,"1","3","0","0","31491.6395939086"
"2735746516","Meia Praia","UNIT","apartamento","10785000","264",,"6","4","2200","1500","40852.2727272727"
"2671776106","Centro","UNIT","apartamento","3450000","174",,"4","2","2500","900","19827.5862068966"
"2753261120","Meia Praia","UNIT","apartamento","2000000","228",,"5","0","0","0","8771.9298245614"
"2764632428","Centro","UNIT","apartamento","8998800","505",,"5","5","0","0","17819.4059405941"
"2597119789","Meia Praia","UNIT","apartamento","3200000","190",,"5","3","1800","900","16842.1052631579"
"2758656231","Meia Praia","UNIT","apartamento","2799000","238",,"4","3","3200","2200","11760.5042016807"
"2744007685","Meia Praia","UNIT","apartamento","3490000","190",,"5","4",,"885","18368.4210526316"
"2743163487","Meia Praia","UNIT","apartamento","6158564","240",,"5","4",,"0","25660.6833333333"
"2742333353","Meia Praia","UNIT","apartamento","3650000","189",,"5","4","1500","750","19312.1693121693"
"2766852617","Andorinha","UNIT","apartamento","3000000","272",,"4","2","0","0","11029.4117647059"
"2743253592","Centro","UNIT","apartamento","1918000","133",,"4","2","900","400","14421.0526315789"
"2717011742","Meia Praia","UNIT","apartamento","1390000","200",,"3","1","1500","800","6950"
"2760453420","Castelo Branco","UNIT","apartamento","1450000","80",,"3","2","1400","850","18125"
"2765063790","Centro","UNIT","apartamento","4280000","197",,"1","2","100","0","21725.8883248731"
"2767583736","Meia Praia","UNIT","apartamento","1180872","40",,"1","1","100",,"29521.8"
"2722638436","Meia Praia","UNIT","apartamento","3190000","156",,"1","3",,"1200","20448.7179487179"
"2766853416","Centro","UNIT","apartamento","1854800","107",,"4","1","0","0","17334.5794392523"
"2764633624","Centro","UNIT","apartamento","2839167","1214",,"4","2","0","0","2338.68780889621"
"2765319923","Meia Praia","UNIT","apartamento","3090000","200",,"5","4","3800",,"15450"
"2765548423","Andorinha","UNIT","apartamento","2450000","400",,"5","2","0","0","6125"
"2765062083","Meia Praia","UNIT","apartamento","2500000","130",,"1","3","100","0","19230.7692307692"
"2721619662","Centro","UNIT","apartamento","3295000","190",,"1","3",,,"17342.1052631579"
"2765232346","Meia Praia","UNIT","apartamento","3200000","124",,"4","3","2965","1430","25806.4516129032"
"2764350457","Meia Praia","UNIT","apartamento","10500000","196",,"1","3","4900","1900","53571.4285714286"
"2646971492","Meia Praia","UNIT","comercial","850000","49",,"0","0",,,"17346.9387755102"
"2769187146","Meia Praia","UNIT","comercial","14659460","800",,"5","0","33568","1","18324.325"
"2764631062","Meia Praia","UNIT","apartamento","850000","40",,"1","1","0","0","21250"
"2764633720","Meia Praia","UNIT","apartamento","1800000","1296",,"4","2","0","0","1388.88888888889"
"2696671210","Morretes","UNIT","terreno","850000","315",,"0","0","13","13","2698.4126984127"
"2699352676","Meia Praia","UNIT","apartamento","1391000","93",,"2","1","1400","450","14956.9892473118"
"2754662214","Meia Praia","UNIT","apartamento","1199800","116",,"2","1","900","450","10343.1034482759"
"2558704103","<vazio>","UNIT","apartamento","2500000","404",,"5","3",,,"6188.11881188119"
"2747949979","Centro","UNIT","apartamento","2646523","625",,"4","4",,,"4234.4368"
"2764632556","Andorinha","UNIT","apartamento","2396000","1517",,"4","2","0","0","1579.43309162821"
"2764882838","Centro","UNIT","apartamento","2200000","165",,"1","3",,"0","13333.3333333333"
"2751911264","Meia Praia","UNIT","apartamento","5701064","202",,"1","3","0","0","28223.0891089109"
"2745859108","Morretes","UNIT","apartamento","2150000","103",,"3","1",,"591","20873.786407767"
"2751910784","Meia Praia","UNIT","apartamento","5810002","202",,"1","3","0","0","28762.3861386139"
"2700512819","Morretes","UNIT","casa","2300000","250",,"2","2","1000","0","9200"
"2751946011","Meia Praia","UNIT","apartamento","1800000","101",,"3","2","0","0","17821.7821782178"
"2753537049","Centro","UNIT","apartamento","2648800","164",,"5","3",,,"16151.2195121951"
"2764861321","Centro","UNIT","apartamento","1600000","86",,"1","1","560","480","18604.6511627907"
"2769199115","Meia Praia","UNIT","apartamento","2548395","185",,"5","3",,,"13775.1081081081"
"2769184667","Meia Praia","UNIT","apartamento","2554660","130",,"4","3","4343","1","19651.2307692308"
"2558703946","<vazio>","UNIT","apartamento","1400000","292",,"3","3",,,"4794.52054794521"
"2751911949","Meia Praia","UNIT","apartamento","6094915","202",,"1","3","0","0","30172.8465346535"
"2761881713","Centro","UNIT","apartamento","3370000","135",,"3","3",,"0","24962.962962963"
"2751880231","Centro","UNIT","apartamento","3889000","130",,"4","2","1","1","29915.3846153846"
"2744006721","Meia Praia","UNIT","apartamento","3200000","193",,"5","3",,"0","16580.310880829"
"2744009363","Meia Praia","UNIT","apartamento","3600000","180",,"4","3",,"0","20000"
"2723208909","Centro","UNIT","apartamento","1850000","180",,"2","1","600","500","10277.7777777778"
"2760452523","Meia Praia","UNIT","apartamento","1700000","108",,"4","2",,"370","15740.7407407407"
"2767583117","Meia Praia","UNIT","apartamento","6900000","331",,"5","3","8000","2800","20845.9214501511"
"2764969775","Centro","UNIT","apartamento","1600000","86",,"2","1","900","690","18604.6511627907"
"2766851914","Morretes","UNIT","apartamento","1290000","69",,"3","1","0","0","18695.652173913"
"2767584327","Meia Praia","UNIT","apartamento","2671759","160",,"4","3","100",,"16698.49375"
"2752290900","Meia Praia","UNIT","apartamento","3500000","188",,"5","3",,,"18617.0212765957"
"2737169424","Centro","UNIT","apartamento","4115000","188",,"4","3","0","0","21888.2978723404"
"2751910322","Meia Praia","UNIT","apartamento","5918939","202",,"1","3","0","0","29301.6782178218"
"2728577125","Castelo Branco","UNIT","apartamento","3943000","233",,"5","2",,,"16922.7467811159"
"2661091716","Meia Praia","UNIT","apartamento","2600000","200",,"5","8","3800","0","13000"
"2743411083","Meia Praia","UNIT","apartamento","3470000","170",,"4","3","0","1200","20411.7647058824"
"2753362880","Andorinha","UNIT","apartamento","1789320","131",,"2","2","1300","19720","13658.9312977099"
"2697675414","Centro","UNIT","apartamento","3900000","160",,"1","3",,"0","24375"
"2753757017","Meia Praia","UNIT","apartamento","1400000","98",,"1","1",,"400","14285.7142857143"
"2767582173","Meia Praia","UNIT","apartamento","2646119","185",,"5","3","150",,"14303.3459459459"
"2761705516","Meia Praia","UNIT","apartamento","3500000","155",,"5","3","547","1500","22580.6451612903"
"2627569891","Meia Praia","UNIT","apartamento","875000","44",,"1","1",,,"19886.3636363636"
"2560060556","Centro","UNIT","apartamento","17499928","411",,"6","6",,,"42578.900243309"
"2768634228","Centro","UNIT","apartamento","2998000","132",,"1","2","100","0","22712.1212121212"
"2767829438","Meia Praia","UNIT","apartamento","3679000","218",,"5","3",,,"16876.1467889908"
"2759766030","Centro","UNIT","apartamento","5790000","211",,"3","3",,,"27440.7582938389"
"2767585017","Meia Praia","UNIT","apartamento","16697866","427",,"5","4","100",,"39105.0725995316"
"2730784243","Centro","UNIT","apartamento","2724677","86",,"1","2",,,"31682.2906976744"
"2748820943","Meia Praia","UNIT","apartamento","1716000","100",,"3","2","250","250","17160"
"2760195917","Morretes","UNIT","apartamento","4828249","147",,"4","2",,,"32845.231292517"
"2731107525","Andorinha","UNIT","apartamento","3791000","259",,"5","3",,,"14637.0656370656"
"2751941805","Morretes","UNIT","apartamento","720000","10",,"2","2",,"340","72000"
"2766831358","Meia Praia","UNIT","apartamento","1280000","152",,"4","1","1","1250","8421.05263157895"
"2730795582","Andorinha","UNIT","apartamento","3900000","303",,"4","2","4000","600","12871.2871287129"
"2734024826","Meia Praia","UNIT","apartamento","1700000","130",,"3","0",,"520","13076.9230769231"
"2743411090","Meia Praia","UNIT","apartamento","5000000","205",,"5","3",,"750","24390.243902439"
"2764632862","Meia Praia","UNIT","comercial","3800000","120",,"2","2","0","0","31666.6666666667"
"2762425915","Alto S?o Bento","UNIT","terreno","1100000","0",,"1","0",,,
"2743411087","Andorinha","UNIT","apartamento","6690000","200",,"5","3",,"0","33450"
"2717554442","Andorinha","UNIT","apartamento","2399000","160",,"3","3","0","10000","14993.75"
"2743410764","Centro","UNIT","apartamento","2648800","164",,"5","3",,"0","16151.2195121951"
"2744007187","Meia Praia","UNIT","apartamento","2565000","193",,"5","3",,"0","13290.1554404145"
"2751941220","Meia Praia","UNIT","apartamento","1200000","10",,"2","0","1070","606","120000"
"2768112425","Meia Praia","UNIT","apartamento","5997000","343",,"6","4",,,"17483.9650145773"
"2753534006","Centro","UNIT","apartamento","3598800","206",,"5","3",,,"17469.9029126214"
"2751025487","Centro","UNIT","apartamento","3795000","191",,"4","0",,,"19869.109947644"
"2736216057","Meia Praia","UNIT","apartamento","3900000","140",,"5","5","2220","650","27857.1428571429"
"2558703684","<vazio>","UNIT","apartamento","1750000","322",,"5","3",,,"5434.78260869565"
"2744013115","Meia Praia","UNIT","apartamento","1850000","77",,"3","2","1225","500","24025.974025974"
"2760226946","Meia Praia","UNIT","apartamento","4500000","224",,"5","3",,,"20089.2857142857"
"2769187145","Meia Praia","UNIT","apartamento","1999200","100",,"4","2","3400","1","19992"
"2752394198","Meia Praia","UNIT","apartamento","5950000","190",,"5","3",,,"31315.7894736842"
"2673148299","Meia Praia","UNIT","apartamento","3600000","179",,"5","3","0","1200","20111.7318435754"
"2760221454","Centro","UNIT","apartamento","8665000","418",,"6","4","5000","2000","20729.6650717703"
"2758635639","Meia Praia","UNIT","apartamento","970000","40",,"1","1","1000","1000","24250"
"2758655954","Meia Praia","UNIT","apartamento","970000","40",,"1","1","1000","1000","24250"
"2760094926","Centro","UNIT","apartamento","8665000","418",,"6","4","5000","2000","20729.6650717703"
"2758870523","Meia Praia","UNIT","apartamento","970000","40",,"1","1","1000","1000","24250"
"2750519395","Meia Praia","UNIT","apartamento","1050000","126",,"1","1","850","350","8333.33333333333"
"2744006714","Castelo Branco","UNIT","apartamento","6200000","262",,"5","3","0","0","23664.1221374046"
"2742890291","Meia Praia","UNIT","apartamento","2000000","270",,"4","2","0","540","7407.40740740741"
"2742885829","Meia Praia","UNIT","apartamento","3190000","156",,"4","3",,"1200","20448.7179487179"
"2760157818","Centro","UNIT","apartamento","8665000","418",,"6","4","5000","2000","20729.6650717703"
"2611792918","Morretes","UNIT","apartamento","6595000","186",,"5","3","1900","950","35456.9892473118"
"2741554765","Castelo Branco","UNIT","apartamento","3900000","270",,"5","4","0","0","14444.4444444444"
"2766831356","Centro","UNIT","apartamento","1050000","140",,"2","1","900","350","7500"
"2730741853","Andorinha","UNIT","apartamento","4940000","268",,"5","2",,,"18432.8358208955"
"2752039325","Meia Praia","UNIT","apartamento","6158564","286",,"4","1","1","1","21533.4405594406"
"2769150017","Meia Praia","UNIT","apartamento","1300000","41",,"1","0",,,"31707.3170731707"
"2754531758","Meia Praia","UNIT","apartamento","2767015","175",,"5","3","1","1","15811.5142857143"
"2765063791","Meia Praia","UNIT","apartamento","9998000","180",,"1","3","6000","1980","55544.4444444444"
"2766855313","Meia Praia","UNIT","comercial","4499800","288",,"2","0","0","0","15624.3055555556"
"2765283440","Andorinha","UNIT","apartamento","4085461","226",,"6","3",,,"18077.2610619469"
"2608859675","Meia Praia","UNIT","apartamento","2599000","190",,"4","2","1400","700","13678.9473684211"
"2750148947","Estreito","UNIT","apartamento","2750000","280",,"3","2","0","0","9821.42857142857"
"2753041904","<vazio>","UNIT","apartamento","680000","10",,"3","1",,"0","68000"
"2656735401","Centro","UNIT","apartamento","7498800","505",,"5","5",,"0","14849.1089108911"
"2767582392","Meia Praia","UNIT","apartamento","9577800","234",,"5","3","100",,"40930.7692307692"
"2760270524","Meia Praia","UNIT","apartamento","10587144","264",,"5","4",,,"40102.8181818182"
"2726465761","Meia Praia","UNIT","apartamento","9530000","180",,"5","3","3300","1990","52944.4444444444"
"2767582181","Centro","UNIT","apartamento","2599999","87",,"3","2","100",,"29885.0459770115"
"2756559140","Andorinha","UNIT","apartamento","1150000","10",,"3","2",,"552","115000"
"2670819802","Castelo Branco","UNIT","apartamento","1550000","167",,"2","1","548","418","9281.4371257485"
"2766001218","Meia Praia","UNIT","apartamento","2800000","177",,"5","3","1000","0","15819.209039548"
"2765063646","Meia Praia","UNIT","apartamento","8500000","323",,"1","3","450","2700","26315.7894736842"
"2736815313","Meia Praia","UNIT","apartamento","2850000","127",,"3","3","0","0","22440.9448818898"
"2748326796","Tabuleiro dos Oliveiras","UNIT","casa","850000","13",,"1","2","211",,"65384.6153846154"
"2753647718","Centro","UNIT","apartamento","1500000","180",,"3","1","1200","500","8333.33333333333"
"2751597601","Centro","UNIT","apartamento","4945000","282",,"6","3",,,"17535.4609929078"
"2740364099","Meia Praia","UNIT","apartamento","4500000","280",,"5","4","2500","800","16071.4285714286"
"2742884451","Meia Praia","UNIT","apartamento","5900000","270",,"5","2",,"0","21851.8518518519"
"2763948624","Meia Praia","UNIT","apartamento","6990000","187",,"5","4","0","0","37379.679144385"
"2749496926","Meia Praia","UNIT","apartamento","3000000","235",,"2","2","0",,"12765.9574468085"
"2744009371","Andorinha","UNIT","apartamento","5150000","200",,"5","3",,"0","25750"
"2740172047","Andorinha","UNIT","apartamento","3600000","270",,"1","1","2000","800","13333.3333333333"
"2752780394","Morretes","UNIT","apartamento","850000","10",,"3","1",,"350","85000"
"2568211991","Castelo Branco","UNIT","apartamento","1650000","56",,"4","2","2702","800","29464.2857142857"
"2766831352","Castelo Branco","UNIT","apartamento","2799900","128",,"4","3","1","1","21874.21875"
"2767584413","Castelo Branco","UNIT","apartamento","2721222","256",,"4","4","100",,"10629.7734375"
"2751942199","Morretes","UNIT","apartamento","830000","10",,"1","1",,"0","83000"
"2725634785","Centro","UNIT","apartamento","2750000","288",,"4","2",,,"9548.61111111111"
"2724405310","meia praia","UNIT","apartamento","5437000","206",,"5","3","0","0","26393.2038834951"
"2751916544","Meia Praia","UNIT","apartamento","3300000","156",,"5","3","0","1700","21153.8461538462"
"2765060475","Castelo Branco","UNIT","apartamento","4581148","183",,"1","4","100","0","25033.5956284153"
"2767583932","Andorinha","UNIT","apartamento","4405794","259",,"5","3","200",,"17010.7876447876"
"2765062997","Meia Praia","UNIT","apartamento","3960000","315",,"1","3","100","0","12571.4285714286"
"2629990162","Morretes","UNIT","terreno","1500000","252",,"0","0","500",,"5952.38095238095"
"2762686121","Centro","UNIT","apartamento","7250000","281",,"5","5","1","1","25800.7117437722"
"2767582534","Andorinha","UNIT","comercial","3390000","104",,"1","1","100",,"32596.1538461538"
"2764632151","Meia Praia","UNIT","apartamento","1700000","83",,"2","1","700","370","20481.9277108434"
"2751942297","Meia Praia","UNIT","apartamento","1785000","10",,"4","3","2400","850","178500"
"2721618836","Centro","UNIT","apartamento","6019000","293",,"4","3",,,"20542.662116041"
"2768634320","Centro","UNIT","apartamento","3998800","206",,"1","3","100","0","19411.6504854369"
"2752780101","Meia Praia","UNIT","apartamento","1199000","10",,"2","1","970","370","119900"
"2708137667","Centro","UNIT","apartamento","3950000","153",,"4","4","0","1200","25816.9934640523"
"2768491313","Centro","UNIT","apartamento","7250000","281",,"5","5",,,"25800.7117437722"
"2767582729","Meia Praia","UNIT","apartamento","6500000","263",,"4","4","100","3000","24714.8288973384"
"2740126322","Meia Praia","UNIT","apartamento","4900000","300",,"6","2","3500","1400","16333.3333333333"
"2765062650","Meia Praia","UNIT","apartamento","3679000","218",,"1","3","100","0","16876.1467889908"
"2752799517","Castelo Branco","UNIT","apartamento","6200000","262",,"5","3","0","0","23664.1221374046"
"2767581796","Meia Praia","UNIT","apartamento","3671338","320",,"5","3","100",,"11472.93125"
"2759272730","Centro","UNIT","apartamento","1700000","103",,"2","2","16080","712","16504.854368932"
"2751940127","Meia Praia","UNIT","apartamento","1650000","10",,"4","2","2300","520","165000"
"2742883938","Meia Praia","UNIT","apartamento","4600000","300",,"6","2",,"0","15333.3333333333"
"2762426015","Morretes","UNIT","terreno","1300000","0",,"1","0",,,
"2760843969","Meia Praia","UNIT","comercial","958500","48",,"0","1",,,"19968.75"
"2751941221","Castelo Branco","UNIT","apartamento","1990000","10",,"3","1","1427","698","199000"
"2757882718","Centro","UNIT","apartamento","1500000","180",,"3","1","1200","500","8333.33333333333"
"2765323932","Meia Praia","UNIT","apartamento","4747783","287",,"4","3",,,"16542.7979094077"
"2712026197","Meia Praia","UNIT","apartamento","2350000","382",,"5","2","2100","1500","6151.83246073298"
"2767583783","Meia Praia","UNIT","apartamento","6019000","294",,"3","3","100",,"20472.7891156463"
"2768612454","Morretes","UNIT","casa","850000","57",,"1","2",,,"14912.2807017544"
"2752427800","Meia Praia","UNIT","apartamento","7210000","166",,"5","3",,"2105","43433.734939759"
"2762426215","Casa Branca","UNIT","terreno","2800000","0",,"1","0",,,
"2753041508","Meia Praia","UNIT","apartamento","2300000","10",,"3","2","1139","800","230000"
"2682127094","Andorinha","UNIT","apartamento","4250000","210",,"5","3","2100","990","20238.0952380952"
"2752079916","Meia Praia","UNIT","apartamento","4355000","222",,"4","3",,"1471","19617.1171171171"
"2756559138","Castelo Branco","UNIT","apartamento","1390000","10",,"3","2","1541","880","139000"
"2753631194","Meia Praia","UNIT","apartamento","5200000","10",,"5","4","5000","900","520000"
"2737053822","Centro","UNIT","apartamento","1450000","10",,"2","2",,,"145000"
"2558704118","<vazio>","UNIT","apartamento","2600000","414",,"5","0",,,"6280.19323671498"
"2762425914","Casa Branca","UNIT","terreno","2950000","0",,"1","0",,,
"2752978005","Meia Praia","UNIT","apartamento","5831000","262",,"4","3",,,"22255.7251908397"
"2762426116","Morretes","UNIT","terreno","5200000","0",,"1","0",,,
"2756560246","Meia Praia","UNIT","apartamento","1850000","10",,"4","2",,"0","185000"
"2760455020","Morretes","UNIT","comercial","1750000","74",,"0","1",,,"23648.6486486487"
"2740489161","Alto S?o Bento","UNIT","terreno","2290000","900",,"0","0","0","0","2544.44444444444"
"2765060476","Castelo Branco","UNIT","apartamento","4700000","274",,"1","2","100","0","17153.2846715328"
"2760819321","Centro","UNIT","comercial","2397080","85",,"0","0",,,"28200.9411764706"
"2766833624","Meia Praia","UNIT","apartamento","3200000","129",,"2","1","1","1","24806.2015503876"
"2756564013","Meia Praia","UNIT","apartamento","1890000","10",,"4","2",,"0","189000"
"2752775729","Meia Praia","UNIT","apartamento","1700000","10",,"2","1",,"0","170000"
"2762425817","Varzea","UNIT","terreno","3300000","0",,"1","0",,,
"2753631294","Meia Praia","UNIT","apartamento","2490000","10",,"4","2","2200","550","249000"
"2752780200","Meia Praia","UNIT","apartamento","1400000","10",,"2","1",,"0","140000"
"2751941901","Meia Praia","UNIT","apartamento","1800000","10",,"4","2","27600","520","180000"
"2752780198","Centro","UNIT","apartamento","1600000","10",,"2","1","900","370","160000"
"2752780100","Meia Praia","UNIT","apartamento","1650000","10",,"2","1","1300","624","165000"
"2675687796","Meia Praia","UNIT","apartamento","4880000","268",,"5","2","2000","850","18208.9552238806"
"2751942002","Andorinha","UNIT","apartamento","1750000","10",,"4","2","2160","500","175000"
"2751940126","Meia Praia","UNIT","apartamento","1300000","10",,"3","2","13512","545","130000"
"2751942200","Meia Praia","UNIT","apartamento","1680000","10",,"4","0","2100","750","168000"
"2712192100","Meia Praia","UNIT","apartamento","3629000","260",,"5","3","4000","1300","13957.6923076923"
"2767582353","Centro","UNIT","comercial","2145000","54",,"1","1","100",,"39722.2222222222"
"2751942001","Meia Praia","UNIT","apartamento","3200000","10",,"4","3","2000","600","320000"
"2752779905","Meia Praia","UNIT","apartamento","5998000","10",,"5","2","54000","2000","599800"
"2749832650","Meia Praia","UNIT","apartamento","2150000","10",,"4","2",,"0","215000"
"2752779904","Meia Praia","UNIT","apartamento","2850000","10",,"4","3","2700","700","285000"
"2662017163","Meia Praia","UNIT","apartamento","6700000","290",,"5","3","2000","1500","23103.4482758621"
"2756563133","Meia Praia","UNIT","apartamento","1550000","10",,"4","2","21543","750","155000"
"2760897423","Centro","UNIT","comercial","2145000","53",,"1","1",,,"40471.6981132075"
"2751939903","Meia Praia","UNIT","apartamento","1780000","10",,"4","2","1900","450","178000"
"2756560244","Meia Praia","UNIT","apartamento","1980000","10",,"5","3","1500","750","198000"
"2751941503","Meia Praia","UNIT","apartamento","1650000","10",,"3","2","1540","517","165000"
"2763102547","Andorinha","UNIT","apartamento","6498800","352",,"6","4","0","0","18462.5"
"2753631102","Meia Praia","UNIT","apartamento","2200000","10",,"4","3",,"792","220000"
"2724045141","Centro","UNIT","apartamento","4000000","10",,"4","2",,"1200","400000"
"2752780197","Meia Praia","UNIT","apartamento","2500000","10",,"2","1",,"0","250000"
"2752780102","Meia Praia","UNIT","apartamento","2100000","10",,"4","2",,"800","210000"
"2751941900","Meia Praia","UNIT","apartamento","2450000","10",,"5","3",,"0","245000"
"2756559141","Centro","UNIT","apartamento","2990000","10",,"4","3",,"0","299000"
"2756563134","Meia Praia","UNIT","apartamento","6690000","10",,"5","3",,"900","669000"
"2756560248","Centro","UNIT","apartamento","3000000","10",,"4","2","24000","700","300000"
"2756560942","Meia Praia","UNIT","apartamento","2600000","10",,"4","2",,"900","260000"
"2748544670","Centro","UNIT","apartamento","7998800","505",,"5","5","0","0","15839.2079207921"
"2754571400","Meia Praia","UNIT","apartamento","3045000","10",,"5","3",,"700","304500"
"2751105137","Meia Praia","UNIT","apartamento","2200000","10",,"4","2",,"900","220000"
"2756563920","Meia Praia","UNIT","apartamento","5150000","10",,"5","3",,"900","515000"
"2756560941","Meia Praia","UNIT","apartamento","3300000","10",,"4","4",,"1300","330000"
"2753631195","Meia Praia","UNIT","apartamento","5250000","10",,"5","3",,"700","525000"
"2753768537","Centro","UNIT","apartamento","7998800","410",,"5","5",,,"19509.2682926829"
"2752780395","Meia Praia","UNIT","apartamento","2790000","10",,"4","2",,"770","279000"
"2756559139","Meia Praia","UNIT","apartamento","4290000","10",,"5","4",,"1300","429000"
"2751941222","Meia Praia","UNIT","apartamento","2500000","10",,"5","3",,"1050","250000"
"2753631193","Meia Praia","UNIT","apartamento","3000000","10",,"5","4",,"0","300000"
"2752141700","Meia Praia","UNIT","apartamento","2500000","10",,"5","3",,"690","250000"
"2753631293","Meia Praia","UNIT","apartamento","2990000","10",,"5","2",,"990","299000"
"2752780199","Meia Praia","UNIT","apartamento","2990000","10",,"5","3",,"1000","299000"
"2644395065","Meia Praia","UNIT","apartamento","3690000","190",,"4","0",,,"19421.0526315789"
"2758648513","Meia Praia","UNIT","apartamento","2750000","180",,"3","2","5000","1500","15277.7777777778"
"2761634399","Morretes","UNIT","apartamento","750000","80",,"2","1",,,"9375"
"2669457900","Centro","UNIT","apartamento","2598800","208",,"5","3","0",,"12494.2307692308"
"2761880019","Meia Praia","UNIT","apartamento","2638125","160",,"4","3",,,"16488.28125"
"2760453324","Meia Praia","UNIT","apartamento","1684000","106",,"4","2","1306","585","15886.7924528302"
"2609062473","Centro","UNIT","apartamento","2680000","178",,"4","3","3000","0","15056.1797752809"
"2649237079","Centro","UNIT","apartamento","2998800","180",,"5","3",,,"16660"
"2759151106","Meia Praia","UNIT","apartamento","2990000","193",,"4","3",,,"15492.2279792746"
"2720508837","Meia Praia","UNIT","apartamento","2150000","127",,"4","3",,,"16929.1338582677"
"2766853620","Meia Praia","UNIT","apartamento","1940800","150",,"4","2","0","0","12938.6666666667"
"2728902151","Meia Praia","UNIT","apartamento","3500000","178",,"4","3",,,"19662.9213483146"
"2728280482","Centro","UNIT","apartamento","6204000","198",,"5","6",,,"31333.3333333333"
"2750328221","Andorinha","UNIT","apartamento","4500000","224",,"5","3","0","0","20089.2857142857"
"2659104960","Centro","UNIT","apartamento","1832787","127",,"4","2",,,"14431.3937007874"
"2558704312","<vazio>","UNIT","apartamento","1400000","230",,"5","3",,,"6086.95652173913"
"2727627433","Meia Praia","UNIT","apartamento","7800000","181",,"4","3",,,"43093.9226519337"
"2756063362","Morretes","UNIT","apartamento","714000","68",,"3","1","0","0","10500"
"2747203795","Andorinha","UNIT","apartamento","2100000","126",,"4","3","0","0","16666.6666666667"
"2747200741","Meia Praia","UNIT","apartamento","3950000","185",,"4","3","0","0","21351.3513513513"
"2747203709","Meia Praia","UNIT","apartamento","5950000","190",,"5","3","0","0","31315.7894736842"
"2721918863","Meia Praia","UNIT","apartamento","3500000","142",,"4","3","1000","650","24647.8873239437"
"2685443982","Meia Praia","UNIT","apartamento","850000","116",,"2","1","437","387","7327.58620689655"
"2754745089","Meia Praia","UNIT","apartamento","1720000","110",,"3","2",,"0","15636.3636363636"
"2730784247","Meia Praia","UNIT","apartamento","1950000","129",,"1","2",,,"15116.2790697674"
"2766851626","Meia Praia","UNIT","apartamento","6869259","198",,"5","3","0","0","34693.2272727273"
"2611298015","Casa Branca","UNIT","apartamento","630000","69",,"2","1","80","350","9130.4347826087"
"2671673050","Meia Praia","UNIT","apartamento","3800000","120",,"4","2","2273","550","31666.6666666667"
"2560637481","Morretes","UNIT","casa","760000","109",,"3","2","1000","0","6972.47706422018"
"2715503021","Meia Praia","UNIT","apartamento","1810000","135",,"3","2","0","635","13407.4074074074"
"2764631342","Morretes","UNIT","apartamento","950000","68",,"2","2","0","0","13970.5882352941"
"2599246164","Morretes","UNIT","apartamento","722800","65",,"3","1",,,"11120"
"2560056547","Meia Praia","UNIT","apartamento","2420000","193",,"5","3",,,"12538.8601036269"
"2760156727","Meia Praia","UNIT","apartamento","860000","70",,"2","1","1250","650","12285.7142857143"
"2757947755","Centro","UNIT","apartamento","1500000","180",,"3","1","1200","500","8333.33333333333"
"2744012978","Meia Praia","UNIT","apartamento","1200000","126",,"3","2","1400","450","9523.80952380952"
"2761579616","Meia Praia","UNIT","apartamento","2790000","142",,"4","3",,,"19647.8873239437"
"2670855914","Centro","UNIT","apartamento","4195000","176",,"4","3","0","0","23835.2272727273"
"2726301799","Canto da Praia","UNIT","apartamento","3388424","141",,"1","2","11","0","24031.3758865248"
"2637025756","Meia Praia","UNIT","apartamento","1700000","259",,"4","2",,"650","6563.70656370656"
"2609060792","Meia Praia","UNIT","apartamento","8733544","417",,"6","4","11000","3500","20943.7505995204"
"2764631053","Meia Praia","UNIT","apartamento","1960000","122",,"4","2","0","0","16065.5737704918"
"2626748179","Centro","UNIT","apartamento","1990000","127",,"4","2","0","0","15669.2913385827"
"2638552844","Meia Praia","UNIT","apartamento","1650000","103",,"3","2",,"480","16019.4174757282"
"2752765230","Andorinha","UNIT","apartamento","2880000","160",,"4","2",,,"18000"
"2754122711","Castelo Branco","UNIT","apartamento","1948800","17",,"4","2",,,"114635.294117647"
"2766525514","Meia Praia","UNIT","apartamento","1300000","87",,"2","2",,,"14942.5287356322"
"2722248042","Meia Praia","UNIT","apartamento","1200000","110",,"1","1",,,"10909.0909090909"
"2689407392","Jardim Praia Mar","UNIT","apartamento","839000","64",,"2","1",,,"13109.375"
"2747203700","Meia Praia","UNIT","apartamento","3980000","216",,"3","2","0","0","18425.9259259259"
"2743409622","Meia Praia","UNIT","apartamento","3700000","210",,"5","3","3200","500","17619.0476190476"
"2703746122","Morretes","UNIT","apartamento","660000","70",,"2","2",,,"9428.57142857143"
"2560059616","Meia Praia","UNIT","apartamento","5500000","262",,"5","3",,,"20992.3664122137"
"2560059992","Morretes","UNIT","apartamento","770000","70",,"2","1",,,"11000"
"2731693035","Meia Praia","UNIT","apartamento","1655000","124",,"4","2","0","0","13346.7741935484"
"2737367613","Meia Praia","UNIT","apartamento","1850000","142",,"3","2",,,"13028.1690140845"
"2728693968","Meia Praia","UNIT","apartamento","5500000","190",,"4","3",,,"28947.3684210526"
"2627428569","Meia Praia","UNIT","apartamento","1860000","130",,"4","2","1400","650","14307.6923076923"
"2703336884","Morretes","UNIT","casa","819000","130",,"3","2","500","0","6300"
"2723209710","Meia Praia","UNIT","apartamento","1635000","127",,"3","2",,,"12874.0157480315"
"2736716635","Centro","UNIT","apartamento","1899000","160",,"4","2","150","500","11868.75"
"2753756915","Meia Praia","UNIT","apartamento","7000000","380",,"5","5",,,"18421.0526315789"
"2545420774","Meia Praia","UNIT","apartamento","5760000","197",,"5","3","0","0","29238.578680203"
"2593386611","Centro","UNIT","apartamento","1862000","130",,"4","3",,,"14323.0769230769"
"2764632156","Meia Praia","UNIT","apartamento","1300000","110",,"2","2","2000","550","11818.1818181818"
"2569298361","Centro","UNIT","apartamento","7800000","200",,"6","3",,,"39000"
"2758863207","Meia Praia","UNIT","apartamento","1590000","129",,"4","2","2300","590","12325.5813953488"
"2759671859","Meia Praia","UNIT","apartamento","900000","61",,"2","1","1200","600","14754.0983606557"
"2754844946","Meia Praia","UNIT","apartamento","3500000","188",,"5","3","0","0","18617.0212765957"
"2621046878","Meia Praia","UNIT","apartamento","3500000","198",,"5","3","0",,"17676.7676767677"
"2723208919","Meia Praia","UNIT","apartamento","1900000","143",,"3","2",,,"13286.7132867133"
"2760743955","Andorinha","UNIT","apartamento","3489890","200",,"5","3","1","900","17449.45"
"2547187940","Meia Praia","UNIT","apartamento","1840000","145",,"5","3","0",,"12689.6551724138"
"2761577050","Meia Praia","UNIT","apartamento","2500000","162",,"5","3",,,"15432.0987654321"
"2743552353","Morretes","UNIT","apartamento","961916","70",,"2","2","1","1","13741.6571428571"
"2747905140","Meia Praia","UNIT","apartamento","9961420","250",,"4","3","0","0","39845.68"
"2739558619","Centro","UNIT","apartamento","4900000","197",,"1","3","6000","1000","24873.0964467005"
"2735193923","Morretes","UNIT","casa","24990000","331",,"6","3",,,"75498.4894259819"
"2661363564","Meia Praia","UNIT","apartamento","1999000","127",,"3","2",,,"15740.157480315"
"2619530802","Centro","UNIT","apartamento","8500000","200",,"4","3",,,"42500"
"2613519001","Morretes","UNIT","apartamento","650000","67",,"2","1",,,"9701.49253731343"
"2714950655","Meia Praia","UNIT","apartamento","3500000","155",,"4","3",,,"22580.6451612903"
"2711620137","Centro","UNIT","apartamento","1690000","99",,"4","2","1","1","17070.7070707071"
"2697681180","Centro","UNIT","apartamento","1800000","112",,"1","2",,"0","16071.4285714286"
"2736543347","Meia Praia","UNIT","apartamento","4771978","213",,"1","3",,,"22403.6525821596"
"2766851627","Castelo Branco","UNIT","apartamento","1799800","123",,"4","2","0","0","14632.5203252033"
"2744009671","Meia Praia","UNIT","apartamento","1680000","115",,"4","2","0","700","14608.6956521739"
"2747884936","Meia Praia","UNIT","apartamento","4350000","150",,"5","3","0","1200","29000"
"2740243020","Centro","UNIT","apartamento","2500000","127",,"4","2",,"0","19685.0393700787"
"2513960576","Meia Praia","UNIT","apartamento","2500000","120",,"2","2","0",,"20833.3333333333"
"2766855314","Castelo Branco","UNIT","apartamento","1598000","135",,"4","2","0","0","11837.037037037"
"2747203307","Meia Praia","UNIT","apartamento","1229000","96",,"4","2","0","0","12802.0833333333"
"2743411682","Meia Praia","UNIT","apartamento","3200000","152",,"2","3",,"0","21052.6315789474"
"2684069735","Andorinha","UNIT","apartamento","1000000","93",,"2","2","0","0","10752.688172043"
"2754640801","Centro","UNIT","apartamento","3598000","208",,"5","3","0","0","17298.0769230769"
"2714719138","Morretes","UNIT","apartamento","726013","70",,"2","1","0","0","10371.6142857143"
"2752619294","Morretes","UNIT","apartamento","680000","60",,"3","1","700","250","11333.3333333333"
"2560637666","Morretes","UNIT","apartamento","829000","65",,"2","1","1000","500","12753.8461538462"
"2670313712","Andorinha","UNIT","apartamento","1890000","127",,"4","2","150","500","14881.8897637795"
"2682577040","Casa Branca","UNIT","apartamento","650000","70",,"2","1","100","100","9285.71428571429"
"2698812846","Meia Praia","UNIT","apartamento","4500000","148",,"1","2",,"0","30405.4054054054"
"2541691303","Centro","UNIT","apartamento","2150000","86",,"4","2","0","0","25000"
"2754166329","Meia Praia","UNIT","apartamento","2870000","193",,"5","4","1200","600","14870.4663212435"
"2626576926","Meia Praia","UNIT","apartamento","6500000","290",,"5","4","2200","380","22413.7931034483"
"2720900142","Morretes","UNIT","casa","750000","85",,"3","2","500","0","8823.52941176471"
"2760094102","Meia Praia","UNIT","apartamento","860000","70",,"2","1","1250","650","12285.7142857143"
"2669091218","Meia Praia","UNIT","apartamento","3200000","190",,"5","3","3600","800","16842.1052631579"
"2763098854","Centro","UNIT","apartamento","2498800","180",,"5","3","0","0","13882.2222222222"
"2764633044","Meia Praia","UNIT","apartamento","1800000","142",,"4","2","0","0","12676.0563380282"
"2764631586","Meia Praia","UNIT","apartamento","9710000","180",,"5","3","0","0","53944.4444444444"
"2764631044","Meia Praia","UNIT","apartamento","1300000","80",,"3","1","1225","689","16250"
"2763090818","Meia Praia","UNIT","apartamento","2450000","94",,"3","2",,,"26063.829787234"
"2752069938","Meia Praia","UNIT","apartamento","2600000","156",,"5","3",,"1400","16666.6666666667"
"2653089758","Meia Praia","UNIT","apartamento","1950000","130",,"3","2","0","450","15000"
"2761011021","Centro","UNIT","apartamento","2998000","132",,"3","2","0","0","22712.1212121212"
"2722171040","Meia Praia","UNIT","apartamento","840000","40",,"1","1","1800","700","21000"
"2702029296","Andorinha","UNIT","apartamento","1489360","132",,"4","2","1500","650","11283.0303030303"
"2743920890","Andorinha","UNIT","apartamento","1277000","163",,"4","1","1300","534","7834.35582822086"
"2765123117","<vazio>","UNIT","apartamento","2200000","129",,"4","2",,,"17054.2635658915"
"2738892664","Centro","UNIT","apartamento","1300000","117",,"2","2",,"470","11111.1111111111"
"2646968176","Meia Praia","UNIT","apartamento","2000000","180",,"2","1",,,"11111.1111111111"
"2616733093","Centro","UNIT","apartamento","1790000","128",,"3","3",,,"13984.375"
"2747202726","Andorinha","UNIT","apartamento","1900000","112",,"3","2","0","0","16964.2857142857"
"2562594783","Meia Praia","UNIT","apartamento","3500000","206",,"4","3",,,"16990.2912621359"
"2606897518","Morretes","UNIT","apartamento","790000","70",,"2","2",,,"11285.7142857143"
"2610196087","Castelo Branco","UNIT","apartamento","1798000","135",,"4","2","1200","450","13318.5185185185"
"2511795395","Meia Praia","UNIT","apartamento","2600000","166",,"5","3","0",,"15662.6506024096"
"2511793569","Meia Praia","UNIT","apartamento","1915000","132",,"4","2","0",,"14507.5757575758"
"2761578130","Morretes","UNIT","apartamento","825000","60",,"2","1",,,"13750"
"2611242501","Estreito","UNIT","apartamento","5320000","165",,"5","3","0","1360","32242.4242424242"
"2766852837","Meia Praia","UNIT","apartamento","1469800","120",,"4","2","0","0","12248.3333333333"
"2683197881","Centro","UNIT","apartamento","2699000","163",,"4","3",,"4","16558.282208589"
"2747509301","Castelo Branco","UNIT","apartamento","2134590","185",,"5","3","0","0","11538.3243243243"
"2692764663","Meia Praia","UNIT","apartamento","1690000","81",,"3","2","0","0","20864.1975308642"
"2764895018","Meia Praia","UNIT","apartamento","4900000","180",,"4","3","0","0","27222.2222222222"
"2687723583","Meia Praia","UNIT","apartamento","3249000","188",,"5","3",,,"17281.914893617"
"2687155460","Meia Praia","UNIT","apartamento","1873354","116",,"4","2",,,"16149.6034482759"
"2686121011","Morretes","UNIT","apartamento","895820","62",,"2","1",,,"14448.7096774194"
"2646971165","Castelo Branco","UNIT","apartamento","920000","105",,"1","1",,"450","8761.90476190476"
"2739591436","Meia Praia","UNIT","apartamento","1231200","90",,"3","2",,,"13680"
"2743410770","Meia Praia","UNIT","apartamento","3900000","196",,"5","3",,"0","19897.9591836735"
"2766852332","Meia Praia","UNIT","apartamento","1799000","187",,"2","2","0","0","9620.32085561497"
"2547500208","Meia Praia","UNIT","apartamento","1800000","145",,"4","3",,,"12413.7931034483"
"2749355256","Meia Praia","UNIT","apartamento","799000","130",,"1","1","668","436","6146.15384615385"
"2755754219","Meia Praia","UNIT","apartamento","1200000","80",,"1","2","0",,"15000"
"2535139773","Morretes","UNIT","apartamento","6672000","186",,"5","3","0",,"35870.9677419355"
"2599783404","Centro","UNIT","apartamento","1862000","110",,"4","2",,"0","16927.2727272727"
"2734021073","Meia Praia","UNIT","apartamento","3178043","155",,"4","0",,,"20503.5032258065"
"2653896966","Centro","UNIT","apartamento","1630000","149",,"4","2","2300","650","10939.5973154362"
"2716785834","Andorinha","UNIT","apartamento","2400000","140",,"4","2",,,"17142.8571428571"
"2740344034","Morretes","UNIT","apartamento","696424","60",,"3","1","0","0","11607.0666666667"
"2764631767","Meia Praia","UNIT","apartamento","8085000","359",,"6","4","0","0","22520.8913649025"
"2580467327","Castelo Branco","UNIT","apartamento","1200000","98",,"1","2","2000","650","12244.8979591837"
"2766853125","Meia Praia","UNIT","apartamento","1689800","127",,"4","2","0","0","13305.5118110236"
"2665395523","Castelo Branco","UNIT","apartamento","1390000","190",,"2","2",,,"7315.78947368421"
"2710904328","Morretes","UNIT","apartamento","750000","62",,"2","2","1200","250","12096.7741935484"
"2752619194","Meia Praia","UNIT","apartamento","1080000","69",,"2","2",,,"15652.1739130435"
"2560637205","Morretes","UNIT","apartamento","550002","70",,"1","1","500","300","7857.17142857143"
"2569844493","Morretes","UNIT","apartamento","770041","69",,"2","1",,,"11160.0144927536"
"2731779225","Morretes","UNIT","apartamento","895000","69",,"3","2",,,"12971.0144927536"
"2560056876","Centro","UNIT","apartamento","2160593","227",,"4","2",,,"9518.03083700441"
"2670820597","Meia Praia","UNIT","apartamento","2228800","144",,"1","3","0","0","15477.7777777778"
"2682578658","Morretes","UNIT","apartamento","620000","74",,"2","1","500","300","8378.37837837838"
"2755592415","Meia Praia","UNIT","apartamento","1650000","130",,"2","1","150","554","12692.3076923077"
"2717778604","Castelo Branco","UNIT","apartamento","1899000","164",,"4","3","150","799","11579.2682926829"
"2646970286","Meia Praia","UNIT","apartamento","3000000","195",,"1","3",,,"15384.6153846154"
"2509190222","Centro","UNIT","apartamento","12500000","411",,"6","4","0","0","30413.6253041363"
"2754662109","Castelo Branco","UNIT","apartamento","2297570","130",,"4","2","1","540","17673.6153846154"
"2764632344","Meia Praia","UNIT","apartamento","2171400","127",,"4","2","0","0","17097.6377952756"
"2649205258","Castelo Branco","UNIT","apartamento","2665118","202",,"4","3",,"3","13193.6534653465"
"2715657104","Centro","UNIT","apartamento","7800000","200",,"5","3","9479","2362","39000"
"2729257671","Meia Praia","UNIT","apartamento","2950000","193",,"5","3",,,"15284.9740932642"
"2752414797","Meia Praia","UNIT","apartamento","6158564","240",,"4","3",,,"25660.6833333333"
"2754156530","Meia Praia","UNIT","apartamento","4498800","280",,"4","5",,,"16067.1428571429"
"2722258857","Meia Praia","UNIT","apartamento","1999000","130",,"1","2",,,"15376.9230769231"
"2482909215","Meia Praia","UNIT","apartamento","2050000","114",,"4","2","0","0","17982.4561403509"
"2766854613","Morretes","UNIT","apartamento","683800","69",,"3","1","0","0","9910.14492753623"
"2763412613","Morretes","UNIT","apartamento","750000","69",,"2","2",,,"10869.5652173913"
"2745381109","Meia Praia","UNIT","apartamento","1400000","154",,"4","3","0","0","9090.90909090909"
"2744006715","Meia Praia","UNIT","apartamento","1650000","110",,"4","2","0","580","15000"
"2747203008","Morretes","UNIT","apartamento","650000","70",,"3","1","0","0","9285.71428571429"
"2747200735","Meia Praia","UNIT","apartamento","8993000","180",,"5","4","0","0","49961.1111111111"
"2699373578","Andorinha","UNIT","apartamento","1150000","83",,"3","2",,"0","13855.421686747"
"2741271060","Morretes","UNIT","apartamento","730000","61",,"2","1","2000","300","11967.2131147541"
"2766851232","Centro","UNIT","apartamento","1579800","130",,"5","3","0","0","12152.3076923077"
"2766852444","Meia Praia","UNIT","apartamento","2532800","200",,"5","3","0","650","12664"
"2749547693","Centro","UNIT","apartamento","6950000","200",,"1","3","9479","0","34750"
"2754168788","Meia Praia","UNIT","apartamento","1761194","140",,"4","2","0","0","12579.9571428571"
"2511793757","Meia Praia","UNIT","apartamento","7500000","260",,"4","4","0",,"28846.1538461538"
"2539436310","Meia Praia","UNIT","apartamento","1729000","131",,"4","2","0","0","13198.4732824427"
"2723211833","Meia Praia","UNIT","apartamento","2200000","127",,"3","2",,,"17322.8346456693"
"2561350503","Morretes","UNIT","apartamento","860000","69",,"3","1",,,"12463.768115942"
"2715492960","Centro","UNIT","casa","1490000","90",,"3","4","1500",,"16555.5555555556"
"2692635659","Meia Praia","UNIT","apartamento","3200000","222",,"5","4",,,"14414.4144144144"
"2765370813","Meia Praia","UNIT","apartamento","1650000","130",,"2","1","0","0","12692.3076923077"
"2767552717","Centro","UNIT","apartamento","13700000","200",,"5","3","1","1","68500"
"2511129777","Meia Praia","UNIT","apartamento","2150000","129",,"4","3",,,"16666.6666666667"
"2722171041","Meia Praia","UNIT","apartamento","880000","42",,"1","1","1600","750","20952.380952381"
"2705078337","Centro","UNIT","apartamento","3690000","156",,"1","3","0","0","23653.8461538462"
"2632591854","Centro","UNIT","apartamento","4500000","221",,"5","3","0",,"20361.9909502262"
"2593072796","Meia Praia","UNIT","apartamento","3790000","213",,"4","3",,,"17793.4272300469"
"2748934899","Centro","UNIT","apartamento","1740000","113",,"3","2","1800","600","15398.2300884956"
"2744007185","Meia Praia","UNIT","apartamento","2171400","137",,"4","2","0","750","15849.6350364964"
"2740006708","Meia Praia","UNIT","apartamento","7100000","181",,"5","3","4000","1200","39226.5193370166"
"2764630843","Meia Praia","UNIT","apartamento","9000000","725",,"5","3","0","0","12413.7931034483"
"2754745454","Morretes","UNIT","apartamento","2352735","143",,"4","4",,"0","16452.6923076923"
"2664156809","Meia Praia","UNIT","apartamento","6830000","157",,"5","2","4096","2099","43503.1847133758"
"2613057195","Morretes","UNIT","apartamento","1350000","115",,"2","2","200","100","11739.1304347826"
"2748737155","Morretes","UNIT","apartamento","795000","70",,"2","0",,"400","11357.1428571429"
"2634115178","Jardim Praia Mar","UNIT","apartamento","640923","67",,"1","1","0",,"9566.01492537313"
"2739618876","Morretes","UNIT","apartamento","790000","56",,"2","1","0","0","14107.1428571429"
"2763648648","Meia Praia","UNIT","apartamento","2800000","150",,"4","3","30000","670","18666.6666666667"
"2669810151","Centro","UNIT","apartamento","2100000","133",,"4","3","1","1","15789.4736842105"
"2511795473","Castelo Branco","UNIT","apartamento","3943000","148",,"5","3","0",,"26641.8918918919"
"2560637420","Morretes","UNIT","apartamento","806000","70",,"2","1","500","300","11514.2857142857"
"2725378748","Morretes","UNIT","apartamento","898000","70",,"3","1",,,"12828.5714285714"
"2752988108","Meia Praia","UNIT","apartamento","5100000","215",,"5","3",,,"23720.9302325581"
"2763743425","Morretes","UNIT","apartamento","904000","62",,"3","1",,,"14580.6451612903"
"2749229845","Morretes","UNIT","apartamento","933412","67",,"2","1",,,"13931.5223880597"
"2650069875","Morretes","UNIT","apartamento","700000","60",,"2","1",,"3","11666.6666666667"
"2626577328","Meia Praia","UNIT","apartamento","2130000","400",,"2","1","516","468","5325"
"2626576935","Centro","UNIT","apartamento","3800000","131",,"4","2","0","0","29007.6335877863"
"2764631202","Centro","UNIT","apartamento","980000","42",,"1","1","0","0","23333.3333333333"
"2633099798","Meia Praia","UNIT","apartamento","4500000","225",,"5","2","0",,"20000"
"2761879817","Meia Praia","UNIT","apartamento","2600000","130",,"3","3",,,"20000"
"2761577634","Meia Praia","UNIT","apartamento","2750000","163",,"4","3",,,"16871.1656441718"
"2634329661","Meia Praia","UNIT","apartamento","3500000","280",,"1","3","0","0","12500"
"2720890688","Morretes","UNIT","casa","735000","85",,"3","0","500","0","8647.05882352941"
"2753262617","Morretes","UNIT","apartamento","828000","86",,"3","0","0","0","9627.90697674419"
"2628887673","Meia Praia","UNIT","apartamento","1250000","85",,"2","2","1460","600","14705.8823529412"
"2613244221","Meia Praia","UNIT","apartamento","3490000","190",,"4","4",,,"18368.4210526316"
"2510105479","Centro","UNIT","apartamento","2175000","125",,"4","2","0","0","17400"
"2646969626","Morretes","UNIT","apartamento","880000","120",,"2","1",,,"7333.33333333333"
"2635323156","Meia Praia","UNIT","apartamento","4054000","178",,"5","3","2800","0","22775.2808988764"
"2750481693","Morretes","UNIT","apartamento","768000","70",,"2","1",,,"10971.4285714286"
"2721015571","Centro","UNIT","apartamento","3590000","203",,"5","3","0","0","17684.7290640394"
"2705882944","Morretes","UNIT","casa","748000","100",,"3","2","500","0","7480"
"2534691466","Andorinha","UNIT","apartamento","2407390","169",,"4","4",,,"14244.9112426035"
"2722068487","Castelo Branco","UNIT","apartamento","1843091","150",,"4","2",,,"12287.2733333333"
"2752434202","Morretes","UNIT","apartamento","7992000","190",,"5","3",,,"42063.1578947368"
"2742884448","Meia Praia","UNIT","apartamento","4380000","315",,"5","3",,"0","13904.7619047619"
"2767583827","Ilhota","UNIT","casa","18370000","811",,"4","6","800","905","22651.0480887793"
"2594646767","Meia Praia","UNIT","apartamento","1900000","139",,"4","2",,,"13669.0647482014"
"2747920423","Morretes","UNIT","apartamento","682000","60",,"1","1","0",,"11366.6666666667"
"2766720214","Meia Praia","UNIT","apartamento","1375000","78",,"2","2",,,"17628.2051282051"
"2718882375","Meia Praia","UNIT","apartamento","2099000","145",,"4","3","1400","530","14475.8620689655"
"2721893459","Morretes","UNIT","casa","950000","105",,"3","2","500","0","9047.61904761905"
"2749655296","Andorinha","UNIT","apartamento","880000","77",,"2","1",,,"11428.5714285714"
"2744006718","Meia Praia","UNIT","apartamento","5200000","360",,"5","4","0","900","14444.4444444444"
"2709393592","Meia Praia","UNIT","apartamento","1800000","123",,"2","1","0",,"14634.1463414634"
"2748823198","Meia Praia","UNIT","apartamento","3943000","117",,"3","2","250","250","33700.8547008547"
"2747203313","Andorinha","UNIT","apartamento","1590000","114",,"4","2","0","0","13947.3684210526"
"2747203120","Meia Praia","UNIT","apartamento","3200000","222",,"5","4","0","0","14414.4144144144"
"2708775966","Meia Praia","UNIT","apartamento","1990000","158",,"4","2",,,"12594.9367088608"
"2747203119","Andorinha","UNIT","apartamento","2199000","160",,"4","3","0","0","13743.75"
"2677839125","Meia Praia","UNIT","apartamento","1475000","130",,"4","3","1950","850","11346.1538461538"
"2599020454","Meia Praia","UNIT","apartamento","2890000","161",,"4","2",,,"17950.3105590062"
"2582494713","Meia Praia","UNIT","apartamento","3800000","209",,"4","3",,,"18181.8181818182"
"2765546852","Andorinha","UNIT","apartamento","1970000","138",,"4","2","0","0","14275.3623188406"
"2766855222","Centro","UNIT","apartamento","8249800","295",,"5","3","0","0","27965.4237288136"
"2754747817","Meia Praia","UNIT","apartamento","1770000","114",,"4","2",,"0","15526.3157894737"
"2662673857","Meia Praia","UNIT","apartamento","2046450","130",,"4","2","1","1","15741.9230769231"
"2720507960","Meia Praia","UNIT","apartamento","4000000","190",,"5","3",,,"21052.6315789474"
"2733393020","Andorinha","UNIT","apartamento","1600000","127",,"4","2","0","0","12598.4251968504"
"2569301251","Meia Praia","UNIT","apartamento","2800000","150",,"5","3",,,"18666.6666666667"
"2747203142","Morretes","UNIT","apartamento","850000","55",,"2","1","0","0","15454.5454545455"
"2645358485","Centro","UNIT","apartamento","1853000","129",,"4","2",,,"14364.3410852713"
"2744016159","Centro","UNIT","apartamento","1100000","85",,"3","2",,,"12941.1764705882"
"2765546448","Meia Praia","UNIT","apartamento","1700000","108",,"4","2","0","0","15740.7407407407"
"2754746521","Castelo Branco","UNIT","apartamento","2398764","160",,"5","3",,"0","14992.275"
"2673068541","Morretes","UNIT","casa","650000","70",,"3","1","500","0","9285.71428571429"
"2734805416","Centro","UNIT","apartamento","1450000","139",,"2","2","700","1035","10431.654676259"
"2743026057","Meia Praia","UNIT","apartamento","7210000","166",,"5","3",,,"43433.734939759"
"2626580004","Centro","UNIT","apartamento","1890000","149",,"4","2","1150","900","12684.5637583893"
"2689360526","Morretes","UNIT","apartamento","829991","65",,"2","1",,,"12769.0923076923"
"2651821094","Andorinha","UNIT","apartamento","1050000","104",,"2","1",,,"10096.1538461538"
"2739618123","Meia Praia","UNIT","apartamento","1400000","216",,"3","2","3700","860","6481.48148148148"
"2740006697","Meia Praia","UNIT","apartamento","3300000","182",,"5","3",,"0","18131.8681318681"
"2761579420","Meia Praia","UNIT","apartamento","3390000","182",,"5","3",,,"18626.3736263736"
"2749228282","Meia Praia","UNIT","apartamento","1980000","145",,"5","3",,,"13655.1724137931"
"2612158113","Castelo Branco","UNIT","apartamento","1800000","145",,"5","3","0",,"12413.7931034483"
"2530313714","Meia Praia","UNIT","apartamento","3450000","195",,"4","3",,,"17692.3076923077"
"2660375257","Meia Praia","UNIT","apartamento","4355000","222",,"5","4","2500","850","19617.1171171171"
"2600541170","Meia Praia","UNIT","apartamento","2250000","128",,"3","3",,,"17578.125"
"2764631825","Centro","UNIT","apartamento","3045000","184",,"5","3","0","0","16548.9130434783"
"2747203147","Meia Praia","UNIT","apartamento","7810000","196",,"5","3","0","0","39846.9387755102"
"2747202811","Castelo Branco","UNIT","apartamento","1750000","122",,"3","2","0","0","14344.262295082"
"2764633915","Centro","UNIT","apartamento","1050000","110",,"2","1","1000","350","9545.45454545455"
"2609062379","Meia Praia","UNIT","apartamento","1600000","150",,"3","2","1200","450","10666.6666666667"
"2664169704","Meia Praia","UNIT","apartamento","1400000","109",,"4","2",,"0","12844.0366972477"
"2729769016","Centro","UNIT","apartamento","1650000","115",,"3","2",,"700","14347.8260869565"
"2560059375","Meia Praia","UNIT","apartamento","3269015","197",,"5","3",,,"16593.9847715736"
"2560637605","Morretes","UNIT","casa","760000","109",,"3","2","1000","0","6972.47706422018"
"2543286828","Centro","UNIT","apartamento","8774000","230",,"5","3",,"0","38147.8260869565"
"2646970880","Morretes","UNIT","apartamento","650000","70",,"1","1","460","265","9285.71428571429"
"2764671539","Centro","UNIT","apartamento","1490000","92",,"3","2","0","0","16195.652173913"
"2751889209","Meia Praia","UNIT","apartamento","1950000","144",,"4","2","1","1","13541.6666666667"
"2707075876","Morretes","UNIT","apartamento","3150000","213",,"5","3",,,"14788.7323943662"
"2769185065","Castelo Branco","UNIT","comercial","99470","95",,"0","0","340","1","1047.05263157895"
"2737157538","Meia Praia","UNIT","terreno","2650000","500",,"0","0","0","250","5300"
"2766852427","Centro","UNIT","apartamento","5497800","186",,"5","3","0","0","29558.064516129"
"2718565736","Meia Praia","UNIT","apartamento","890000","80",,"3","1",,,"11125"
"2686121009","Morretes","UNIT","apartamento","819000","69",,"3","2",,,"11869.5652173913"
"2599989830","Castelo Branco","UNIT","apartamento","2700000","240",,"4","3",,,"11250"
"2692543153","Meia Praia","UNIT","apartamento","7888000","166",,"4","3",,,"47518.0722891566"
"2663325368","Centro","UNIT","apartamento","2133000","129",,"4","2","1","1","16534.8837209302"
"2750452293","Meia Praia","UNIT","apartamento","2166000","190",,"4","3",,,"11400"
"2754739805","Meia Praia","UNIT","apartamento","890000","114",,"2","1","700","450","7807.01754385965"
"2686840242","Meia Praia","UNIT","apartamento","1400000","125",,"3","2","0","0","11200"
"2674728179","Morretes","UNIT","apartamento","648000","62",,"1","1","0","0","10451.6129032258"
"2604160804","Meia Praia","UNIT","apartamento","1359000","112",,"4","1","1500","700","12133.9285714286"
"2749683505","Jardim Praia Mar","UNIT","apartamento","780390","70",,"2","1","900","450","11148.4285714286"
"2600013564","Centro","UNIT","apartamento","3500000","186",,"5","3",,,"18817.2043010753"
"2748823002","Centro","UNIT","apartamento","8801000","229",,"5","3","250","250","38432.3144104804"
"2649965125","Centro","UNIT","casa","1580000","120",,"1","4",,,"13166.6666666667"
"2744954001","Morretes","UNIT","apartamento","880000","64",,"2","1","0","0","13750"
"2746882466","Meia Praia","UNIT","apartamento","1870301","151",,"4","2",,,"12386.0993377483"
"2744012982","Alto S?o Bento","UNIT","apartamento","724311","66",,"2","1",,,"10974.4090909091"
"2717290543","Centro","UNIT","apartamento","2395000","141",,"4","2",,,"16985.8156028369"
"2730412942","Centro","UNIT","apartamento","2100000","157",,"4","3","2000","680","13375.7961783439"
"2763412131","Meia Praia","UNIT","apartamento","2200000","150",,"4","2",,,"14666.6666666667"
"2594915073","Varzea","UNIT","apartamento","662000","70",,"2","1",,,"9457.14285714286"
"2586010185","Meia Praia","UNIT","apartamento","1150000","110",,"2","1",,,"10454.5454545455"
"2604271982","Centro","UNIT","apartamento","2290000","138",,"4","3",,,"16594.2028985507"
"2743562350","Morretes","UNIT","apartamento","1100000","70",,"2","2","1","1","15714.2857142857"
"2759276632","Casa Branca","UNIT","apartamento","824632","70",,"2","1",,"0","11780.4571428571"
"2693494818","Morretes","UNIT","apartamento","816129","64",,"1","1","10","0","12752.015625"
"2729166724","Meia Praia","UNIT","apartamento","2738000","140",,"4","2",,,"19557.1428571429"
"2753545415","Centro","UNIT","apartamento","8998800","505",,"5","5",,,"17819.4059405941"
"2626748184","Meia Praia","UNIT","apartamento","2690000","130",,"4","3","0","0","20692.3076923077"
"2764633959","Centro","UNIT","apartamento","2280000","150",,"4","3","0","0","15200"
"2740006703","Meia Praia","UNIT","apartamento","1200000","86",,"3","1",,"550","13953.488372093"
"2760453518","Centro","UNIT","apartamento","2998000","132",,"4","2",,"0","22712.1212121212"
"2625209362","Meia Praia","UNIT","apartamento","2000000","135",,"4","3","0","0","14814.8148148148"
"2738792851","Meia Praia","UNIT","apartamento","3200000","190",,"4","3","2500","1000","16842.1052631579"
"2609059307","Meia Praia","UNIT","apartamento","2500000","192",,"5","4","1200","600","13020.8333333333"
"2764632137","Meia Praia","UNIT","apartamento","780000","40",,"1","1","1100","740","19500"
"2764953001","Centro","UNIT","apartamento","2317950","138",,"5","3","0","0","16796.7391304348"
"2689593744","Morretes","UNIT","casa","649500","80",,"2","0",,,"8118.75"
"2759608018","Meia Praia","UNIT","apartamento","900000","61",,"2","1","1200","600","14754.0983606557"
"2560057147","Morretes","UNIT","apartamento","1099900","70",,"2","1",,,"15712.8571428571"
"2752029695","Centro","UNIT","apartamento","3150000","172",,"5","3",,,"18313.9534883721"
"2763033817","Meia Praia","UNIT","apartamento","3550000","188",,"2","3",,"1500","18882.9787234043"
"2764631334","Canto da Praia","UNIT","apartamento","1550000","100",,"2","2","1","1","15500"
"2669387178","Canto da Praia","UNIT","apartamento","1312000","88",,"3","2","1","1","14909.0909090909"
"2738796724","Meia Praia","UNIT","apartamento","3500000","188",,"4","3",,,"18617.0212765957"
"2560057015","Meia Praia","UNIT","apartamento","3200000","128",,"4","3",,,"25000"
"2518267581","Morretes","UNIT","casa","800000","85",,"3","1",,,"9411.76470588235"
"2699373681","Varzea","UNIT","casa","1020000","150",,"3","2","35","0","6800"
"2706252415","Morretes","UNIT","apartamento","650000","65",,"2","1","500","350","10000"
"2539970490","Meia Praia","UNIT","apartamento","2450000","290",,"5","3","0","0","8448.27586206897"
"2746689527","Andorinha","UNIT","apartamento","1170230","90",,"1","2",,"0","13002.5555555556"
"2755524601","Meia Praia","UNIT","apartamento","1200000","126",,"3","2","1400","450","9523.80952380952"
"2766855813","Jardim Praia Mar","UNIT","apartamento","710000","70",,"2","1","0","0","10142.8571428571"
"2753380144","Morretes","UNIT","apartamento","719000","68",,"3","1","0","0","10573.5294117647"
"2723254636","Meia Praia","UNIT","apartamento","8250000","185",,"5","3",,,"44594.5945945946"
"2594623375","Meia Praia","UNIT","apartamento","1980000","145",,"4","3",,,"13655.1724137931"
"2596941511","Centro","UNIT","apartamento","3460000","225",,"4","3",,,"15377.7777777778"
"2692570769","Morretes","UNIT","apartamento","620000","74",,"2","1",,"0","8378.37837837838"
"2679843893","Morretes","UNIT","casa","745000","110",,"3","1","0","0","6772.72727272727"
"2667981718","Morretes","UNIT","casa","890000","95",,"3","2","500",,"9368.42105263158"
"2737852621","Morretes","UNIT","apartamento","1380000","113",,"3","2","800","400","12212.389380531"
"2735197514","Castelo Branco","UNIT","apartamento","860000","126",,"2","1","680","400","6825.39682539683"
"2570450258","Meia Praia","UNIT","apartamento","1320000","103",,"4","2","0","0","12815.5339805825"
"2753961800","Meia Praia","UNIT","apartamento","1199480","125",,"4","2","1200","600","9595.84"
"2739917027","Meia Praia","UNIT","apartamento","890000","113",,"2","1","700","450","7876.10619469027"
"2747202724","Andorinha","UNIT","apartamento","2260239","127",,"4","2","0","0","17797.157480315"
"2721918480","Castelo Branco","UNIT","apartamento","17660000","973",,"7","6","1400","0","18150.0513874615"
"2569301248","Centro","UNIT","apartamento","2250000","185",,"5","3",,,"12162.1621621622"
"2734025313","Meia Praia","UNIT","apartamento","4266946","195",,"5","0",,,"21881.7743589744"
"2715659294","Meia Praia","UNIT","apartamento","4517000","183",,"5","3",,,"24683.0601092896"
"2683791717","Morretes","UNIT","casa","849000","100",,"3","2","500","0","8490"
"2734630529","Andorinha","UNIT","apartamento","3974000","129",,"4","4",,,"30806.2015503876"
"2661673531","Meia Praia","UNIT","apartamento","2400000","180",,"5","3","0",,"13333.3333333333"
"2716833337","Centro","UNIT","apartamento","3499900","183",,"4","3","0","0","19125.1366120219"
"2760453622","Centro","UNIT","apartamento","1590000","117",,"4","2","0","0","13589.7435897436"
"2735810430","Tabuleiro dos Oliveiras","UNIT","apartamento","990000","70",,"2","2","2500","350","14142.8571428571"
"2628242861","Meia Praia","UNIT","apartamento","1600000","137",,"4","2","0",,"11678.8321167883"
"2761579324","Andorinha","UNIT","apartamento","2413950","140",,"3","2",,,"17242.5"
"2759607229","Meia Praia","UNIT","apartamento","1000000","94",,"3","2","1400","700","10638.2978723404"
"2758840154","Centro","UNIT","apartamento","2900000","167",,"3","2",,,"17365.2694610778"
"2609060700","Meia Praia","UNIT","apartamento","4800000","235",,"5","4","4577","1054","20425.5319148936"
"2765546560","Meia Praia","UNIT","apartamento","1999800","157",,"3","4","3400","750","12737.5796178344"
"2761576932","Meia Praia","UNIT","apartamento","2046450","130",,"1","2",,,"15741.9230769231"
"2763090328","Morretes","UNIT","apartamento","7992000","190",,"5","3",,,"42063.1578947368"
"2761880313","Morretes","UNIT","apartamento","850000","67",,"2","1",,,"12686.5671641791"
"2742888188","Centro","UNIT","apartamento","1750000","127",,"4","2",,"0","13779.5275590551"
"2605291190","Meia Praia","UNIT","apartamento","2199000","143",,"4","3","0",,"15377.6223776224"
"2621798030","Meia Praia","UNIT","apartamento","1070000","98",,"2","2",,"3","10918.3673469388"
"2764631578","Centro","UNIT","apartamento","2984993","153",,"4","3","0","0","19509.7581699346"
"2738623253","Meia Praia","UNIT","apartamento","2680000","178",,"3","2","2500",,"15056.1797752809"
"2752670094","Castelo Branco","UNIT","apartamento","3496000","203",,"4","3",,,"17221.6748768473"
"2764633923","Andorinha","UNIT","apartamento","1650000","141",,"4","2","1260","650","11702.1276595745"
"2723352254","Meia Praia","UNIT","apartamento","4490000","300",,"2","3",,,"14966.6666666667"
"2724505670","Castelo Branco","UNIT","apartamento","1650000","107",,"4","2","0","0","15420.5607476636"
"2656735513","Centro","UNIT","apartamento","848000","68",,"2","1",,"0","12470.5882352941"
"2759189980","Castelo Branco","UNIT","apartamento","1990000","117",,"4","2",,,"17008.547008547"
"2752062812","Meia Praia","UNIT","apartamento","3090000","126",,"4","3",,"650","24523.8095238095"
"2700516114","Morretes","UNIT","casa","720000","110",,"3","2","1000","0","6545.45454545455"
"2716729440","Morretes","UNIT","apartamento","760000","141",,"1","2","0","0","5390.07092198582"
"2766853322","Meia Praia","UNIT","apartamento","1499800","119",,"4","2","0","0","12603.3613445378"
"2725685865","Meia Praia","UNIT","apartamento","1050000","89",,"3","2","800","497","11797.7528089888"
"2696127896","Morretes","UNIT","casa","790000","95",,"3","2","500","0","8315.78947368421"
"2677490194","Morretes","UNIT","casa","680000","85",,"3","2","500","0","8000"
"2728008148","Morretes","UNIT","casa","869001","123",,"3","2","500","0","7065.0487804878"
"2769208984","Canto da Praia","UNIT","apartamento","1600000","116",,"3","2","0","0","13793.1034482759"
"2736466220","Meia Praia","UNIT","apartamento","2200000","135",,"4","2","230","800","16296.2962962963"
"2571044490","Jardim Praia Mar","UNIT","apartamento","793485","66",,"3","1",,,"12022.5"
"2738892665","Morretes","UNIT","apartamento","1190000","70",,"2","2",,,"17000"
"2569300655","Meia Praia","UNIT","apartamento","1600000","138",,"4","3",,,"11594.2028985507"
"2569302093","Centro","UNIT","apartamento","8550000","200",,"6","3",,,"42750"
"2569455966","Centro","UNIT","apartamento","1750000","190",,"5","3",,,"9210.52631578947"
"2560060077","Meia Praia","UNIT","apartamento","1050000","74",,"3","1",,,"14189.1891891892"
"2758865126","Meia Praia","UNIT","apartamento","1590000","114",,"4","2","1100","700","13947.3684210526"
"2736749537","Meia Praia","UNIT","apartamento","8000000","344",,"6","4","1","1","23255.8139534884"
"2533540180","Andorinha","UNIT","apartamento","1363000","106",,"4","2","0",,"12858.4905660377"
"2677088398","Castelo Branco","UNIT","apartamento","1275000","102",,"2","2",,"3","12500"
"2764727209","Andorinha","UNIT","apartamento","2672909","169",,"5","4",,,"15816.0295857988"
"2751043014","Castelo Branco","UNIT","apartamento","2095000","143",,"3","2",,,"14650.3496503496"
"2754174522","Morretes","UNIT","apartamento","899000","69",,"3","1","0","0","13028.9855072464"
"2765234218","Meia Praia","UNIT","apartamento","1500000","114",,"2","1","0","0","13157.8947368421"
"2747203011","Morretes","UNIT","apartamento","750000","47",,"1","0","0","0","15957.4468085106"
"2727224067","Meia Praia","UNIT","apartamento","4054698","178",,"5","3","0","0","22779.202247191"
"2707038157","Casa Branca","UNIT","terreno","2600000","188",,"0","0",,,"13829.7872340426"
"2764895022","Centro","UNIT","apartamento","1799000","180",,"4","3","0","0","9994.44444444445"
"2689660019","Morretes","UNIT","apartamento","705555","69",,"2","1",,,"10225.4347826087"
"2607159788","Morretes","UNIT","casa","640000","95",,"3","2","1000","0","6736.84210526316"
"2566054543","<vazio>","UNIT","apartamento","6600000","175",,"5","3",,,"37714.2857142857"
"2755524997","Andorinha","UNIT","apartamento","1000000","93",,"1","2",,,"10752.688172043"
"2763033617","Meia Praia","UNIT","apartamento","3450000","188",,"2","3",,"1500","18351.0638297872"
"2747718502","Andorinha","UNIT","apartamento","1500000","128",,"4","2",,"600","11718.75"
"2673387142","Morretes","UNIT","apartamento","840000","70",,"3","1","500","400","12000"
"2634060953","Morretes","UNIT","casa","780000","105",,"3","2","500",,"7428.57142857143"
"2754704198","Meia Praia","UNIT","apartamento","1950000","122",,"3","2","1600","700","15983.606557377"
"2720892444","Morretes","UNIT","casa","689900","80",,"3","1","500","0","8623.75"
"2766854514","Andorinha","UNIT","apartamento","890000","70",,"2","1","0","0","12714.2857142857"
"2756801487","Meia Praia","UNIT","apartamento","9480000","201",,"4","0","0","1797","47164.1791044776"
"2646971471","Meia Praia","UNIT","apartamento","1649000","125",,"1","2",,,"13192"
"2759378056","Andorinha","UNIT","apartamento","996142","70",,"3","1","2000","500","14230.6"
"2747342816","Meia Praia","UNIT","apartamento","1600000","127",,"4","2","0","630","12598.4251968504"
"2626748057","Meia Praia","UNIT","apartamento","5200000","434",,"5","4","5000","900","11981.5668202765"
"2764859736","Meia Praia","UNIT","apartamento","2150000","129",,"4","3","0","1071","16666.6666666667"
"2725475863","Jardim Praia Mar","UNIT","apartamento","860000","65",,"2","1",,"250","13230.7692307692"
"2653061645","Meia Praia","UNIT","apartamento","2188000","134",,"4","3",,,"16328.3582089552"
"2617955015","Meia Praia","UNIT","apartamento","1950000","149",,"4","3",,,"13087.2483221477"
"2638661299","Meia Praia","UNIT","apartamento","1800000","128",,"3","3",,,"14062.5"
"2661363565","Morretes","UNIT","apartamento","560000","95",,"2","1","200",,"5894.73684210526"
"2764634129","Meia Praia","UNIT","apartamento","3700000","160",,"5","3","0","0","23125"
"2764631295","Meia Praia","UNIT","apartamento","1450000","94",,"3","2","0","0","15425.5319148936"
"2675653513","Centro","UNIT","apartamento","2998800","208",,"5","3","0",,"14417.3076923077"
"2764632739","Meia Praia","UNIT","apartamento","2171400","137",,"4","2","2000","600","15849.6350364964"
"2738114515","Meia Praia","UNIT","apartamento","2200000","130",,"4","2","4000","1200","16923.0769230769"
"2740006705","Castelo Branco","UNIT","apartamento","1800000","270",,"4","2","0","540","6666.66666666667"
"2768441016","Meia Praia","UNIT","apartamento","2577412","167",,"4","2",,,"15433.6047904192"
"2760453532","Castelo Branco","UNIT","apartamento","1600000","198",,"3","1",,"1600000","8080.80808080808"
"2766831347","Centro","UNIT","apartamento","1590000","86",,"2","1","720","500","18488.3720930233"
"2767582336","Meia Praia","UNIT","apartamento","4500000","226",,"4","3","4720","2100","19911.5044247788"
"2767583027","Meia Praia","UNIT","apartamento","2531320","185",,"5","3","150",,"13682.8108108108"
"2758970216","Meia Praia","UNIT","apartamento","1100000","42",,"1","1",,"0","26190.4761904762"
"2768968728","Canto da Praia","UNIT","casa","2799660","120",,"3","2","1200","350","23330.5"
"2766307213","Meia Praia","UNIT","apartamento","4050000","205",,"5","3",,,"19756.0975609756"
"2766854816","Casa Branca","UNIT","apartamento","7250000","419",,"4","4","0","0","17303.1026252983"
"2769187756","Centro","UNIT","apartamento","7149640","432",,"5","3","12155","1","16550.0925925926"
"2727107938","Meia Praia","UNIT","apartamento","3390000","182",,"5","3","2900","1220","18626.3736263736"
"2742329570","Centro","UNIT","apartamento","1900000","126",,"4","2","1000","450","15079.3650793651"
"2754771401","Meia Praia","UNIT","apartamento","4498000","124",,"3","3",,,"36274.1935483871"
"2767583628","Meia Praia","UNIT","apartamento","6539318","197",,"4","3","100","3000","33194.5076142132"
"2764634525","Meia Praia","UNIT","apartamento","1300000","81",,"3","2","3000","780","16049.3827160494"
"2560059971","Meia Praia","UNIT","apartamento","1730000","103",,"2","2",,,"16796.1165048544"
"2764631748","Meia Praia","UNIT","apartamento","980000","40",,"1","1","0","0","24500"
"2736917772","Centro","UNIT","apartamento","6950000","200",,"5","3","3200","1900","34750"
"2765232233","Centro","UNIT","apartamento","2630000","138",,"4","3","0","0","19057.9710144928"
"2769188728","Casa Branca","UNIT","casa","2348670","450",,"3","4","1700","1","5219.26666666667"
"2765064331","Meia Praia","UNIT","apartamento","7210000","166",,"1","3","6000","2105","43433.734939759"
"2752767497","Meia Praia","UNIT","apartamento","3500000","139",,"2","3",,,"25179.8561151079"
"2718895564","Meia Praia","UNIT","apartamento","2300000","382",,"5","2","2300000","1300","6020.94240837696"
"2766192625","Meia Praia","UNIT","apartamento","6500000","178",,"6","3",,"0","36516.8539325843"
"2723209711","Andorinha","UNIT","apartamento","1700000","137",,"2","2","1500","430","12408.7591240876"
"2648677397","Morretes","UNIT","apartamento","768000","70",,"2","1",,,"10971.4285714286"
"2766854820","Andorinha","UNIT","apartamento","1737925","114",,"4","2","0","0","15244.9561403509"
"2766853625","Meia Praia","UNIT","apartamento","6514519","184",,"4","3","0","0","35404.9945652174"
"2744006713","Meia Praia","UNIT","apartamento","1685000","122",,"4","3",,"0","13811.4754098361"
"2761804720","Meia Praia","UNIT","apartamento","3500000","198",,"5","3",,"670","17676.7676767677"
"2740006962","Andorinha","UNIT","apartamento","2000000","261",,"3","2","1800","650","7662.83524904215"
"2743655068","Castelo Branco","UNIT","apartamento","2400000","284",,"5","4","2500","1400","8450.70422535211"
"2764633088","Centro","UNIT","apartamento","4900000","180",,"5","3","0","905","27222.2222222222"
"2693899183","Morretes","UNIT","casa","720000","110",,"3","2","500","0","6545.45454545455"
"2538667390","Meia Praia","UNIT","apartamento","2441308","206",,"4","3",,,"11851.0097087379"
"2619793554","Centro","UNIT","apartamento","2990000","130",,"3","2",,,"23000"
"2726614444","Andorinha","UNIT","apartamento","2199000","160",,"1","3","0","0","13743.75"
"2754737812","Meia Praia","UNIT","apartamento","997000","96",,"1","1","800","400","10385.4166666667"
"2764635216","Meia Praia","UNIT","apartamento","880000","40",,"1","1","1000","500","22000"
"2764631577","Centro","UNIT","apartamento","2469420","1338",,"4","2","0","0","1845.60538116592"
"2458728911","Andorinha","UNIT","apartamento","2300000","178",,"1","3","3000","800","12921.3483146067"
"2764895217","Centro","UNIT","apartamento","3500000","190",,"3","3","0","600","18421.0526315789"
"2569298357","Centro","UNIT","apartamento","3190000","150",,"5","3",,,"21266.6666666667"
"2677845995","Morretes","UNIT","terreno","750000","288",,"0","0","350","0","2604.16666666667"
"2603685016","Morretes","UNIT","casa","750000","100",,"3","2","1000","0","7500"
"2685759749","Centro","UNIT","apartamento","7488000","185",,"5","3","0","0","40475.6756756757"
"2754166744","Sert?o Do Trombudo","UNIT","apartamento","680000","62",,"2","1","0","350","10967.7419354839"
"2566528281","Meia Praia","UNIT","apartamento","1825000","116",,"4","2","0","0","15732.7586206897"
"2765093605","Meia Praia","UNIT","apartamento","850000","79",,"2","1","1390","630","10759.4936708861"
"2657652816","Meia Praia","UNIT","apartamento","2700000","1749",,"5","3","3125","525","1543.73927958834"
"2754747716","Centro","UNIT","apartamento","3680900","202",,"5","3",,"0","18222.2772277228"
"2744007186","Meia Praia","UNIT","apartamento","3638463","175",,"5","3",,"0","20791.2171428571"
"2682574991","Castelo Branco","UNIT","apartamento","2378550","202",,"5","3","0","0","11775"
"2594348462","Meia Praia","UNIT","apartamento","760000","40",,"1","1",,,"19000"
"2704376065","Centro","UNIT","apartamento","3570000","238",,"5","3","0",,"15000"
"2708221754","Morretes","UNIT","apartamento","718477","69",,"2","1","0","0","10412.7101449275"
"2594382160","Meia Praia","UNIT","apartamento","1900000","132",,"4","2",,"0","14393.9393939394"
"2714823296","Centro","UNIT","apartamento","930000","80",,"2","1","1","1","11625"
"2692635658","Meia Praia","UNIT","apartamento","3490000","186",,"4","3",,,"18763.4408602151"
"2757661936","Morretes","UNIT","apartamento","660000","70",,"2","2",,,"9428.57142857143"
"2761685913","Centro","UNIT","apartamento","2998000","132",,"4","2",,,"22712.1212121212"
"2741019811","Meia Praia","UNIT","apartamento","2939514","206",,"5","3",,,"14269.4854368932"
"2693494915","Morretes","UNIT","apartamento","827084","64",,"1","1","10","0","12923.1875"
"2767581558","Morretes","UNIT","terreno","3750000","1390",,"0","0","100",,"2697.84172661871"
"2764632147","Meia Praia","UNIT","apartamento","2990000","185",,"5","4","0","0","16162.1621621622"
"2728874723","Castelo Branco","UNIT","apartamento","2950000","128",,"4","3",,,"23046.875"
"2727831547","<vazio>","UNIT","apartamento","2768000","180",,"5","3","0","0","15377.7777777778"
"2559233855","Meia Praia","UNIT","apartamento","2500000","198",,"4","4",,,"12626.2626262626"
"2733712228","Meia Praia","UNIT","apartamento","3900000","217",,"5","3",,,"17972.3502304147"
"2643986955","Meia Praia","UNIT","apartamento","4490000","300",,"5","3","4200","1550","14966.6666666667"
"2764979915","Andorinha","UNIT","apartamento","1495000","117",,"3","2","1200","590","12777.7777777778"
"2635560495","Meia Praia","UNIT","apartamento","1750000","146",,"3","1","0","0","11986.301369863"
"2635064580","Meia Praia","UNIT","apartamento","4490000","300",,"5","3","0",,"14966.6666666667"
"2761880113","Meia Praia","UNIT","apartamento","1750000","117",,"4","2",,,"14957.264957265"
"2738889666","Meia Praia","UNIT","apartamento","1700000","120",,"1","2",,,"14166.6666666667"
"2765064635","Canto da Praia","UNIT","apartamento","3900000","190",,"1","3","100","0","20526.3157894737"
"2578511249","Meia Praia","UNIT","apartamento","1750000","134",,"4","2","1900","450","13059.7014925373"
"2755583840","Meia Praia","UNIT","apartamento","2690000","130",,"4","3","0","0","20692.3076923077"
"2727188040","Meia Praia","UNIT","apartamento","2400000","116",,"4","2","1800","0","20689.6551724138"
"2720508937","Centro","UNIT","apartamento","1890000","149",,"4","2",,,"12684.5637583893"
"2599655220","Meia Praia","UNIT","apartamento","1170000","90",,"2","1",,,"13000"
"2715194804","Castelo Branco","UNIT","apartamento","4798000","180",,"3","3",,,"26655.5555555556"
"2727831549","Centro","UNIT","apartamento","2598800","180",,"5","3","0","0","14437.7777777778"
"2511795098","Andorinha","UNIT","apartamento","1842000","140",,"5","2","0",,"13157.1428571429"
"2692571259","Andorinha","UNIT","casa","1450000","100",,"3","2",,"0","14500"
"2625297161","Meia Praia","UNIT","apartamento","1890000","146",,"3","2",,,"12945.2054794521"
"2593922654","Canto da Praia","UNIT","apartamento","1800000","117",,"3","2",,,"15384.6153846154"
"2750289675","Morretes","UNIT","apartamento","620000","70",,"2","1",,,"8857.14285714286"
"2757095318","Morretes","UNIT","apartamento","718000","70",,"2","1",,,"10257.1428571429"
"2759324976","Andorinha","UNIT","apartamento","996142","70",,"3","1","2000","500","14230.6"
"2537282575","Morretes","UNIT","apartamento","6240637","182",,"5","3","0",,"34289.2142857143"
"2609058822","Centro","UNIT","apartamento","2200000","114",,"4","2","0","0","19298.2456140351"
"2721666437","Morretes","UNIT","apartamento","650000","64",,"2","1","0","0","10156.25"
"2748823295","Meia Praia","UNIT","apartamento","8085000","180",,"5","2","250","250","44916.6666666667"
"2716867340","Alto S?o Bento","UNIT","apartamento","780000","69",,"2","1","0","0","11304.347826087"
"2737574420","Meia Praia","UNIT","apartamento","7888000","166",,"5","3","1","1400","47518.0722891566"
"2753173272","Morretes","UNIT","apartamento","558000","43",,"1","1","1000","350","12976.7441860465"
"2765550313","Meia Praia","UNIT","apartamento","2200000","140",,"4","2","0","0","15714.2857142857"
"2766855115","Meia Praia","UNIT","apartamento","2499800","250",,"5","2","0","0","9999.2"
"2745678246","Andorinha","UNIT","apartamento","1490000","118",,"3","0",,"350","12627.1186440678"
"2728045734","Andorinha","UNIT","apartamento","1600000","146",,"4","0","0","536","10958.904109589"
"2746675796","Centro","UNIT","apartamento","2742000","120",,"4","2","1500","800","22850"
"2560056886","Meia Praia","UNIT","apartamento","3419000","166",,"4","3",,,"20596.3855421687"
"2687441030","Meia Praia","UNIT","apartamento","2726550","177",,"5","3",,,"15404.2372881356"
"2637453962","Canto da Praia","UNIT","apartamento","12998800","457",,"5","4",,,"28443.7636761488"
"2560056346","Morretes","UNIT","apartamento","805000","70",,"3","1",,,"11500"
"2764633958","Canto da Praia","UNIT","apartamento","2990000","200",,"4","2","1900","900","14950"
"2764633064","Centro","UNIT","apartamento","9500000","447",,"5","3","0","0","21252.7964205817"
"2766852813","Morretes","UNIT","apartamento","5199800","236",,"5","3","5089","3021","22033.0508474576"
"2754745142","Centro","UNIT","apartamento","5427475","291",,"5","4",,"0","18651.116838488"
"2740008026","Meia Praia","UNIT","apartamento","8993000","180",,"5","3","3670","2105","49961.1111111111"
"2740245073","Meia Praia","UNIT","apartamento","7210000","166",,"5","3","3670","2105","43433.734939759"
"2720585038","Morretes","UNIT","apartamento","700649","70",,"2","1",,,"10009.2714285714"
"2740008517","Andorinha","UNIT","apartamento","2420000","163",,"5","3",,"0","14846.6257668712"
"2751617614","Morretes","UNIT","apartamento","759110","70",,"3","1","990","450","10844.4285714286"
"2569455272","Centro","UNIT","apartamento","4500000","368",,"7","6",,,"12228.2608695652"
"2762841850","Andorinha","UNIT","apartamento","2400000","140",,"4","2",,,"17142.8571428571"
"2766314064","Meia Praia","UNIT","apartamento","9750000","410",,"6","3",,,"23780.487804878"
"2721372964","Meia Praia","UNIT","apartamento","1913000","81",,"2","2",,,"23617.2839506173"
"2764632847","Morretes","UNIT","apartamento","880000","70",,"3","1","0","0","12571.4285714286"
"2626579993","Meia Praia","UNIT","apartamento","8000000","320",,"6","6","0","0","25000"
"2665066879","Morretes","UNIT","apartamento","5875203","163",,"4","2","0",,"36044.1901840491"
"2569457600","Centro","UNIT","apartamento","1840000","187",,"3","3",,,"9839.57219251337"
"2730783851","Meia Praia","UNIT","apartamento","1600000","180",,"1","1",,,"8888.88888888889"
"2628379924","Jardim Praia Mar","UNIT","apartamento","860000","70",,"3","1","0","0","12285.7142857143"
"2707053562","Centro","UNIT","apartamento","4355000","222",,"5","3",,,"19617.1171171171"
"2728058602","Morretes","UNIT","casa","743000","100",,"3","2","500","0","7430"
"2709383130","Morretes","UNIT","casa","710000","105",,"3","2","500","0","6761.90476190476"
"2749846242","Meia Praia","UNIT","apartamento","1470000","128",,"3","1","0","547","11484.375"
"2654604756","Meia Praia","UNIT","apartamento","7800000","181",,"5","3","0","0","43093.9226519337"
"2507863236","Meia Praia","UNIT","apartamento","3600000","197",,"5","3","0","0","18274.1116751269"
"2747201944","Meia Praia","UNIT","apartamento","1900000","100",,"1","2","0","0","19000"
"2569301253","Meia Praia","UNIT","apartamento","1690000","177",,"5","3",,,"9548.02259887006"
"2768649424","Morretes","UNIT","apartamento","700000","63",,"2","1","0","0","11111.1111111111"
"2749994425","Morretes","UNIT","casa","589110","89",,"3","2","500","1","6619.21348314607"
"2768646049","Alto S?o Bento","UNIT","terreno","1100000","958",,"0","0","264","0","1148.2254697286"
"2525914069","Centro","UNIT","apartamento","1822000","127",,"4","2","0",,"14346.4566929134"
"2714952001","Andorinha","UNIT","apartamento","1868399","172",,"4","3",,,"10862.7848837209"
"2691776759","Morretes","UNIT","apartamento","650000","80",,"2","2","550","390","8125"
"2720508358","Meia Praia","UNIT","apartamento","3090000","200",,"5","4",,,"15450"
"2592169416","Meia Praia","UNIT","apartamento","1450000","141",,"2","2",,"559","10283.6879432624"
"2677256603","Meia Praia","UNIT","apartamento","1920000","140",,"3","2",,"3","13714.2857142857"
"2674190810","Meia Praia","UNIT","apartamento","1778265","131",,"4","2","0",,"13574.5419847328"
"2638661886","Canto da Praia","UNIT","apartamento","1790000","116",,"3","2",,,"15431.0344827586"
"2745049766","Canto da Praia","UNIT","apartamento","2226000","118",,"4","3",,"630","18864.406779661"
"2705884482","Centro","UNIT","apartamento","4195000","176",,"5","3",,,"23835.2272727273"
"2767599321","Andorinha","UNIT","apartamento","1400000","75",,"3","2",,,"18666.6666666667"
"2676663630","Morretes","UNIT","apartamento","650000","66",,"2","1",,,"9848.48484848485"
"2657045756","Meia Praia","UNIT","apartamento","2099000","142",,"4","3","3400","800","14781.6901408451"
"2688822516","Morretes","UNIT","apartamento","680000","70",,"2","2",,,"9714.28571428571"
"2743293193","Morretes","UNIT","casa","819002","130",,"3","2","500","0","6300.01538461538"
"2731007332","Meia Praia","UNIT","apartamento","3449985","140",,"4","2",,,"24642.75"
"2560637198","Morretes","UNIT","casa","720001","115",,"3","2","1000","0","6260.87826086957"
"2692765954","Morretes","UNIT","casa","720001","110",,"3","2","500","0","6545.46363636364"
"2675947394","Morretes","UNIT","casa","950000","105",,"3","2","500","0","9047.61904761905"
"2760156730","Centro","UNIT","apartamento","1300000","95",,"2","2","1000","740","13684.2105263158"
"2743163479","Meia Praia","UNIT","apartamento","6830000","158",,"5","2",,"0","43227.8481012658"
"2671627199","Morretes","UNIT","apartamento","727193","65",,"2","1",,,"11187.5846153846"
"2560060456","Meia Praia","UNIT","apartamento","1212800","118",,"4","2",,,"10277.9661016949"
"2704135219","Centro","UNIT","apartamento","3700000","193",,"5","3",,,"19170.9844559586"
"2764220222","Meia Praia","UNIT","apartamento","3800000","200",,"1","3",,,"19000"
"2766855915","Centro","UNIT","apartamento","1711800","133",,"4","3","0","0","12870.6766917293"
"2759463052","Meia Praia","UNIT","apartamento","2990000","179",,"5","3","0","881","16703.9106145251"
"2762248518","Casa Branca","UNIT","casa","2579400","210",,"5","2","600","1","12282.8571428571"
"2669812805","Canto da Praia","UNIT","apartamento","1522000","88",,"3","2","1","1","17295.4545454545"
"2560059820","Meia Praia","UNIT","apartamento","2598800","185",,"5","3",,,"14047.5675675676"
"2764634323","Andorinha","UNIT","apartamento","1850000","154",,"5","3","0","0","12012.987012987"
"2764631670","Meia Praia","UNIT","apartamento","1700000","1002",,"4","2","0","0","1696.60678642715"
"2633492169","Casa Branca","UNIT","apartamento","778000","70",,"2","1",,,"11114.2857142857"
"2627259842","Morretes","UNIT","apartamento","885892","70",,"3","1","1100","400","12655.6"
"2623904721","Meia Praia","UNIT","apartamento","3100000","268",,"5","3","1","1750","11567.1641791045"
"2736423276","Jardim Praia Mar","UNIT","apartamento","775000","70",,"3","1",,"0","11071.4285714286"
"2658963632","Centro","UNIT","apartamento","834889","70",,"2","1","1000","500","11926.9857142857"
"2727297150","Meia Praia","UNIT","apartamento","1310000","101",,"2","2","0",,"12970.297029703"
"2751288697","Meia Praia","UNIT","apartamento","9998000","245",,"4","4","0","2105","40808.1632653061"
"2599019699","Centro","UNIT","apartamento","1950000","139",,"3","2",,,"14028.7769784173"
"2761509423","Meia Praia","UNIT","apartamento","1260041","121",,"2","2","7200","503","10413.5619834711"
"2728836941","Centro","UNIT","apartamento","2200000","115",,"3","2",,,"19130.4347826087"
"2511795096","Meia Praia","UNIT","apartamento","3560000","179",,"5","3","0",,"19888.2681564246"
"2723211738","Andorinha","UNIT","apartamento","2000000","142",,"3","2",,"435","14084.5070422535"
"2766851833","Andorinha","UNIT","apartamento","2350000","162",,"5","3","0","0","14506.1728395062"
"2727424245","Tabuleiro dos Oliveiras","UNIT","apartamento","850000","69",,"2","1",,,"12318.8405797101"
"2752959809","Meia Praia","UNIT","apartamento","7300000","205",,"4","3","1800","600","35609.756097561"
"2726637637","CENTRO","UNIT","apartamento","1635000","111",,"2","0","0","0","14729.7297297297"
"2760097332","Centro","UNIT","apartamento","1260000","97",,"3","1","3000","1000","12989.6907216495"
"2560056884","Centro","UNIT","apartamento","2538486","153",,"4","3",,,"16591.4117647059"
"2563813559","Centro","UNIT","apartamento","2500000","149",,"4","2","0",,"16778.5234899329"
"2763090327","Meia Praia","UNIT","apartamento","1350000","100",,"1","0",,,"13500"
"2761879715","Andorinha","UNIT","apartamento","2450000","137",,"3","3",,,"17883.2116788321"
"2750894622","Meia Praia","UNIT","apartamento","3484000","139",,"4","3","0","0","25064.7482014388"
"2752646701","Morretes","UNIT","apartamento","829000","110",,"2","2","900","0","7536.36363636364"
"2569301255","Meia Praia","UNIT","apartamento","1690000","177",,"5","3",,,"9548.02259887006"
"2761574939","Centro","UNIT","apartamento","2998000","132",,"4","2",,,"22712.1212121212"
"2747203306","Centro","UNIT","apartamento","5000000","197",,"5","4","0","0","25380.7106598985"
"2759541415","Meia Praia","UNIT","apartamento","900000","61",,"2","1","1200","600","14754.0983606557"
"2758554079","Morretes","UNIT","apartamento","898800","70",,"2","1","0","0","12840"
"2758557124","Meia Praia","UNIT","apartamento","1884860","132",,"3","2","0","0","14279.2424242424"
"2758850431","Meia Praia","UNIT","apartamento","3480800","213",,"5","3","0","600","16341.7840375587"
"2754746322","Meia Praia","UNIT","apartamento","3435100","190",,"5","3",,"0","18079.4736842105"
"2748437895","Canto da Praia","UNIT","apartamento","1665000","102",,"3","2",,"0","16323.5294117647"
"2752153445","Castelo Branco","UNIT","apartamento","951000","28",,"1","0",,,"33964.2857142857"
"2630144666","Andorinha","UNIT","apartamento","1800000","164",,"4","3","1200","500","10975.6097560976"
"2759672759","Centro","UNIT","apartamento","890000","69",,"2","1","1200","600","12898.5507246377"
"2718029270","Centro","UNIT","apartamento","1958000","146",,"4","2","1620","560","13410.9589041096"
"2746320203","Meia Praia","UNIT","apartamento","890000","70",,"2","1",,,"12714.2857142857"
"2593071359","Meia Praia","UNIT","apartamento","2200000","135",,"3","2",,,"16296.2962962963"
"2609062501","Centro","UNIT","apartamento","1900000","135",,"4","2","1890","480","14074.0740740741"
"2660215249","Andorinha","UNIT","apartamento","2155851","114",,"3","2","0","0","18910.9736842105"
"2725011792","Morretes","UNIT","apartamento","705983","63",,"2","1","0","0","11206.0793650794"
"2658725057","Morretes","UNIT","apartamento","6799892","177",,"5","3","0","0","38417.4689265537"
"2511795099","Meia Praia","UNIT","apartamento","4309000","166",,"4","3","0",,"25957.8313253012"
"2647412375","Meia Praia","UNIT","apartamento","4355000","222",,"5","3","1471",,"19617.1171171171"
"2759377652","Meia Praia","UNIT","apartamento","896528","65",,"3","1","2000","500","13792.7384615385"
"2737577521","Meia Praia","UNIT","apartamento","1850000","140",,"4","5","1900","530","13214.2857142857"
"2709413975","Morretes","UNIT","casa","743000","100",,"3","2","500","0","7430"
"2609061383","Centro","UNIT","apartamento","2250000","114",,"4","2","0","0","19736.8421052632"
"2759269652","Meia Praia","UNIT","apartamento","896528","65",,"3","1","2000","500","13792.7384615385"
"2751612898","Morretes","UNIT","apartamento","6976000","161",,"4","2",,,"43329.1925465839"
"2764980015","Meia Praia","UNIT","apartamento","2300000","137",,"4","2",,"0","16788.3211678832"
"2617138418","Morretes","UNIT","apartamento","816000","69",,"2","1","0","0","11826.0869565217"
"2692760047","Andorinha","UNIT","apartamento","1815000","115",,"4","2","0","0","15782.6086956522"
"2763811428","Meia Praia","UNIT","apartamento","1890000","115",,"4","2","2000","650","16434.7826086957"
"2764781426","Andorinha","UNIT","apartamento","4790000","190",,"5","3","0","0","25210.5263157895"
"2674641079","Centro","UNIT","apartamento","2800000","136",,"4","3","0",,"20588.2352941176"
"2752470027","Meia Praia","UNIT","apartamento","8993000","180",,"5","4",,"2105","49961.1111111111"
"2763648644","Morretes","UNIT","apartamento","1390000","116",,"3","2","13200","550","11982.7586206897"
"2639284438","Jardim Praia Mar","UNIT","apartamento","721977","70",,"2","1",,"3","10313.9571428571"
"2753205894","Morretes","UNIT","apartamento","620000","70",,"1","1","0",,"8857.14285714286"
"2766853114","Centro","UNIT","apartamento","1500000","86",,"2","1","700","520","17441.8604651163"
"2704733254","Andorinha","UNIT","apartamento","4940000","268",,"5","2","10","10","18432.8358208955"
"2754568158","Meia Praia","UNIT","apartamento","1600000","117",,"3","2",,,"13675.2136752137"
"2748245225","Centro","UNIT","apartamento","1690000","140",,"2","1",,,"12071.4285714286"
"2613245827","Meia Praia","UNIT","apartamento","3590000","182",,"4","3",,,"19725.2747252747"
"2766852225","Andorinha","UNIT","apartamento","2100000","126",,"4","3","0","527","16666.6666666667"
"2731099145","Meia Praia","UNIT","apartamento","2800000","142",,"4","2",,,"19718.3098591549"
"2756089951","Castelo Branco","UNIT","apartamento","9815000","300",,"5","3",,,"32716.6666666667"
"2749233093","Meia Praia","UNIT","apartamento","2050000","150",,"4","2",,,"13666.6666666667"
"2722650560","Meia Praia","UNIT","apartamento","1400000","115",,"1","3","0","500","12173.9130434783"
"2672319140","Andorinha","UNIT","apartamento","2420000","163",,"5","3",,,"14846.6257668712"
"2747203793","Meia Praia","UNIT","apartamento","1996000","123",,"4","2","0","0","16227.6422764228"
"2545967099","Meia Praia","UNIT","apartamento","3500000","280",,"5","3","0",,"12500"
"2562265102","Meia Praia","UNIT","apartamento","4000000","200",,"4","3",,,"20000"
"2560057604","Meia Praia","UNIT","apartamento","2992000","135",,"4","2",,,"22162.962962963"
"2560059108","Meia Praia","UNIT","apartamento","2650000","128",,"3","3",,,"20703.125"
"2560060071","Meia Praia","UNIT","apartamento","1763187","130",,"4","2",,,"13562.9769230769"
"2560060662","Morretes","UNIT","apartamento","929035","70",,"3","1",,,"13271.9285714286"
"2764402647","Alto S?o Bento","UNIT","casa","619230","90",,"2","2","600","1","6880.33333333333"
"2758342819","Morretes","UNIT","apartamento","670000","58",,"2","1",,,"11551.724137931"
"2675654412","Meia Praia","UNIT","apartamento","1725854","135",,"4","2","0",,"12784.1037037037"
"2747201803","Meia Praia","UNIT","apartamento","4350000","188",,"5","3","0","0","23138.2978723404"
"2510105480","Centro","UNIT","apartamento","4700000","180",,"5","3","0","0","26111.1111111111"
"2714718784","Meia Praia","UNIT","apartamento","1001328","97",,"2","2","0","0","10322.9690721649"
"2715659295","Centro","UNIT","apartamento","3200000","176",,"5","3",,,"18181.8181818182"
"2660557657","Morretes","UNIT","apartamento","860000","69",,"3","1",,,"12463.768115942"
"2740969158","Tabuleiro dos Oliveiras","UNIT","apartamento","1390000","69",,"2","1",,,"20144.9275362319"
"2763649135","Morretes","UNIT","apartamento","950000","70",,"3","2","5880","450","13571.4285714286"
"2689937562","Varzea","UNIT","apartamento","795000","80",,"1","1",,"300","9937.5"
"2622112654","Meia Praia","UNIT","apartamento","3610000","140",,"3","2",,"3","25785.7142857143"
"2744015176","Andorinha","UNIT","apartamento","2100000","132",,"3","2",,,"15909.0909090909"
"2606897520","Centro","UNIT","apartamento","3900000","200",,"4","3",,,"19500"
"2606898685","Morretes","UNIT","apartamento","630000","69",,"2","1",,,"9130.4347826087"
"2595765481","Meia Praia","UNIT","apartamento","4052000","213",,"4","3",,,"19023.4741784038"
"2648807881","Meia Praia","UNIT","apartamento","2200000","127",,"3","2",,,"17322.8346456693"
"2560059675","Morretes","UNIT","apartamento","797015","69",,"3","1",,,"11550.9420289855"
"2570172297","Meia Praia","UNIT","apartamento","1880000","123",,"4","2",,,"15284.5528455285"
"2736934376","Meia Praia","UNIT","apartamento","2500000","155",,"4","2","0","0","16129.0322580645"
"2744012697","Meia Praia","UNIT","apartamento","1550000","115",,"3","2",,,"13478.2608695652"
"2764895413","Centro","UNIT","apartamento","3500000","190",,"5","3","0","0","18421.0526315789"
"2744014219","Meia Praia","UNIT","apartamento","1450000","114",,"3","2",,,"12719.298245614"
"2728064238","Morretes","UNIT","apartamento","780000","57",,"2","1","500","350","13684.2105263158"
"2541689814","Meia Praia","UNIT","apartamento","3350000","197",,"5","3","0","0","17005.076142132"
"2698590779","Morretes","UNIT","apartamento","749000","70",,"2","1",,,"10700"
"2754687308","Morretes","UNIT","apartamento","700000","60",,"2","1",,,"11666.6666666667"
"2752462999","Meia Praia","UNIT","apartamento","8250000","185",,"5","3",,,"44594.5945945946"
"2560637294","Morretes","UNIT","casa","750001","100",,"3","2","1000",,"7500.01"
"2754746751","Centro","UNIT","apartamento","4550000","187",,"5","3",,"0","24331.550802139"
"2560637562","Morretes","UNIT","apartamento","929000","70",,"2","1","1000","350","13271.4285714286"
"2754990857","Andorinha","UNIT","apartamento","1350000","129",,"2","1",,"500","10465.1162790698"
"2743653784","Centro","UNIT","apartamento","1580000","116",,"4","2","0","0","13620.6896551724"
"2760452527","Morretes","UNIT","apartamento","6240637","183",,"5","3",,"0","34101.8415300546"
"2766855619","Meia Praia","UNIT","apartamento","949800","81",,"3","2","0","0","11725.9259259259"
"2677404601","Meia Praia","UNIT","apartamento","1395000","105",,"2","2",,"3","13285.7142857143"
"2762694337","Meia Praia","UNIT","apartamento","9577800","234",,"5","4",,,"40930.7692307692"
"2752619196","Meia Praia","UNIT","apartamento","5997000","343",,"1","4",,,"17483.9650145773"
"2707056469","Centro","UNIT","apartamento","6538000","169",,"4","3",,,"38686.3905325444"
"2756065918","Morretes","UNIT","apartamento","649000","68",,"3","1","0","0","9544.11764705882"
"2741514272","Morretes","UNIT","apartamento","684000","69",,"2","1","0","0","9913.04347826087"
"2678626594","Morretes","UNIT","apartamento","6700000","215",,"4","3",,,"31162.7906976744"
"2712205359","Castelo Branco","UNIT","apartamento","1990000","129",,"4","2","0","0","15426.3565891473"
"2560060074","Meia Praia","UNIT","apartamento","3500000","228",,"3","3",,,"15350.8771929825"
"2560060001","Meia Praia","UNIT","apartamento","4498042","213",,"5","3",,,"21117.5680751174"
"2764860724","Meia Praia","UNIT","apartamento","2000000","148",,"2","2","0","0","13513.5135135135"
"2766853624","Meia Praia","UNIT","apartamento","2684800","180",,"5","3","0","0","14915.5555555556"
"2766855818","Morretes","UNIT","apartamento","689800","60",,"2","1","0","0","11496.6666666667"
"2766853517","Andorinha","UNIT","apartamento","1967800","175",,"5","3","0","0","11244.5714285714"
"2766855616","Centro","UNIT","apartamento","5839800","198",,"5","2","0","1106","29493.9393939394"
"2710886977","Meia Praia","UNIT","apartamento","4955265","202",,"4","2",,,"24531.0148514851"
"2722255666","Tabuleiro dos Oliveiras","UNIT","apartamento","898000","69",,"2","1",,"0","13014.4927536232"
"2748488199","Andorinha","UNIT","apartamento","1590000","114",,"3","2",,,"13947.3684210526"
"2759012113","Meia Praia","UNIT","apartamento","1200000","80",,"2","2",,,"15000"
"2753770732","Morretes","UNIT","apartamento","696869","70",,"2","2","500","500","9955.27142857143"
"2531161777","Meia Praia","UNIT","apartamento","2535631","213",,"5","3","0",,"11904.3708920188"
"2744683806","Meia Praia","UNIT","apartamento","5500000","175",,"5","3","555160","211958","31428.5714285714"
"2758849655","Centro","UNIT","apartamento","3570000","238",,"5","3","0","0","15000"
"2693257923","Meia Praia","UNIT","apartamento","988000","120",,"2","1","900","400","8233.33333333333"
"2725199063","Meia Praia","UNIT","apartamento","1297000","95",,"1","1","0",,"13652.6315789474"
"2723275157","Andorinha","UNIT","apartamento","1750000","122",,"4","2",,,"14344.262295082"
"2761576356","Meia Praia","UNIT","apartamento","5950000","190",,"5","3",,,"31315.7894736842"
"2761577051","Meia Praia","UNIT","apartamento","1950000","128",,"4","2",,,"15234.375"
"2763090820","Meia Praia","UNIT","apartamento","5500000","301",,"5","3",,,"18272.4252491694"
"2763090821","Morretes","UNIT","apartamento","830000","67",,"2","1",,,"12388.0597014925"
"2719333638","Meia Praia","UNIT","apartamento","1200000","84",,"1","1","1500","700","14285.7142857143"
"2713259432","Castelo Branco","UNIT","apartamento","2199000","151",,"4","2","150","499","14562.9139072848"
"2748437995","Meia Praia","UNIT","apartamento","3500000","128",,"4","3",,"0","27343.75"
"2673990651","Jardim Praia Mar","UNIT","apartamento","589100","64",,"2","1","1","1","9204.6875"
"2733465665","Centro","UNIT","apartamento","3730000","219",,"5","3","1","1","17031.9634703196"
"2586037748","Centro","UNIT","apartamento","2698800","163",,"5","3","0",,"16557.0552147239"
"2608012949","Centro","UNIT","apartamento","1950000","114",,"4","2","0",,"17105.2631578947"
"2703865119","Centro","UNIT","apartamento","2890000","135",,"4","3",,,"21407.4074074074"
"2727571674","Morretes","UNIT","casa","869000","123",,"3","2","500","0","7065.0406504065"
"2733698252","Meia Praia","UNIT","apartamento","3728000","160",,"5","3","0","0","23300"
"2699638909","Meia Praia","UNIT","apartamento","9800000","180",,"4","4",,,"54444.4444444444"
"2613024541","Meia Praia","UNIT","apartamento","2390000","174",,"3","2",,,"13735.632183908"
"2744696827","Meia Praia","UNIT","apartamento","1850000","146",,"4","2","0","0","12671.2328767123"
"2725003764","Meia Praia","UNIT","apartamento","3680000","182",,"1","3","0","0","20219.7802197802"
"2695706309","Castelo Branco","UNIT","apartamento","1995654","150",,"4","2",,,"13304.36"
"2651385985","Meia Praia","UNIT","apartamento","1850000","180",,"4","2","0",,"10277.7777777778"
"2743111879","Meia Praia","UNIT","apartamento","1826016","126",,"4","2",,,"14492.1904761905"
"2736636062","Andorinha","UNIT","apartamento","690000","70",,"1","1",,,"9857.14285714286"
"2767581643","Varzea","UNIT","apartamento","610000","70",,"1","1","100","300","8714.28571428571"
"2760094927","Centro","UNIT","apartamento","830000","62",,"2","1","0","700","13387.0967741935"
"2561153104","Meia Praia","UNIT","apartamento","1700000","105",,"4","2","0","0","16190.4761904762"
"2511793807","Castelo Branco","UNIT","apartamento","1655000","127",,"5","2","0",,"13031.4960629921"
"2742884450","Centro","UNIT","apartamento","1700000","127",,"4","2",,"0","13385.8267716535"
"2740008422","Meia Praia","UNIT","apartamento","9710000","180",,"5","3",,"0","53944.4444444444"
"2560636971","Morretes","UNIT","apartamento","806000","70",,"2","1","500","300","11514.2857142857"
"2740140866","Meia Praia","UNIT","apartamento","3200000","346",,"5","2","0","0","9248.5549132948"
"2678053981","Morretes","UNIT","apartamento","750000","70",,"3","1","0","0","10714.2857142857"
"2764633949","Centro","UNIT","apartamento","2700000","172",,"5","3","0","0","15697.6744186047"
"2766853823","Meia Praia","UNIT","apartamento","6100000","169",,"4","3","0","0","36094.674556213"
"2633529985","Castelo Branco","UNIT","apartamento","1400000","120",,"4","1",,,"11666.6666666667"
"2728451825","Meia Praia","UNIT","apartamento","4500000","158",,"5","3","0","0","28481.0126582278"
"2560637276","Morretes","UNIT","apartamento","808000","68",,"3","1","500","300","11882.3529411765"
"2699373278","Meia Praia","UNIT","apartamento","1750000","116",,"1","3",,"0","15086.2068965517"
"2622106960","Meia Praia","UNIT","apartamento","5160000","180",,"4","3",,"3","28666.6666666667"
"2636601667","Morretes","UNIT","apartamento","590000","62",,"2","1",,,"9516.12903225806"
"2716329297","Meia Praia","UNIT","apartamento","2500000","163",,"3","3",,,"15337.4233128834"
"2609445976","Centro","UNIT","apartamento","1590000","125",,"3","1",,,"12720"
"2593071642","Centro","UNIT","apartamento","12500000","411",,"5","4",,,"30413.6253041363"
"2754747732","Meia Praia","UNIT","apartamento","1860000","128",,"4","2",,"0","14531.25"
"2700273490","Morretes","UNIT","casa","869000","123",,"3","2","1000","0","7065.0406504065"
"2766855328","Canto da Praia","UNIT","apartamento","2250000","109",,"4","3","0","920","20642.2018348624"
"2764632949","Meia Praia","UNIT","apartamento","2150000","1298",,"4","4","0","0","1656.39445300462"
"2741072568","Centro","UNIT","apartamento","8500000","365",,"6","4",,,"23287.6712328767"
"2526446351","Morretes","UNIT","apartamento","922000","68",,"2","1","0",,"13558.8235294118"
"2766852032","Meia Praia","UNIT","apartamento","1850000","136",,"4","2","2700","550","13602.9411764706"
"2754169535","Meia Praia","UNIT","apartamento","1500000","127",,"1","2","0","0","11811.0236220472"
"2766853418","Meia Praia","UNIT","apartamento","1889800","138",,"2","2","0","508","13694.2028985507"
"2696943037","Meia Praia","UNIT","apartamento","997000","95",,"2","1",,"400","10494.7368421053"
"2575451379","Morretes","UNIT","apartamento","680000","42",,"2","1","0","0","16190.4761904762"
"2654520429","Meia Praia","UNIT","apartamento","1200000","84",,"3","2",,,"14285.7142857143"
"2746689528","Andorinha","UNIT","apartamento","1525825","177",,"2","2",,"0","8620.4802259887"
"2664417201","Meia Praia","UNIT","apartamento","1900000","100",,"4","2",,,"19000"
"2678339346","Morretes","UNIT","apartamento","580000","75",,"2","1","1000","350","7733.33333333333"
"2755582277","Meia Praia","UNIT","apartamento","2199000","127",,"4","2","0","0","17314.9606299213"
"2766853629","Meia Praia","UNIT","apartamento","2219000","181",,"5","3","0","0","12259.6685082873"
"2766853013","Meia Praia","UNIT","apartamento","1499800","127",,"2","2","0","0","11809.4488188976"
"2699371299","Andorinha","UNIT","apartamento","1180000","120",,"2","1",,"850","9833.33333333333"
"2766852729","Meia Praia","UNIT","apartamento","1489800","120",,"4","2","0","0","12415"
"2554094314","Meia Praia","UNIT","apartamento","7210000","180",,"5","3","0",,"40055.5555555556"
"2721774724","Morretes","UNIT","casa","1500000","80",,"2","2","0",,"18750"
"2739751952","Meia Praia","UNIT","apartamento","1680000","140",,"3","2",,,"12000"
"2738090852","Meia Praia","UNIT","apartamento","7888000","166",,"5","3","0",,"47518.0722891566"
"2634150727","<vazio>","UNIT","apartamento","1500000","85",,"2","1","550","510","17647.0588235294"
"2763321442","Meia Praia","UNIT","apartamento","1736133","138",,"2","2","0","0","12580.6739130435"
"2749124902","Meia Praia","UNIT","apartamento","2300000","137",,"3","2",,,"16788.3211678832"
"2690467864","Centro","UNIT","apartamento","1450000","100",,"2","2","0","0","14500"
"2747202039","Meia Praia","UNIT","apartamento","2399000","146",,"4","3","0","0","16431.5068493151"
"2639004386","Meia Praia","UNIT","apartamento","4500000","197",,"4","4",,,"22842.6395939086"
"2621682806","Morretes","UNIT","apartamento","690000","70",,"2","1",,"3","9857.14285714286"
"2626149649","Jardim Praia Mar","UNIT","apartamento","680000","33",,"2","1",,,"20606.0606060606"
"2764634756","Meia Praia","UNIT","apartamento","1590000","135",,"4","2","1800","812","11777.7777777778"
"2751410625","Meia Praia","UNIT","apartamento","3490800","206",,"4","3","0","550","16945.6310679612"
"2669679707","Morretes","UNIT","apartamento","560000","59",,"1","0","0","0","9491.52542372881"
"2694436080","Morretes","UNIT","casa","849000","100",,"3","2","500","0","8490"
"2754748206","Andorinha","UNIT","apartamento","1938348","135",,"4","2",,"0","14358.1333333333"
"2748438396","Meia Praia","UNIT","apartamento","3697000","186",,"5","2",,"0","19876.3440860215"
"2744005551","Castelo Branco","UNIT","apartamento","2050000","150",,"4","2","0","0","13666.6666666667"
"2737626748","Andorinha","UNIT","apartamento","1300000","135",,"3","2","1200","530","9629.62962962963"
"2761964337","Meia Praia","UNIT","apartamento","1650000","116",,"3","2",,"601","14224.1379310345"
"2702024438","Centro","UNIT","apartamento","5800000","145",,"4","3","1500","1700","40000"
"2711800998","Castelo Branco","UNIT","apartamento","2330000","129",,"4","3","0","0","18062.015503876"
"2728884794","Casa Branca","UNIT","terreno","2800000","2278",,"0","0",,,"1229.14837576822"
"2592158701","Centro","UNIT","apartamento","2318000","175",,"4","3","6000","1200","13245.7142857143"
"2733087417","Centro","UNIT","apartamento","5699000","180",,"4","3","2500","1200","31661.1111111111"
"2647976378","Meia Praia","UNIT","apartamento","9500000","334",,"5","3","0","0","28443.1137724551"
"2625850858","Meia Praia","UNIT","comercial","2700000","59",,"1","1",,,"45762.7118644068"
"2766851817","Morretes","UNIT","apartamento","759800","70",,"3","2","0","0","10854.2857142857"
"2761794453","Alto S?o Bento","UNIT","apartamento","669000","69",,"2","1","0","0","9695.65217391304"
"2754746555","Meia Praia","UNIT","apartamento","3148000","205",,"4","2",,,"15356.0975609756"
"2675942997","Morretes","UNIT","casa","869000","123",,"3","2","500","0","7065.0406504065"
"2733745454","Meia Praia","UNIT","apartamento","2870000","192",,"5","4","1200","600","14947.9166666667"
"2662641574","Andorinha","UNIT","comercial","1345000","120",,"4","2","0","0","11208.3333333333"
"2759963287","Meia Praia","UNIT","apartamento","1050000","40",,"1","1",,"0","26250"
"2675654603","Andorinha","UNIT","apartamento","1700000","114",,"4","2","0",,"14912.2807017544"
"2555701231","Meia Praia","UNIT","apartamento","1330000","90",,"2","2","0",,"14777.7777777778"
"2617014920","Centro","UNIT","apartamento","1570000","140",,"2","1",,,"11214.2857142857"
"2630641630","Meia Praia","UNIT","apartamento","3700000","200",,"4","3",,,"18500"
"2720923542","Meia Praia","UNIT","apartamento","1950000","170",,"3","2",,,"11470.5882352941"
"2606897521","Meia Praia","UNIT","apartamento","3590000","200",,"4","3",,,"17950"
"2739734490","Centro","UNIT","apartamento","1500000","105",,"2","2",,"650","14285.7142857143"
"2523441036","Andorinha","UNIT","apartamento","1376903","93",,"4","2","0",,"14805.4086021505"
"2560058583","Morretes","UNIT","apartamento","891491","58",,"3","1",,,"15370.5344827586"
"2692570680","Morretes","UNIT","apartamento","530000","60",,"1","1",,"350","8833.33333333333"
"2722265539","Andorinha","UNIT","apartamento","2200000","131",,"1","3",,"850","16793.893129771"
"2669813595","Canto da Praia","UNIT","apartamento","1452000","88",,"3","2","1","1","16500"
"2700643582","Meia Praia","UNIT","apartamento","1350000","130",,"3","2",,,"10384.6153846154"
"2719782453","Canto da Praia","UNIT","apartamento","2349900","233",,"1","2","0",,"10085.4077253219"
"2748780769","Castelo Branco","UNIT","apartamento","1890000","132",,"3","2",,,"14318.1818181818"
"2761509623","Meia Praia","UNIT","apartamento","880000","80",,"3","1",,"388","11000"
"2752615520","Meia Praia","UNIT","apartamento","3857000","259",,"4","3",,,"14891.8918918919"
"2764895316","Centro","UNIT","apartamento","2823000","125",,"4","2","0","0","22584"
"2765018998","Centro","UNIT","apartamento","2598800","164",,"5","3","1","1","15846.3414634146"
"2560056343","Centro","UNIT","apartamento","2060000","118",,"4","3",,,"17457.6271186441"
"2656027791","Meia Praia","UNIT","apartamento","650000","65",,"1","1",,"400","10000"
"2719412585","Andorinha","UNIT","apartamento","2300000","165",,"1","3",,"550","13939.3939393939"
"2677530397","Meia Praia","UNIT","apartamento","1395000","108",,"2","2",,"3","12916.6666666667"
"2761577046","Meia Praia","UNIT","apartamento","2200000","130",,"4","2",,,"16923.0769230769"
"2668438393","Meia Praia","UNIT","apartamento","1700000","147",,"3","2","0",,"11564.6258503401"
"2598311479","Morretes","UNIT","apartamento","650000","70",,"2","1",,,"9285.71428571429"
"2596145692","Centro","UNIT","apartamento","6888000","185",,"4","3",,,"37232.4324324324"
"2596146064","Meia Praia","UNIT","apartamento","4800000","274",,"4","2",,,"17518.2481751825"
"2547187847","Meia Praia","UNIT","apartamento","3590000","182",,"5","4","0",,"19725.2747252747"
"2553545035","Morretes","UNIT","apartamento","828000","69",,"2","1","0",,"12000"
"2648768279","Meia Praia","UNIT","apartamento","3090000","126",,"4","3","0",,"24523.8095238095"
"2768350326","Varzea","UNIT","terreno","3300000","2100",,"0","0","1000","0","1571.42857142857"
"2750981841","Meia Praia","UNIT","apartamento","6830000","157",,"4","2",,,"43503.1847133758"
"2712552501","Canto da Praia","UNIT","casa","2970000","200",,"5","2","1900","750","14850"
"2681797698","Morretes","UNIT","apartamento","840000","70",,"3","1","500","400","12000"
"2736413115","Morretes","UNIT","apartamento","857000","67",,"3","1","1","200","12791.0447761194"
"2516156900","Morretes","UNIT","apartamento","750000","70",,"2","1","0",,"10714.2857142857"
"2661096291","Meia Praia","UNIT","apartamento","1899987","163",,"4","2","0","0","11656.3619631902"
"2763649140","Meia Praia","UNIT","apartamento","3700000","182",,"5","3","48000","650","20329.6703296703"
"2763752830","Meia Praia","UNIT","apartamento","4798000","207",,"5","3","1","1200","23178.7439613527"
"2667599093","Centro","UNIT","apartamento","1590000","100",,"2","2","1","490","15900"
"2766830560","Meia Praia","UNIT","apartamento","1000000","109",,"2","1","1","560","9174.3119266055"
"2560059111","Morretes","UNIT","apartamento","927000","67",,"3","1",,,"13835.8208955224"
"2686121302","Morretes","UNIT","apartamento","887609","67",,"2","1",,,"13247.8955223881"
"2686121010","Morretes","UNIT","apartamento","908000","69",,"2","1",,,"13159.4202898551"
"2722637235","Andorinha","UNIT","casa","2500000","100",,"4","5",,,"25000"
"2544606460","Andorinha","UNIT","apartamento","2841967","177",,"5","3","0",,"16056.3107344633"
"2764633942","Varzea","UNIT","apartamento","780069","70",,"3","1","0","0","11143.8428571429"
"2720007274","Meia Praia","UNIT","apartamento","2490000","151",,"4","2","280","480","16490.0662251656"
"2759539548","Meia Praia","UNIT","apartamento","1000000","94",,"3","2","1400","700","10638.2978723404"
"2763583877","Andorinha","UNIT","apartamento","4199900","196",,"5","3","3500","1300","21428.0612244898"
"2754996110","Centro","UNIT","apartamento","2698800","206",,"5","3","0",,"13100.9708737864"
"2712552798","Sert?o do Trombudo","UNIT","apartamento","3000000","129",,"1","3",,"1284","23255.8139534884"
"2742888187","Meia Praia","UNIT","apartamento","9497118","200",,"5","3","0","0","47485.59"
"2659185585","Centro","UNIT","apartamento","2050000","139",,"3","2",,,"14748.2014388489"
"2761576931","Castelo Branco","UNIT","apartamento","2690000","132",,"4","2",,,"20378.7878787879"
"2761579220","Castelo Branco","UNIT","apartamento","2350000","132",,"4","2",,,"17803.0303030303"
"2566178860","Meia Praia","UNIT","apartamento","1554000","133",,"4","2",,,"11684.2105263158"
"2764631579","Centro","UNIT","apartamento","1470000","875",,"3","2","0","0","1680"
"2727593770","Castelo Branco","UNIT","apartamento","1350000","95",,"4","2",,"391","14210.5263157895"
"2716243716","Casa Branca","UNIT","terreno","810000","300",,"0","0","128","385","2700"
"2731890618","Morretes","UNIT","apartamento","557607","46",,"1","1",,,"12121.8913043478"
"2700826211","Morretes","UNIT","apartamento","698970","68",,"3","1","1100","450","10278.9705882353"
"2744475703","Meia Praia","UNIT","apartamento","3200000","158",,"1","4","3800","890","20253.164556962"
"2604560375","Centro","UNIT","apartamento","4050000","208",,"4","3",,,"19471.1538461538"
"2766855615","Meia Praia","UNIT","apartamento","1908800","133",,"4","3","0","520","14351.8796992481"
"2761379137","Tabuleiro dos Oliveiras","UNIT","apartamento","750000","69",,"2","1",,,"10869.5652173913"
"2672319141","Meia Praia","UNIT","apartamento","8792058","417",,"6","4",,,"21084.071942446"
"2763102724","Meia Praia","UNIT","apartamento","2396000","151",,"4","2","0","0","15867.5496688742"
"2749228412","Meia Praia","UNIT","apartamento","2199000","140",,"3","2",,,"15707.1428571429"
"2583631217","Meia Praia","UNIT","apartamento","1430000","114",,"4","2","0","0","12543.8596491228"
"2757340728","Morretes","UNIT","apartamento","730000","70",,"2","1",,,"10428.5714285714"
"2768649425","Canto da Praia","UNIT","apartamento","1450000","116",,"4","2","0","0","12500"
"2747201659","Meia Praia","UNIT","apartamento","2300000","142",,"4","3","0","0","16197.1830985915"
"2747202730","Andorinha","UNIT","apartamento","1650000","113",,"4","2","0","0","14601.7699115044"
"2560637031","Morretes","UNIT","casa","720000","100",,"3","2","1000","0","7200"
"2560637512","Morretes","UNIT","casa","750000","100",,"3","2","1000",,"7500"
"2723210026","Meia Praia","UNIT","apartamento","2950000","206",,"4","3",,,"14320.3883495146"
"2749230116","Centro","UNIT","apartamento","2598800","164",,"5","3",,,"15846.3414634146"
"2645831675","Meia Praia","UNIT","apartamento","1500000","247",,"4","2","2000","500","6072.87449392713"
"2759669769","Meia Praia","UNIT","apartamento","1000000","94",,"3","2","1400","700","10638.2978723404"
"2761617930","Meia Praia","UNIT","apartamento","4500000","179",,"5","4","22","2","25139.6648044693"
"2659425249","Meia Praia","UNIT","apartamento","4771978","213",,"5","3","0","0","22403.6525821596"
"2592158700","Centro","UNIT","apartamento","1833000","143",,"3","2","6000","1200","12818.1818181818"
"2744794002","Meia Praia","UNIT","apartamento","2860000","185",,"3","3","2500","751","15459.4594594595"
"2765062090","Meia Praia","UNIT","apartamento","1500000","143",,"1","2","100","650","10489.5104895105"
"2766852315","Tabuleiro dos Oliveiras","UNIT","apartamento","889000","70",,"3","1","0","0","12700"
"2713965620","Morretes","UNIT","apartamento","780000","70",,"3","1","1000","700","11142.8571428571"
"2761579916","Andorinha","UNIT","apartamento","1900000","120",,"4","2",,,"15833.3333333333"
"2761880119","Meia Praia","UNIT","apartamento","3500000","280",,"4","3",,,"12500"
"2761579421","Meia Praia","UNIT","apartamento","2767015","175",,"5","3",,,"15811.5142857143"
"2740244129","Meia Praia","UNIT","apartamento","3000000","185",,"5","4",,"677","16216.2162162162"
"2670817642","Centro","UNIT","apartamento","2598800","185",,"5","3","0","0","14047.5675675676"
"2539733287","Meia Praia","UNIT","apartamento","2400000","135",,"4","2","0",,"17777.7777777778"
"2719904446","Morretes","UNIT","apartamento","626000","71",,"2","1","951","0","8816.9014084507"
"2718682547","Canto da Praia","UNIT","apartamento","1800000","116",,"4","3","0","0","15517.2413793103"
"2761656116","Meia Praia","UNIT","apartamento","1684000","105",,"3","2","4500","1100","16038.0952380952"
"2752682799","Andorinha","UNIT","apartamento","3000000","253",,"6","3",,"525000","11857.7075098814"
"2736232405","Morretes","UNIT","apartamento","850000","67",,"2","1","1","1","12686.5671641791"
"2669592667","Castelo Branco","UNIT","apartamento","1699000","121",,"5","3","800","500","14041.3223140496"
"2482909219","Meia Praia","UNIT","apartamento","3250000","193",,"4","3","3000","850","16839.378238342"
"2760298324","Meia Praia","UNIT","apartamento","1370000","115",,"3","2",,,"11913.0434782609"
"2527021688","Morretes","UNIT","apartamento","759000","67",,"2","1","0","0","11328.3582089552"
"2756708822","Meia Praia","UNIT","apartamento","4700000","197",,"5","4","4500","2500","23857.8680203046"
"2716790595","Centro","UNIT","apartamento","3582000","216",,"5","3",,,"16583.3333333333"
"2764630845","Centro","UNIT","apartamento","1751500","135",,"4","3","0","0","12974.0740740741"
"2594625961","Centro","UNIT","apartamento","4100000","127",,"3","2",,,"32283.4645669291"
"2647356156","Meia Praia","UNIT","apartamento","8000000","180",,"4","3",,,"44444.4444444444"
"2686054833","Meia Praia","UNIT","apartamento","3990628","202",,"4","3",,"3","19755.5841584158"
"2751848813","Meia Praia","UNIT","apartamento","1684000","105",,"3","2",,,"16038.0952380952"
"2731619528","Alto S?o Bento","UNIT","apartamento","767888","63",,"2","1",,,"12188.6984126984"
"2747203399","Meia Praia","UNIT","apartamento","4350000","150",,"5","3","0","0","29000"
"2739740517","Meia Praia","UNIT","apartamento","1900000","193",,"5","2","1350","765","9844.55958549223"
"2729444031","Morretes","UNIT","apartamento","630000","68",,"2","1","0","0","9264.70588235294"
"2734002432","Meia Praia","UNIT","apartamento","4244899","183",,"5","3","0","0","23196.1693989071"
"2766853018","Andorinha","UNIT","apartamento","1000000","92",,"3","2","0","0","10869.5652173913"
"2732137121","Meia Praia","UNIT","apartamento","1878000","151",,"1","3","0","0","12437.0860927152"
"2673149491","Morretes","UNIT","apartamento","829922","70",,"1","1","1","1","11856.0285714286"
"2763106024","Meia Praia","UNIT","apartamento","3610000","182",,"5","4","0","0","19835.1648351648"
"2763105244","Meia Praia","UNIT","apartamento","2420000","163",,"5","3","3020","625","14846.6257668712"
"2766854213","Morretes","UNIT","apartamento","717800","70",,"3","1","0","0","10254.2857142857"
"2764631740","Andorinha","UNIT","apartamento","1690000","112",,"4","1","0","0","15089.2857142857"
"2633099796","Morretes","UNIT","apartamento","790000","70",,"3","1","0",,"11285.7142857143"
"2724028651","Meia Praia","UNIT","apartamento","1014000","50",,"1","1","0","0","20280"
"2752418604","Meia Praia","UNIT","apartamento","6830000","157",,"5","2",,,"43503.1847133758"
"2763098853","Centro","UNIT","apartamento","2398800","180",,"5","3","0","0","13326.6666666667"
"2763090919","Morretes","UNIT","apartamento","750000","42",,"1","1",,,"17857.1428571429"
"2746630701","Meia Praia","UNIT","apartamento","2800000","142",,"3","2","0","600","19718.3098591549"
"2747200636","Castelo Branco","UNIT","apartamento","1799000","115",,"3","2","0","0","15643.4782608696"
"2765019537","Centro","UNIT","apartamento","3807202","150",,"4","3","0","0","25381.3466666667"
"2625843228","Tabuleiro dos Oliveiras","UNIT","apartamento","889000","70",,"3","1",,,"12700"
"2645728037","Jardim Praia Mar","UNIT","apartamento","657160","70",,"2","1",,"3","9388"
"2644564508","Andorinha","UNIT","apartamento","1600000","119",,"4","2",,"400","13445.3781512605"
"2636233482","Meia Praia","UNIT","apartamento","1728382","151",,"3","2",,"3","11446.238410596"
"2725885836","Andorinha","UNIT","apartamento","1000000","94",,"3","3","950","600","10638.2978723404"
"2724260256","Centro","UNIT","apartamento","1282000","88",,"3","2","0","0","14568.1818181818"
"2496627921","Centro","UNIT","apartamento","12450000","200",,"4","3","10000","1400","62250"
"2482910903","Centro","UNIT","apartamento","1814000","120",,"4","2","0","0","15116.6666666667"
"2766852620","Meia Praia","UNIT","apartamento","1599800","149",,"5","3","0","0","10736.9127516779"
"2766854130","Meia Praia","UNIT","apartamento","2749000","240",,"5","3","5000","950","11454.1666666667"
"2702955876","Morretes","UNIT","casa","2500000","250",,"2","4","1500",,"10000"
"2609062415","Meia Praia","UNIT","apartamento","2250000","189",,"5","4","3411","550","11904.7619047619"
"2612876189","Centro","UNIT","apartamento","3200000","127",,"4","2","0","0","25196.8503937008"
"2763572731","Morretes","UNIT","apartamento","839248","64",,"3","1",,,"13113.25"
"2764633143","Meia Praia","UNIT","apartamento","3500000","2504",,"5","3","5134","711","1397.76357827476"
"2764630956","Centro","UNIT","apartamento","4450000","165",,"4","3","3000","800","26969.696969697"
"2758880415","Meia Praia","UNIT","apartamento","1290000","101",,"3","2","1500","800","12772.2772277228"
"2765063650","Meia Praia","UNIT","comercial","3868000","190",,"1","1","100","0","20357.8947368421"
"2760452030","Meia Praia","UNIT","apartamento","4650000","207",,"5","3",,"0","22463.768115942"
"2533116051","Morretes","UNIT","apartamento","600000","55",,"1","1","0",,"10909.0909090909"
"2560637409","Morretes","UNIT","apartamento","880000","70",,"3","1","1000","500","12571.4285714286"
"2695072944","Meia Praia","UNIT","apartamento","1500000","116",,"3","3",,"0","12931.0344827586"
"2648118865","Andorinha","UNIT","apartamento","1650000","116",,"4","2","0","0","14224.1379310345"
"2757813792","<vazio>","UNIT","apartamento","770000","66",,"3","1","0","0","11666.6666666667"
"2740358908","Morretes","UNIT","apartamento","550000","68",,"3","1","600","415","8088.23529411765"
"2635064577","Meia Praia","UNIT","apartamento","6158564","240",,"5","4","0",,"25660.6833333333"
"2761992580","Morretes","UNIT","apartamento","6240637","183",,"5","3",,"2000","34101.8415300546"
"2764979722","Meia Praia","UNIT","apartamento","1200000","101",,"2","2","1200","550","11881.1881188119"
"2761509819","Andorinha","UNIT","apartamento","1680000","141",,"4","2","15120","650","11914.8936170213"
"2707266197","Andorinha","UNIT","apartamento","1526000","120",,"4","2","950","500","12716.6666666667"
"2760541222","Centro","UNIT","apartamento","1275000","53",,"1","1","0","0","24056.6037735849"
"2741551891","Meia Praia","UNIT","apartamento","2190000","192",,"5","4","0","1000","11406.25"
"2562460001","Meia Praia","UNIT","apartamento","4500000","297",,"4","4",,,"15151.5151515152"
"2614629741","Meia Praia","UNIT","apartamento","2280000","178",,"3","2",,,"12808.9887640449"
"2766853228","Morretes","UNIT","apartamento","632800","70",,"3","1","0","0","9040"
"2609061691","Meia Praia","UNIT","apartamento","1980000","170",,"4","2","2350","970","11647.0588235294"
"2688748717","Morretes","UNIT","casa","849000","100",,"3","2","500","0","8490"
"2519108937","Castelo Branco","UNIT","apartamento","1550000","108",,"3","2",,,"14351.8518518519"
"2762332313","Tabuleiro dos Oliveiras","UNIT","apartamento","717761","63",,"3","1",,,"11393.0317460317"
"2747200829","Meia Praia","UNIT","apartamento","3500000","280",,"4","3","0","0","12500"
"2692743161","Andorinha","UNIT","apartamento","1852664","151",,"4","2","0","0","12269.298013245"
"2543313509","Jardim Praia Mar","UNIT","apartamento","829000","60",,"2","1",,"0","13816.6666666667"
"2553305082","Meia Praia","UNIT","apartamento","2690000","213",,"4","2","0",,"12629.1079812207"
"2542340686","Centro","UNIT","apartamento","2317950","138",,"5","3","0",,"16796.7391304348"
"2716510627","Morretes","UNIT","casa","750000","85",,"3","2","500","0","8823.52941176471"
"2754181606","Meia Praia","UNIT","apartamento","2448800","174",,"4","2",,,"14073.5632183908"
"2764220419","Meia Praia","UNIT","apartamento","1200000","85",,"1","2",,,"14117.6470588235"
"2699373575","Meia Praia","UNIT","apartamento","2600000","156",,"5","3",,"0","16666.6666666667"
"2763648542","Tabuleiro dos Oliveiras","UNIT","apartamento","650000","63",,"2","1",,"3","10317.4603174603"
"2729377437","Meia Praia","UNIT","apartamento","3973451","129",,"3","4","0","0","30801.9457364341"
"2644959733","Morretes","UNIT","terreno","650000","283",,"0","0","300","0","2296.81978798587"
"2555340024","Meia Praia","UNIT","apartamento","2850000","155",,"4","2","0","0","18387.0967741935"
"2718237489","Jardim Praia Mar","UNIT","apartamento","749000","64",,"2","1","150","499","11703.125"
"2736442104","Meia Praia","UNIT","apartamento","1249000","196",,"2","1","150","499","6372.44897959184"
"2695703613","Meia Praia","UNIT","apartamento","3088097","190",,"5","3",,,"16253.1421052632"
"2593109158","Andorinha","UNIT","apartamento","2798000","185",,"5","3","0",,"15124.3243243243"
"2608048139","Meia Praia","UNIT","apartamento","1690000","130",,"3","2",,,"13000"
"2626577116","Meia Praia","UNIT","apartamento","3200000","230",,"4","3","0","0","13913.0434782609"
"2740283759","<vazio>","UNIT","apartamento","627000","67",,"1","1","590","350","9358.20895522388"
"2611902063","Centro","UNIT","apartamento","9000000","352",,"4","2",,,"25568.1818181818"
"2734697721","Morretes","UNIT","apartamento","600000","70",,"2","2",,,"8571.42857142857"
"2766833715","Sert?o do Trombudo","UNIT","outros","1500000","120",,"1","3","250",,"12500"
"2740354031","Morretes","UNIT","apartamento","750000","70",,"3","1","850","400","10714.2857142857"
"2758628225","Tabuleiro dos Oliveiras","UNIT","apartamento","660000","61",,"1","1","0","0","10819.6721311475"
"2617335315","Centro","UNIT","apartamento","2448800","164",,"1","3","0","0","14931.7073170732"
"2758290364","Ilhota","UNIT","apartamento","2025000","129",,"4","2","0",,"15697.6744186047"
"2737236313","Morretes","UNIT","apartamento","750000","68",,"2","1",,,"11029.4117647059"
"2756014644","Centro","UNIT","apartamento","1980000","100",,"3","1","150","499","19800"
"2560058804","Meia Praia","UNIT","apartamento","3450000","205",,"5","2",,,"16829.2682926829"
"2744592797","Castelo Branco","UNIT","apartamento","1550000","126",,"4","2","0","0","12301.5873015873"
"2766852716","Canto da Praia","UNIT","apartamento","1979000","119",,"4","3","0","0","16630.2521008403"
"2766851827","Andorinha","UNIT","apartamento","1791800","115",,"4","2","0","0","15580.8695652174"
"2763109316","Meia Praia","UNIT","apartamento","5950000","190",,"5","3","5844","2039","31315.7894736842"
"2673147348","Morretes","UNIT","apartamento","700000","70",,"1","1","50","310","10000"
"2719904358","Morretes","UNIT","apartamento","612000","71",,"2","1","951","0","8619.71830985915"
"2749772401","Morretes","UNIT","apartamento","450000","58",,"1","1",,"270","7758.62068965517"
"2712960524","Centro","UNIT","apartamento","4950000","142",,"4","3","0","0","34859.1549295775"
"2739550783","Castelo Branco","UNIT","apartamento","1000000","117",,"2","1",,,"8547.00854700855"
"2716787232","Meia Praia","UNIT","apartamento","2167000","185",,"5","2",,,"11713.5135135135"
"2697681575","Centro","UNIT","apartamento","4000000","127",,"1","3","2000","1400","31496.062992126"
"2754169202","Morretes","UNIT","apartamento","669950","81",,"1","1","0","0","8270.98765432099"
"2763479314","Morretes","UNIT","apartamento","599000","70",,"1","1","0","0","8557.14285714286"
"2718547273","Centro","UNIT","apartamento","889000","80",,"2","1",,,"11112.5"
"2760158223","Centro","UNIT","apartamento","830000","62",,"2","1","0","700","13387.0967741935"
"2721387556","Meia Praia","UNIT","apartamento","8085000","359",,"6","2","1800","700","22520.8913649025"
"2765385366","Morretes","UNIT","apartamento","1100000","105",,"3","2","1100","590","10476.1904761905"
"2560637130","Morretes","UNIT","casa","760000","109",,"3","2","0","0","6972.47706422018"
"2560637444","Morretes","UNIT","casa","750000","114",,"3","2","1000","0","6578.94736842105"
"2709768377","Meia Praia","UNIT","apartamento","1090000","116",,"2","1",,,"9396.55172413793"
"2718948046","Morretes","UNIT","casa","689900","80",,"3","1","500","0","8623.75"
"2764633029","Meia Praia","UNIT","apartamento","4600000","207",,"5","3","0","0","22222.2222222222"
"2684669301","Castelo Branco","UNIT","apartamento","2491000","150",,"3","2","0",,"16606.6666666667"
"2747921194","Centro","UNIT","apartamento","5000000","197",,"5","4","0",,"25380.7106598985"
"2761577044","Andorinha","UNIT","apartamento","2100000","126",,"4","3",,,"16666.6666666667"
"2713570740","Meia Praia","UNIT","apartamento","2150000","164",,"1","3","0","0","13109.756097561"
"2686945428","Canto da Praia","UNIT","apartamento","12998800","457",,"5","4","0",,"28443.7636761488"
"2671627198","Meia Praia","UNIT","apartamento","4000000","270",,"6","3",,,"14814.8148148148"
"2583969065","Centro","UNIT","apartamento","1709959","118",,"3","2",,,"14491.1779661017"
"2687442045","Meia Praia","UNIT","apartamento","1978957","142",,"4","2",,,"13936.3169014085"
"2754746750","Castelo Branco","UNIT","apartamento","1930000","125",,"4","2",,"0","15440"
"2560060261","Centro","UNIT","apartamento","3553000","206",,"5","3",,,"17247.572815534"
"2687442048","Meia Praia","UNIT","apartamento","2386744","160",,"5","3",,,"14917.15"
"2746689799","Meia Praia","UNIT","apartamento","2295089","150",,"1","2",,"0","15300.5933333333"
"2765546555","Meia Praia","UNIT","apartamento","3750000","150",,"4","2","0","0","25000"
"2675655298","Meia Praia","UNIT","apartamento","2200000","150",,"4","2","0",,"14666.6666666667"
"2766854822","Canto da Praia","UNIT","apartamento","7249800","168",,"5","3","0","0","43153.5714285714"
"2716245317","Casa Branca","UNIT","terreno","810000","331",,"0","0","128","385","2447.12990936556"
"2743254656","Meia Praia","UNIT","apartamento","1220000","102",,"2","2","0","0","11960.7843137255"
"2761658231","Meia Praia","UNIT","apartamento","1920000","149",,"5","4",,,"12885.9060402685"
"2752049394","Andorinha","UNIT","apartamento","2420000","163",,"4","3",,,"14846.6257668712"
"2764724639","Meia Praia","UNIT","apartamento","2479175","129",,"4","3",,,"19218.4108527132"
"2717148754","Centro","UNIT","apartamento","1400000","101",,"1","2",,,"13861.3861386139"
"2759051631","Andorinha","UNIT","apartamento","1495000","144",,"2","2",,,"10381.9444444444"
"2741720429","Jardim Praia Mar","UNIT","apartamento","550000","60",,"2","1","56","248","9166.66666666667"
"2560637509","Morretes","UNIT","casa","550000","74",,"3","2","600","0","7432.43243243243"
"2736814324","Morretes","UNIT","apartamento","658000","70",,"2","1","0","0","9400"
"2758866719","Morretes","UNIT","apartamento","640000","66",,"2","1",,,"9696.9696969697"
"2637496199","Andorinha","UNIT","apartamento","1550000","105",,"3","2",,"3","14761.9047619048"
"2658615859","Meia Praia","UNIT","apartamento","850000","60",,"2","1",,,"14166.6666666667"
"2569301261","Meia Praia","UNIT","apartamento","1467866","138",,"4","3",,,"10636.7101449275"
"2723970335","Morretes","UNIT","apartamento","780001","57",,"2","1","500","350","13684.2280701754"
"2758129132","Centro","UNIT","apartamento","1180000","97",,"5","3","11","15","12164.9484536082"
"2618437835","Meia Praia","UNIT","apartamento","2300000","190",,"3","4",,,"12105.2631578947"
"2764631335","Centro","UNIT","apartamento","6193950","180",,"5","3","0","0","34410.8333333333"
"2747828731","Meia Praia","UNIT","apartamento","1850000","122",,"4","2",,"0","15163.9344262295"
"2738790327","Morretes","UNIT","apartamento","1231800","94",,"1","2","0","0","13104.2553191489"
"2764894826","Centro","UNIT","apartamento","8500000","229",,"5","3","0","0","37117.903930131"
"2761576354","Morretes","UNIT","apartamento","6900000","215",,"4","3",,,"32093.023255814"
"2696749982","Meia Praia","UNIT","apartamento","4980000","268",,"5","2","2300","1200","18582.0895522388"
"2541690372","Castelo Branco","UNIT","apartamento","2050000","122",,"4","2","0","0","16803.2786885246"
"2761509821","Meia Praia","UNIT","apartamento","1575000","160",,"6","2","22800","350","9843.75"
"2766852440","Centro","UNIT","apartamento","5499800","210",,"5","4","0","1205","26189.5238095238"
"2760453421","Meia Praia","UNIT","apartamento","1670000","190",,"3","2","1103","693","8789.47368421053"
"2646971500","Canto da Praia","UNIT","apartamento","1600000","100",,"1","2",,,"16000"
"2594626254","Canto da Praia","UNIT","apartamento","2850000","141",,"3","2",,,"20212.7659574468"
"2600544258","Castelo Branco","UNIT","apartamento","1500000","92",,"3","2",,,"16304.347826087"
"2703318583","Meia Praia","UNIT","apartamento","3250000","157",,"3","3",,,"20700.6369426752"
"2607022573","Meia Praia","UNIT","apartamento","1410000","110",,"3","2",,,"12818.1818181818"
"2710851734","Morretes","UNIT","apartamento","664000","62",,"3","1","650","400","10709.6774193548"
"2761579913","Andorinha","UNIT","apartamento","4940000","268",,"5","2",,,"18432.8358208955"
"2711034670","Meia Praia","UNIT","apartamento","1600000","163",,"2","1","0","0","9815.9509202454"
"2579558913","Morretes","UNIT","apartamento","700000","69",,"2","0","0","0","10144.9275362319"
"2764949565","Meia Praia","UNIT","apartamento","1100000","101",,"2","1","1100","480","10891.0891089109"
"2764634113","Meia Praia","UNIT","apartamento","1575000","94",,"3","2","0","0","16755.3191489362"
"2596543985","Meia Praia","UNIT","apartamento","1882000","137",,"4","2","1600","800","13737.2262773723"
"2701236582","Morretes","UNIT","casa","590001","85",,"3","1","500","0","6941.18823529412"
"2755576429","Morretes","UNIT","casa","849000","93",,"3","1","0","0","9129.03225806452"
"2634280715","Meia Praia","UNIT","apartamento","2950000","187",,"5","3","0","800","15775.4010695187"
"2560059331","Meia Praia","UNIT","apartamento","5650060","182",,"5","3",,,"31044.2857142857"
"2511793572","Centro","UNIT","apartamento","1665000","102",,"3","2","0",,"16323.5294117647"
"2569457709","Meia Praia","UNIT","apartamento","1725000","137",,"4","2",,,"12591.2408759124"
"2764673736","Meia Praia","UNIT","apartamento","2259000","134",,"4","2","0","0","16858.2089552239"
"2754382199","Morretes","UNIT","apartamento","875000","70",,"2","1","0","0","12500"
"2764662221","Andorinha","UNIT","apartamento","1600000","160",,"3","2","0","700","10000"
"2569300961","Centro","UNIT","apartamento","3331169","127",,"4","2",,,"26229.6771653543"
"2754511309","Castelo Branco","UNIT","apartamento","1600000","105",,"4","2",,,"15238.0952380952"
"2559265713","Morretes","UNIT","apartamento","655621","64",,"3","1","0",,"10244.078125"
"2646969390","Meia Praia","UNIT","apartamento","1654000","105",,"3","2",,,"15752.380952381"
"2714723299","<vazio>","UNIT","apartamento","6600000","229",,"5","3","0","0","28820.96069869"
"2592798979","Meia Praia","UNIT","apartamento","1690000","145",,"5","3","2000","691","11655.1724137931"
"2615045362","Meia Praia","UNIT","apartamento","2990000","156",,"4","3",,,"19166.6666666667"
"2688741536","Morretes","UNIT","apartamento","580000","75",,"2","1","1000","350","7733.33333333333"
"2619964186","Morretes","UNIT","apartamento","885000","70",,"2","1","1100","325","12642.8571428571"
"2763088930","Centro","UNIT","apartamento","4500000","210",,"17","3",,,"21428.5714285714"
"2691354088","Castelo Branco","UNIT","apartamento","2300000","125",,"4","3","3730","750","18400"
"2763594617","Meia Praia","UNIT","apartamento","1200000","80",,"2","2","1200","400","15000"
"2751578722","Jardim Praia Mar","UNIT","apartamento","696277","64",,"2","1","850","350","10879.328125"
"2741138297","Castelo Branco","UNIT","apartamento","4500000","250",,"5","3","250","1300","18000"
"2764861332","Meia Praia","UNIT","apartamento","1500000","134",,"4","2","450","1600","11194.0298507463"
"2644771565","Andorinha","UNIT","apartamento","1900000","135",,"4","2",,"450","14074.0740740741"
"2765549826","Meia Praia","UNIT","apartamento","1891000","100",,"3","2","0","0","18910"
"2747202041","Meia Praia","UNIT","apartamento","9710000","180",,"5","4","0","0","53944.4444444444"
"2649273154","Meia Praia","UNIT","apartamento","1550000","107",,"4","2","0","0","14485.9813084112"
"2743411588","Meia Praia","UNIT","apartamento","7495000","305",,"6","3","0","1200","24573.7704918033"
"2757201320","Andorinha","UNIT","apartamento","1128585","90",,"1","2",,"0","12539.8333333333"
"2726858058","Meia Praia","UNIT","apartamento","997000","95",,"2","1",,"400000","10494.7368421053"
"2650230057","Meia Praia","UNIT","apartamento","2310000","120",,"4","2",,"650","19250"
"2731119017","Meia Praia","UNIT","apartamento","9577000","234",,"5","3",,,"40927.3504273504"
"2560637299","Morretes","UNIT","casa","580000","80",,"3","2","1000","0","7250"
"2725015692","Morretes","UNIT","apartamento","725373","63",,"2","1","0","0","11513.8571428571"
"2763409837","Varzea","UNIT","apartamento","640000","70",,"1","1",,,"9142.85714285714"
"2761579619","Andorinha","UNIT","apartamento","1700000","112",,"4","2",,,"15178.5714285714"
"2710303156","Centro","UNIT","apartamento","2990000","197",,"3","1",,,"15177.6649746193"
"2741325261","Meia Praia","UNIT","apartamento","1150000","81",,"1","2",,,"14197.5308641975"
"2764380142","Meia Praia","UNIT","apartamento","2479175","129",,"4","3",,,"19218.4108527132"
"2698139575","Centro","UNIT","apartamento","1900000","133",,"4","3",,,"14285.7142857143"
"2625848878","Meia Praia","UNIT","apartamento","1490000","120",,"1","2",,,"12416.6666666667"
"2754169468","Meia Praia","UNIT","apartamento","1400000","116",,"1","3","0","500","12068.9655172414"
"2766001526","Meia Praia","UNIT","apartamento","997000","96",,"1","1","0","400","10385.4166666667"
"2764632864","Centro","UNIT","apartamento","3900000","180",,"5","3","0","0","21666.6666666667"
"2754755798","Morretes","UNIT","apartamento","890000","70",,"2","1","900","400","12714.2857142857"
"2741796563","Sert?o do Trombudo","UNIT","apartamento","3675000","213",,"1","4",,,"17253.5211267606"
"2617331379","Centro","UNIT","apartamento","2698800","274",,"2","3","0","0","9849.63503649635"
"2755516519","Centro","UNIT","apartamento","1595000","119",,"3","1",,,"13403.3613445378"
"2751570243","Centro","UNIT","apartamento","2395000","141",,"3","2",,,"16985.8156028369"
"2590895470","Centro","UNIT","apartamento","5840000","197",,"5","3","0","0","29644.6700507614"
"2723960893","Andorinha","UNIT","apartamento","999000","93",,"3","2","150","500","10741.935483871"
"2740008318","Meia Praia","UNIT","apartamento","9998000","180",,"5","3",,"0","55544.4444444444"
"2765019231","Meia Praia","UNIT","apartamento","4000000","323",,"5","3",,,"12383.9009287926"
"2714290599","Andorinha","UNIT","apartamento","750000","70",,"1","1","1000","500","10714.2857142857"
"2766852614","Meia Praia","UNIT","apartamento","2499800","314",,"5","3","0","700","7961.14649681529"
"2766852329","Meia Praia","UNIT","apartamento","1700000","118",,"4","2","0","0","14406.7796610169"
"2560060358","Morretes","UNIT","apartamento","709000","57",,"2","1",,,"12438.5964912281"
"2740361621","Morretes","UNIT","apartamento","676000","66",,"3","1","950","300","10242.4242424242"
"2561153361","Meia Praia","UNIT","apartamento","1290000","77",,"3","2","0","0","16753.2467532468"
"2670593719","Morretes","UNIT","apartamento","960000","70",,"3","1","1","1","13714.2857142857"
"2601284466","Morretes","UNIT","casa","640000","95",,"3","2","1000","0","6736.84210526316"
"2699371531","Meia Praia","UNIT","apartamento","1650000","113",,"4","2",,"0","14601.7699115044"
"2672621516","Meia Praia","UNIT","apartamento","1311000","81",,"3","1","0",,"16185.1851851852"
"2676318620","Andorinha","UNIT","apartamento","2750000","180",,"3","2","0",,"15277.7777777778"
"2766852316","Castelo Branco","UNIT","apartamento","1899800","174",,"5","1","0","852","10918.3908045977"
"2692571261","Castelo Branco","UNIT","casa","1600000","150",,"1","2",,"0","10666.6666666667"
"2617273914","Meia Praia","UNIT","apartamento","1519000","123",,"4","2","0","0","12349.593495935"
"2541553440","Meia Praia","UNIT","apartamento","2990000","173",,"5","3","0",,"17283.2369942197"
"2567418401","Castelo Branco","UNIT","apartamento","2027000","142",,"4","2","0","0","14274.6478873239"
"2613247399","Meia Praia","UNIT","apartamento","2508000","150",,"3","2",,,"16720"
"2736399020","Meia Praia","UNIT","apartamento","1100000","40",,"1","1",,,"27500"
"2574132252","Centro","UNIT","apartamento","2600000","185",,"5","2",,"0","14054.0540540541"
"2716810506","Centro","UNIT","apartamento","1550585","145",,"4","3","0","0","10693.6896551724"
"2748820947","Canto da Praia","UNIT","apartamento","1609000","97",,"3","2","250","250","16587.6288659794"
"2696082434","Morretes","UNIT","apartamento","705000","62",,"2","1","1000","400","11370.9677419355"
"2759066240","Meia Praia","UNIT","apartamento","1290000","101",,"3","2","1500","800","12772.2772277228"
"2764952648","Morretes","UNIT","apartamento","950000","70",,"3","2","0","0","13571.4285714286"
"2533117738","Andorinha","UNIT","apartamento","2691000","169",,"5","4","0",,"15923.0769230769"
"2761329421","Meia Praia","UNIT","apartamento","750000","97",,"2","1","700","550","7731.9587628866"
"2754747735","Centro","UNIT","apartamento","3800000","131",,"4","2",,"0","29007.6335877863"
"2740901962","Morretes","UNIT","apartamento","735000","68",,"3","1","1000","350","10808.8235294118"
"2763755827","Castelo Branco","UNIT","apartamento","1650000","140",,"4","2","2500","850","11785.7142857143"
"2736748753","Andorinha","UNIT","apartamento","1490000","129",,"3","1","1700","470","11550.3875968992"
"2755058640","Andorinha","UNIT","apartamento","905000","81",,"3","2","150","499","11172.8395061728"
"2564885018","Meia Praia","UNIT","apartamento","9580000","234",,"5","3","0","0","40940.1709401709"
"2722242639","Meia Praia","UNIT","apartamento","1300000","191",,"1","1",,,"6806.28272251309"
"2763552415","Morretes","UNIT","apartamento","895000","67",,"3","1",,,"13358.2089552239"
"2511793751","Meia Praia","UNIT","apartamento","2950000","193",,"5","3","0",,"15284.9740932642"
"2693494920","Morretes","UNIT","apartamento","823980","64",,"1","1","10","0","12874.6875"
"2764635031","Tabuleiro dos Oliveiras","UNIT","apartamento","830000","665",,"2","1","0","0","1248.12030075188"
"2764633943","Castelo Branco","UNIT","apartamento","1650000","113",,"4","2","1500","550","14601.7699115044"
"2675977199","Meia Praia","UNIT","apartamento","3033999","182",,"5","3","0",,"16670.3241758242"
"2659556096","Meia Praia","UNIT","apartamento","2999900","150",,"4","3","0",,"19999.3333333333"
"2628917898","Meia Praia","UNIT","apartamento","3100000","157",,"3","2",,,"19745.2229299363"
"2615046903","Meia Praia","UNIT","apartamento","4100000","197",,"4","3",,,"20812.1827411168"
"2749226937","Castelo Branco","UNIT","apartamento","3959000","166",,"4","3",,,"23849.3975903614"
"2758636217","Meia Praia","UNIT","apartamento","1590000","114",,"4","2","1100","700","13947.3684210526"
"2639477605","Meia Praia","UNIT","apartamento","2200000","110",,"2","1","1500","500","20000"
"2740350886","Jardim Praia Mar","UNIT","apartamento","688032","70",,"3","1","0","0","9829.02857142857"
"2624151971","Meia Praia","UNIT","apartamento","1500000","157",,"5","2","0",,"9554.14012738853"
"2628487193","Meia Praia","UNIT","apartamento","1265000","102",,"3","2","0",,"12401.9607843137"
"2764894829","Meia Praia","UNIT","apartamento","4490000","200",,"5","3","0","0","22450"
"2764895319","Meia Praia","UNIT","apartamento","4490000","200",,"5","3","0","0","22450"
"2569299814","Meia Praia","UNIT","apartamento","1460000","145",,"4","3",,,"10068.9655172414"
"2600891781","Centro","UNIT","apartamento","2599999","185",,"5","2","1","1","14054.0486486486"
"2560637450","Morretes","UNIT","casa","710000","105",,"3","2","600","0","6761.90476190476"
"2722263935","Morretes","UNIT","apartamento","797000","56",,"1","1",,,"14232.1428571429"
"2675654616","Meia Praia","UNIT","apartamento","4500000","180",,"5","3","0",,"25000"
"2630737661","Meia Praia","UNIT","apartamento","1500000","116",,"4","2",,"530","12931.0344827586"
"2746547106","Morretes","UNIT","apartamento","790000","70",,"3","1","1400","550","11285.7142857143"
"2747203902","Meia Praia","UNIT","apartamento","8733544","417",,"6","4","0","0","20943.7505995204"
"2747200637","Meia Praia","UNIT","apartamento","850000","48",,"1","1","0","0","17708.3333333333"
"2766852218","Castelo Branco","UNIT","apartamento","1390000","133",,"4","2","0","0","10451.1278195489"
"2606897519","Tabuleiro dos Oliveiras","UNIT","apartamento","640000","70",,"2","1",,,"9142.85714285714"
"2618437836","Meia Praia","UNIT","apartamento","2700000","218",,"4","3",,,"12385.3211009174"
"2615432034","Meia Praia","UNIT","apartamento","4040000","190",,"4","3",,,"21263.1578947368"
"2757575113","Meia Praia","UNIT","apartamento","3998000","240",,"5","3","3500","900","16658.3333333333"
"2764634141","Centro","UNIT","apartamento","1571804","928",,"3","2","0","0","1693.75431034483"
"2739740615","Meia Praia","UNIT","apartamento","3479115","140",,"4","2",,"0","24850.8214285714"
"2646971761","Castelo Branco","UNIT","apartamento","2500000","173",,"3","2",,"800","14450.8670520231"
"2701981916","Morretes","UNIT","casa","2500000","250",,"2","4","1500","0","10000"
"2723960894","Morretes","UNIT","casa","750000","105",,"3","2","500","0","7142.85714285714"
"2731908462","Meia Praia","UNIT","apartamento","6500000","198",,"5","3","0","0","32828.2828282828"
"2560637572","Morretes","UNIT","apartamento","797000","70",,"2","1","500","300","11385.7142857143"
"2692636059","Meia Praia","UNIT","apartamento","3999000","176",,"4","4",,,"22721.5909090909"
"2603797512","Centro","UNIT","apartamento","1190000","87",,"2","2",,,"13678.1609195402"
"2637934291","Meia Praia","UNIT","apartamento","2170000","134",,"3","3",,,"16194.0298507463"
"2656735634","Alto S?o Bento","UNIT","comercial","651000","54",,"1","1",,"318","12055.5555555556"
"2511795779","Meia Praia","UNIT","apartamento","1813000","123",,"3","2","0",,"14739.837398374"
"2562193529","Meia Praia","UNIT","apartamento","1537000","165",,"3","2","0",,"9315.15151515152"
"2763514318","Meia Praia","UNIT","apartamento","3500000","150",,"3","2","0","0","23333.3333333333"
"2665408293","Meia Praia","UNIT","apartamento","1500000","271",,"4","2","0",,"5535.05535055351"
"2723370440","Andorinha","UNIT","apartamento","1490000","109",,"1","2",,,"13669.7247706422"
"2764779341","Tabuleiro dos Oliveiras","UNIT","apartamento","734595","63",,"3","1","0","0","11660.2380952381"
"2632807953","Meia Praia","UNIT","apartamento","8792058","420",,"6","4",,,"20933.4714285714"
"2761878725","Morretes","UNIT","apartamento","725000","64",,"2","1",,,"11328.125"
"2752619295","Meia Praia","UNIT","apartamento","1200000","104",,"2","1",,,"11538.4615384615"
"2754745091","Centro","UNIT","apartamento","2890000","104",,"4","2",,"0","27788.4615384615"
"2754745079","Meia Praia","UNIT","apartamento","2244740","150",,"4","3",,"0","14964.9333333333"
"2754745921","Centro","UNIT","apartamento","7888000","185",,"5","3",,"0","42637.8378378378"
"2764631847","Meia Praia","UNIT","apartamento","11990000","440",,"7","4","0","0","27250"
"2761878145","Centro","UNIT","apartamento","1890000","149",,"4","2",,,"12684.5637583893"
"2745481496","Meia Praia","UNIT","apartamento","1980000","149",,"4","3","150","1030","13288.5906040268"
"2695926775","Castelo Branco","UNIT","apartamento","1200000","97",,"2","2",,,"12371.1340206186"
"2741063829","Morretes","UNIT","apartamento","730000","61",,"2","1","1500","300","11967.2131147541"
"2764633025","Centro","UNIT","apartamento","1000000","4448",,"1","1","0","0","224.820143884892"
"2764633852","Meia Praia","UNIT","apartamento","3285000","157",,"5","3","0","0","20923.5668789809"
"2626576244","Meia Praia","UNIT","apartamento","4290000","197",,"5","4","1","1","21776.6497461929"
"2737846430","Morretes","UNIT","apartamento","599000","68",,"1","1","500","350","8808.82352941176"
"2694372857","Morretes","UNIT","apartamento","580000","74",,"2","1","1000","350","7837.83783783784"
"2728081942","Morretes","UNIT","casa","780000","105",,"3","2","500","0","7428.57142857143"
"2658144191","Meia Praia","UNIT","apartamento","2990800","173",,"5","3","0","0","17287.8612716763"
"2707873222","Andorinha","UNIT","apartamento","850000","88",,"2","1","513","538","9659.09090909091"
"2754745076","Andorinha","UNIT","apartamento","2158888","145",,"4","2",,"0","14888.8827586207"
"2575528284","Centro","UNIT","apartamento","3010000","225",,"5","3",,,"13377.7777777778"
"2747905709","Morretes","UNIT","apartamento","1100000","70",,"3","1","900","360","15714.2857142857"
"2763649139","Meia Praia","UNIT","apartamento","1500000","101",,"2","2","14400","750","14851.4851485149"
"2766853818","Andorinha","UNIT","apartamento","2848800","206",,"5","3","0","500","13829.1262135922"
"2766854516","Meia Praia","UNIT","apartamento","5694800","227",,"5","4","0","0","25087.2246696035"
"2766854730","Castelo Branco","UNIT","apartamento","2103351","168",,"5","3","0","0","12519.9464285714"
"2761914816","Andorinha","UNIT","apartamento","2150000","165",,"4","3",,,"13030.303030303"
"2692568194","Morretes","UNIT","casa","580000","74",,"2","1",,"0","7837.83783783784"
"2751411232","Andorinha","UNIT","apartamento","1500000","115",,"3","2","1150","650","13043.4782608696"
"2619793553","Meia Praia","UNIT","apartamento","1300000","126",,"2","2",,,"10317.4603174603"
"2593072134","Andorinha","UNIT","apartamento","1990000","164",,"4","3",,,"12134.1463414634"
"2624323956","Meia Praia","UNIT","apartamento","1790000","127",,"3","2",,,"14094.4881889764"
"2606211544","Meia Praia","UNIT","apartamento","1040000","90",,"2","2",,,"11555.5555555556"
"2763088542","Andorinha","UNIT","apartamento","1900000","112",,"3","2",,,"16964.2857142857"
"2767282813","Andorinha","UNIT","apartamento","849230","98",,"2","1","1","1","8665.61224489796"
"2621586131","Tabuleiro dos Oliveiras","UNIT","apartamento","1050000","69",,"2","2","1100","300","15217.3913043478"
"2684709296","Meia Praia","UNIT","apartamento","7100000","198",,"5","3",,"0","35858.5858585859"
"2758952931","Meia Praia","UNIT","apartamento","1290000","101",,"3","2","1500","800","12772.2772277228"
"2669387177","Canto da Praia","UNIT","apartamento","2434000","119",,"4","3","1","1","20453.781512605"
"2650255713","Ilhota","UNIT","apartamento","5045250","362",,"3","3",,"3","13937.1546961326"
"2634836198","Meia Praia","UNIT","apartamento","3480000","140",,"4","2","0",,"24857.1428571429"
"2585244612","Meia Praia","UNIT","apartamento","2463404","164",,"5","3","0",,"15020.756097561"
"2543094545","Meia Praia","UNIT","apartamento","5600000","190",,"4","3",,,"29473.6842105263"
"2766852819","Meia Praia","UNIT","apartamento","1599800","125",,"2","1","0","0","12798.4"
"2761880215","Meia Praia","UNIT","apartamento","2998000","128",,"3","2",,,"23421.875"
"2644176163","Meia Praia","UNIT","apartamento","1740000","112",,"4","2",,,"15535.7142857143"
"2745601428","Meia Praia","UNIT","apartamento","1195000","102",,"2","1","1500","550","11715.6862745098"
"2680731598","Andorinha","UNIT","apartamento","1150000","145",,"2","1","1200","600","7931.03448275862"
"2716377500","Meia Praia","UNIT","apartamento","1800000","165",,"4","3","0","500","10909.0909090909"
"2694650178","Centro","UNIT","apartamento","6500000","199",,"4","3",,,"32663.3165829146"
"2747203398","Meia Praia","UNIT","apartamento","6830000","158",,"5","2","0","0","43227.8481012658"
"2740140632","Canto da Praia","UNIT","apartamento","1205000","88",,"3","2","0","0","13693.1818181818"
"2719900141","Morretes","UNIT","apartamento","602202","71",,"2","1","600","0","8481.71830985915"
"2721384158","Morretes","UNIT","apartamento","805000","64",,"2","1",,,"12578.125"
"2760489714","Meia Praia","UNIT","apartamento","1750000","100",,"3","2",,,"17500"
"2661380172","Meia Praia","UNIT","apartamento","1480000","100",,"4","2",,,"14800"
"2726959562","Castelo Branco","UNIT","apartamento","1850000","122",,"4","2",,"650","15163.9344262295"
"2648149972","Andorinha","UNIT","apartamento","1103000","88",,"1","2","1","1","12534.0909090909"
"2687442049","Meia Praia","UNIT","apartamento","1780000","124",,"4","2",,,"14354.8387096774"
"2754744967","Castelo Branco","UNIT","apartamento","2473770","150",,"4","2",,"0","16491.8"
"2758658020","Meia Praia","UNIT","apartamento","1590000","114",,"4","2","1100","700","13947.3684210526"
"2694858183","Meia Praia","UNIT","apartamento","4200000","159",,"4","3",,,"26415.0943396226"
"2766852930","Castelo Branco","UNIT","apartamento","1522000","128",,"4","2","0","0","11890.625"
"2766852222","Meia Praia","UNIT","apartamento","2199800","181",,"5","3","0","0","12153.591160221"
"2754662104","Andorinha","UNIT","apartamento","4899730","180",,"4","3","1","850","27220.7222222222"
"2597175073","Castelo Branco","UNIT","apartamento","4160000","198",,"4","3",,,"21010.101010101"
"2766853615","Meia Praia","UNIT","apartamento","2300000","185",,"5","3","0","0","12432.4324324324"
"2754745449","Meia Praia","UNIT","apartamento","1200000","92",,"3","2",,"0","13043.4782608696"
"2764631248","Centro","UNIT","apartamento","1516060","928",,"3","2","0","0","1633.68534482759"
"2683613319","Meia Praia","UNIT","apartamento","2330872","172",,"5","3",,,"13551.5813953488"
"2600013654","Centro","UNIT","apartamento","1800000","105",,"4","2",,,"17142.8571428571"
"2718092252","Meia Praia","UNIT","apartamento","4380000","315",,"5","3","5181","1314","13904.7619047619"
"2560637582","Morretes","UNIT","casa","580000","80",,"3","2","1000","0","7250"
"2728457515","Meia Praia","UNIT","casa","2600000","152",,"3","2","1575",,"17105.2631578947"
"2730744027","Casa Branca","UNIT","casa","1500000","150",,"2","2","0","250","10000"
"2750297694","Meia Praia","UNIT","apartamento","2500000","160",,"4","3",,,"15625"
"2720505569","Morretes","UNIT","apartamento","530000","70",,"1","1","750","330","7571.42857142857"
"2511792943","Centro","UNIT","apartamento","2210000","114",,"4","2","0",,"19385.9649122807"
"2764768942","Andorinha","UNIT","apartamento","1700000","148",,"4","2","3300","750","11486.4864864865"
"2726554160","Meia Praia","UNIT","apartamento","1290000","191",,"3","1","1900","800","6753.92670157068"
"2643723284","Meia Praia","UNIT","apartamento","4900000","206",,"5","2","1100","900","23786.4077669903"
"2704402254","Morretes","UNIT","casa","780000","105",,"3","2","500","0","7428.57142857143"
"2764895116","Meia Praia","UNIT","apartamento","1900000","134",,"4","2","0","0","14179.1044776119"
"2598635802","Morretes","UNIT","casa","719000","111",,"2","2","1500",,"6477.47747747748"
"2749661357","Jardim Praia Mar","UNIT","apartamento","751868","68",,"1","1","800","400","11056.8823529412"
"2749488712","Castelo Branco","UNIT","apartamento","1280000","103",,"4","2","1200","450","12427.1844660194"
"2749249701","Tabuleiro dos Oliveiras","UNIT","apartamento","699000","70",,"2","1","150","499","9985.71428571429"
"2754615444","Centro","UNIT","apartamento","3700000","271",,"5","1","800","0","13653.1365313653"
"2626748160","Meia Praia","UNIT","apartamento","2000000","117",,"3","2","0","0","17094.0170940171"
"2646971356","Morretes","UNIT","apartamento","690000","68",,"2","2",,"250","10147.0588235294"
"2607787480","Andorinha","UNIT","apartamento","1890000","118",,"3","3",,"710","16016.9491525424"
"2730509121","Castelo Branco","UNIT","apartamento","1230000","104",,"2","2","0","550","11826.9230769231"
"2764895513","Meia Praia","UNIT","apartamento","12900000","239",,"5","3","0","0","53974.8953974895"
"2751782684","Centro","UNIT","apartamento","3150000","172",,"5","3",,"0","18313.9534883721"
"2641210304","Jardim Praia Mar","UNIT","apartamento","686000","69",,"1","1","0",,"9942.02898550725"
"2590847906","Castelo Branco","UNIT","apartamento","1600000","145",,"4","2","1700","700","11034.4827586207"
"2712552303","Meia Praia","UNIT","apartamento","3500000","184",,"1","3","3000","660","19021.7391304348"
"2728079057","Morretes","UNIT","casa","710000","105",,"3","2","500","0","6761.90476190476"
"2651649157","Meia Praia","UNIT","apartamento","1090000","169",,"2","1","500","365","6449.70414201183"
"2764632652","Meia Praia","UNIT","apartamento","1600000","135",,"4","2","1800","811","11851.8518518519"
"2733425978","Meia Praia","UNIT","apartamento","2350000","179",,"4","2","1","1","13128.4916201117"
"2755322928","Meia Praia","UNIT","apartamento","1200000","80",,"2","1","0","0","15000"
"2750454096","Andorinha","UNIT","apartamento","1345000","120",,"3","2",,,"11208.3333333333"
"2611528006","Morretes","UNIT","apartamento","700000","70",,"2","1","0",,"10000"
"2658963671","Centro","UNIT","apartamento","13598000","320",,"5","5","2500","1500","42493.75"
"2730291864","Castelo Branco","UNIT","apartamento","1690000","145",,"5","3","1800","700","11655.1724137931"
"2637000856","Meia Praia","UNIT","apartamento","6900000","169",,"3","2",,,"40828.4023668639"
"2765550318","Castelo Branco","UNIT","apartamento","1781157","125",,"4","2","0","0","14249.256"
"2560637619","Morretes","UNIT","casa","710000","114",,"3","2","600","0","6228.0701754386"
"2560637695","Morretes","UNIT","casa","560000","90",,"3","0","1000","0","6222.22222222222"
"2766852436","Meia Praia","UNIT","apartamento","1660000","109",,"4","2","0","0","15229.3577981651"
"2681982307","Centro","UNIT","apartamento","1258679","87",,"3","2","0",,"14467.5747126437"
"2560637319","Morretes","UNIT","casa","750000","100",,"3","2","500",,"7500"
"2569301257","Meia Praia","UNIT","apartamento","1442701","142",,"4","2",,,"10159.8661971831"
"2763087524","Meia Praia","UNIT","apartamento","8993000","180",,"5","4",,,"49961.1111111111"
"2569300661","Centro","UNIT","apartamento","1895000","123",,"4","3",,,"15406.5040650406"
"2511794803","Meia Praia","UNIT","apartamento","3750000","205",,"5","3","0",,"18292.6829268293"
"2732103051","meia praia","UNIT","apartamento","3100000","135",,"4","2","0","0","22962.962962963"
"2732498136","Meia Praia","UNIT","apartamento","2350000","151",,"4","2","2246","0","15562.9139072848"
"2737430028","Morretes","UNIT","apartamento","650000","69",,"2","1","0","0","9420.28985507246"
"2768649426","Casa Branca","UNIT","apartamento","510000","50",,"1","1","280","350","10200"
"2716790594","Centro","UNIT","apartamento","8015000","432",,"5","4",,,"18553.2407407407"
"2640260768","Meia Praia","UNIT","apartamento","2290000","178",,"4","2","0",,"12865.1685393258"
"2764633436","Meia Praia","UNIT","apartamento","750000","40",,"1","1","1100","740","18750"
"2730744220","Casa Branca","UNIT","casa","2640000","260",,"3","2","0","250","10153.8461538462"
"2764632759","Meia Praia","UNIT","apartamento","11800000","2179",,"5","3","0","0","5415.32813217072"
"2701837100","Centro","UNIT","apartamento","3190000","138",,"3","3",,"567","23115.9420289855"
"2630291010","Meia Praia","UNIT","apartamento","2860000","179",,"5","3",,"0","15977.6536312849"
"2692635758","Morretes","UNIT","apartamento","660000","70",,"2","2",,,"9428.57142857143"
"2561227568","Centro","UNIT","apartamento","2100000","135",,"4","3",,"0","15555.5555555556"
"2621566522","Morretes","UNIT","apartamento","650000","70",,"2","1",,"3","9285.71428571429"
"2688758023","Morretes","UNIT","casa","885000","95",,"3","1","0","0","9315.78947368421"
"2737579620","Castelo Branco","UNIT","apartamento","1650000","142",,"2","2","1900","630","11619.7183098592"
"2718498060","Casa Branca","UNIT","casa","2990000","251",,"6","4","131","131","11912.3505976096"
"2673148295","Meia Praia","UNIT","apartamento","1980000","125",,"4","2",,"874","15840"
"2723000955","<vazio>","UNIT","apartamento","1500000","149",,"2","2","1000","300","10067.1140939597"
"2761662066","Meia Praia","UNIT","apartamento","1684000","158",,"1","2","0","0","10658.2278481013"
"2730572426","Centro","UNIT","apartamento","1700000","120",,"4","2","0","0","14166.6666666667"
"2671627295","Varzea","UNIT","apartamento","697802","70",,"3","1",,,"9968.6"
"2569458395","Meia Praia","UNIT","apartamento","1490000","118",,"4","3",,,"12627.1186440678"
"2736237414","Castelo Branco","UNIT","apartamento","1750000","122",,"4","2",,,"14344.262295082"
"2618849213","Morretes","UNIT","apartamento","799000","70",,"3","1","1000","300","11414.2857142857"
"2766851625","Meia Praia","UNIT","apartamento","1400000","145",,"2","2","0","502","9655.1724137931"
"2754746764","Andorinha","UNIT","apartamento","3164757","175",,"5","3",,"0","18084.3257142857"
"2671626810","Meia Praia","UNIT","apartamento","1500000","92",,"4","2",,,"16304.347826087"
"2571205557","Jardim Praia Mar","UNIT","apartamento","652312","63",,"2","1",,,"10354.1587301587"
"2740569310","Meia Praia","UNIT","apartamento","1800000","130",,"3","2",,,"13846.1538461538"
"2569298360","Meia Praia","UNIT","apartamento","1518834","138",,"4","3",,,"11006.0434782609"
"2621566521","Meia Praia","UNIT","apartamento","1580000","128",,"3","2",,"3","12343.75"
"2655341685","Meia Praia","UNIT","apartamento","2080000","120",,"3","4",,"650","17333.3333333333"
"2766851828","Andorinha","UNIT","apartamento","1580100","126",,"4","2","0","0","12540.4761904762"
"2721916572","Morretes","UNIT","apartamento","602202","70",,"2","1","600","0","8602.88571428571"
"2655776424","Morretes","UNIT","apartamento","880000","70",,"2","1","0","0","12571.4285714286"
"2760541413","Centro","UNIT","apartamento","1180000","45",,"1","1","0","0","26222.2222222222"
"2755013219","Meia Praia","UNIT","apartamento","3950000","185",,"4","3","1500","1000","21351.3513513513"
"2764894827","Meia Praia","UNIT","apartamento","4490000","200",,"5","3","0","0","22450"
"2720817236","Andorinha","UNIT","apartamento","3974500","129",,"4","4",,,"30810.0775193798"
"2761579330","Meia Praia","UNIT","apartamento","6158563","240",,"4","3",,,"25660.6791666667"
"2695463884","Morretes","UNIT","apartamento","790000","68",,"3","1","1000","350","11617.6470588235"
"2688779625","Morretes","UNIT","casa","680000","85",,"1","2","500","0","8000"
"2613519093","Meia Praia","UNIT","apartamento","2600000","151",,"3","3",,,"17218.5430463576"
"2437562983","Centro","UNIT","apartamento","912000","70",,"3","1","880","370","13028.5714285714"
"2694439597","Morretes","UNIT","casa","550000","70",,"3","2","500","0","7857.14285714286"
"2765548343","Meia Praia","UNIT","apartamento","1600000","100",,"2","1","0","0","16000"
"2528906145","Meia Praia","UNIT","apartamento","6500000","211",,"5","4","0",,"30805.6872037915"
"2726427055","Centro","UNIT","apartamento","2650000","127",,"4","2","0","0","20866.1417322835"
"2726970040","Meia Praia","UNIT","apartamento","1899000","113",,"4","2",,,"16805.3097345133"
"2694753924","Andorinha","UNIT","apartamento","980000","87",,"2","1","0","0","11264.367816092"
"2746939996","Morretes","UNIT","terreno","2500000","600",,"0","0",,,"4166.66666666667"
"2723209314","Centro","UNIT","apartamento","1850000","123",,"3","2",,,"15040.6504065041"
"2558703963","<vazio>","UNIT","apartamento","900000","179",,"4","2",,"530","5027.93296089386"
"2750469799","Andorinha","UNIT","apartamento","1680000","147",,"3","3",,,"11428.5714285714"
"2580810610","Morretes","UNIT","apartamento","746000","65",,"2","2",,,"11476.9230769231"
"2624190025","Meia Praia","UNIT","apartamento","4924000","215",,"5","3",,,"22902.3255813953"
"2560059825","Meia Praia","UNIT","apartamento","2199000","129",,"4","2",,,"17046.511627907"
"2569458308","Meia Praia","UNIT","apartamento","1100000","95",,"3","1",,,"11578.9473684211"
"2560637677","Morretes","UNIT","apartamento","900000","70",,"2","1","1000","300","12857.1428571429"
"2597358289","Meia Praia","UNIT","apartamento","850000","75",,"2","1",,,"11333.3333333333"
"2615432037","Andorinha","UNIT","apartamento","2800000","140",,"3","2",,,"20000"
"2560058913","Meia Praia","UNIT","apartamento","1600000","108",,"4","2",,,"14814.8148148148"
"2626981326","Morretes","UNIT","apartamento","814300","69",,"4","1","1100","390","11801.4492753623"
"2764894921","Centro","UNIT","apartamento","1690000","118",,"4","2","0","0","14322.0338983051"
"2761879717","Castelo Branco","UNIT","apartamento","2400000","180",,"5","3",,,"13333.3333333333"
"2761880120","Centro","UNIT","apartamento","4420000","234",,"4","3",,,"18888.8888888889"
"2766855613","Meia Praia","UNIT","apartamento","2104800","127",,"4","3","0","0","16573.2283464567"
"2766853019","Andorinha","UNIT","apartamento","1498800","124",,"4","2","0","0","12087.0967741935"
"2762990384","Meia Praia","UNIT","apartamento","6500000","190",,"5","3","0","1200","34210.5263157895"
"2736815519","Centro","UNIT","apartamento","2115000","117",,"4","2","0","0","18076.9230769231"
"2756063533","Morretes","UNIT","apartamento","784000","73",,"3","1","0","0","10739.7260273973"
"2560637194","Morretes","UNIT","casa","710000","114",,"3","2","0","0","6228.0701754386"
"2677716703","Centro","UNIT","apartamento","3090000","172",,"4","3","0","0","17965.1162790698"
"2511794167","Tabuleiro dos Oliveiras","UNIT","apartamento","824850","68",,"2","1","0",,"12130.1470588235"
"2765065015","Andorinha","UNIT","apartamento","1500000","132",,"1","2","100","700","11363.6363636364"
"2655795963","Centro","UNIT","apartamento","8963000","229",,"5","3","0","0","39139.7379912664"
"2630707099","Meia Praia","UNIT","apartamento","2434000","119",,"4","2","1","1","20453.781512605"
"2693899243","Morretes","UNIT","casa","630000","95",,"3","2","500","0","6631.57894736842"
"2741201656","Meia Praia","UNIT","apartamento","1495896","132",,"4","2",,,"11332.5454545455"
"2654678855","Meia Praia","UNIT","apartamento","2750000","163",,"4","3",,"3","16871.1656441718"
"2633099563","Alto S?o Bento","UNIT","apartamento","630000","60",,"1","1","0",,"10500"
"2628987365","Meia Praia","UNIT","apartamento","1350000","100",,"3","2","0",,"13500"
"2597528054","Andorinha","UNIT","apartamento","1690000","120",,"4","2","1500","660","14083.3333333333"
"2676714594","Estreito","UNIT","apartamento","3895000","242",,"5","3","2500","990","16095.041322314"
"2727140458","Centro","UNIT","apartamento","1800000","157",,"1","3","13","0","11464.9681528662"
"2748176736","Meia Praia","UNIT","apartamento","3000000","153",,"1","3","1","1","19607.8431372549"
"2740360660","Morretes","UNIT","apartamento","700000","70",,"2","1","800","380","10000"
"2728228688","Morretes","UNIT","casa","720000","110",,"1","2","0",,"6545.45454545455"
"2706476129","Meia Praia","UNIT","apartamento","2300000","147",,"3","2",,"800","15646.2585034014"
"2603983278","Andorinha","UNIT","apartamento","5350000","190",,"5","3","0",,"28157.8947368421"
"2618382803","Morretes","UNIT","apartamento","815000","70",,"3","1","1000","300","11642.8571428571"
"2693494333","Morretes","UNIT","apartamento","808483","64",,"1","1","10","0","12632.546875"
"2650008654","Meia Praia","UNIT","apartamento","2168154","127",,"4","3","0",,"17072.0787401575"
"2747717308","Meia Praia","UNIT","apartamento","2200000","129",,"4","2",,"0","17054.2635658915"
"2761579713","Canto da Praia","UNIT","apartamento","2349900","233",,"4","2",,,"10085.4077253219"
"2749229848","Andorinha","UNIT","apartamento","1874826","135",,"3","2",,,"13887.6"
"2608014299","Meia Praia","UNIT","apartamento","1575000","174",,"4","2","0",,"9051.72413793103"
"2678327295","Meia Praia","UNIT","apartamento","2200000","127",,"4","2","0",,"17322.8346456693"
"2754745934","Castelo Branco","UNIT","apartamento","1050000","74",,"3","1",,"0","14189.1891891892"
"2694761812","Morretes","UNIT","casa","650000","70",,"3","1","500","0","9285.71428571429"
"2615046036","Castelo Branco","UNIT","apartamento","1690000","128",,"3","2",,,"13203.125"
"2713248409","Castelo Branco","UNIT","apartamento","990000","80",,"2","1","150","499","12375"
"2766855231","Castelo Branco","UNIT","apartamento","1329000","104",,"4","2","0","0","12778.8461538462"
"2761879922","Castelo Branco","UNIT","apartamento","1799000","114",,"3","2",,,"15780.701754386"
"2749233197","Meia Praia","UNIT","apartamento","1786794","130",,"4","2",,,"13744.5692307692"
"2706424614","Meia Praia","UNIT","apartamento","1000000","93",,"3","2","0",,"10752.688172043"
"2768647872","Andorinha","UNIT","apartamento","1772000","114",,"4","2","0","0","15543.8596491228"
"2673147998","Morretes","UNIT","apartamento","750000","70",,"1","1","1","1","10714.2857142857"
"2547504141","Meia Praia","UNIT","apartamento","2900000","198",,"4","3",,,"14646.4646464646"
"2663775496","Morretes","UNIT","apartamento","550000","62",,"1","1","0",,"8870.96774193548"
"2764724872","Meia Praia","UNIT","apartamento","6722319","258",,"5","4",,,"26055.5"
"2764631741","Andorinha","UNIT","apartamento","2346595","172",,"5","3","0","0","13642.9941860465"
"2729223843","Meia Praia","UNIT","apartamento","750000","40",,"1","1","0","650","18750"
"2757947057","Meia Praia","UNIT","apartamento","969000","67",,"2","2","1000","418","14462.6865671642"
"2603904961","Meia Praia","UNIT","apartamento","6538000","169",,"3","3",,,"38686.3905325444"
"2605041887","Meia Praia","UNIT","apartamento","6000000","150",,"4","2",,,"40000"
"2638326400","Meia Praia","UNIT","apartamento","2800000","187",,"3","2",,,"14973.2620320856"
"2742884447","Meia Praia","UNIT","apartamento","2100000","190",,"2","2","1300","624","11052.6315789474"
"2670819046","Andorinha","UNIT","apartamento","1490000","111",,"4","2","0","0","13423.4234234234"
"2764633952","Meia Praia","UNIT","apartamento","1260000","141",,"2","1","1500","430","8936.17021276596"
"2689407379","Centro","UNIT","apartamento","4050000","187",,"5","3",,,"21657.7540106952"
"2582526749","Meia Praia","UNIT","apartamento","4462945","214",,"5","3",,,"20854.8831775701"
"2705809229","Andorinha","UNIT","apartamento","1450000","130",,"4","2","131","544","11153.8461538462"
"2683429409","Castelo Branco","UNIT","apartamento","844355","67",,"2","1","0","0","12602.3134328358"
"2569301256","Centro","UNIT","apartamento","2290000","150",,"5","3",,,"15266.6666666667"
"2740351936","Morretes","UNIT","apartamento","665000","70",,"3","1","850","310","9500"
"2610107088","Alto S?o Bento","UNIT","apartamento","550000","57",,"1","1",,,"9649.12280701754"
"2722946684","Centro","UNIT","apartamento","8145000","229",,"5","3","0","0","35567.6855895196"
"2720737135","Morretes","UNIT","apartamento","650000","64",,"2","1","620","220","10156.25"
"2660286818","Meia Praia","UNIT","apartamento","3150000","182",,"4","3","0","0","17307.6923076923"
"2609062486","Andorinha","UNIT","apartamento","2311845","118",,"4","2","0","0","19591.906779661"
"2721917687","Meia Praia","UNIT","apartamento","2870000","192",,"5","4","800","650","14947.9166666667"
"2624187571","Meia Praia","UNIT","apartamento","1560000","124",,"1","3",,,"12580.6451612903"
"2715517395","Andorinha","UNIT","apartamento","1260000","105",,"3","2",,"470","12000"
"2579266413","Andorinha","UNIT","apartamento","2158888","169",,"5","4","0","0","12774.4852071006"
"2696445280","Meia Praia","UNIT","apartamento","4500000","206",,"1","3",,"795","21844.6601941748"
"2766852430","Andorinha","UNIT","apartamento","1699800","131",,"2","2","0","0","12975.572519084"
"2728255508","Morretes","UNIT","apartamento","869000","64",,"3","1","0","0","13578.125"
"2644323284","Andorinha","UNIT","apartamento","5000000","208",,"5","3",,,"24038.4615384615"
"2761879720","Meia Praia","UNIT","apartamento","2600000","130",,"3","3",,,"20000"
"2759765336","Morretes","UNIT","apartamento","739000","67",,"1","1",,,"11029.8507462687"
"2702952377","Morretes","UNIT","casa","590000","85",,"3","1","500","0","6941.17647058824"
"2661742389","Morretes","UNIT","apartamento","930000","65",,"2","1","0","0","14307.6923076923"
"2579348895","Meia Praia","UNIT","apartamento","1690000","145",,"5","3","0","700","11655.1724137931"
"2648895304","Meia Praia","UNIT","apartamento","3300000","240",,"5","4","4542","1100","13750"
"2688369347","Meia Praia","UNIT","apartamento","950000","90",,"1","1","980","440","10555.5555555556"
"2597754509","Morretes","UNIT","apartamento","682000","69",,"1","1","0","0","9884.05797101449"
"2759017321","Morretes","UNIT","apartamento","715000","58",,"2","1",,,"12327.5862068966"
"2695973680","Castelo Branco","UNIT","apartamento","1050000","95",,"1","2",,,"11052.6315789474"
"2723208917","Meia Praia","UNIT","apartamento","1100000","90",,"2","2",,,"12222.2222222222"
"2561227393","Centro","UNIT","apartamento","4039000","213",,"5","3",,"0","18962.441314554"
"2747201948","Morretes","UNIT","apartamento","750000","42",,"1","1","0","0","17857.1428571429"
"2523442690","Andorinha","UNIT","apartamento","2150000","164",,"5","3","0",,"13109.756097561"
"2640258410","Andorinha","UNIT","apartamento","2420000","163",,"5","3","0",,"14846.6257668712"
"2671186923","Centro","UNIT","casa","599000","78",,"3","1","500","0","7679.48717948718"
"2654675565","Castelo Branco","UNIT","apartamento","1680000","145",,"4","3",,"3","11586.2068965517"
"2654678856","Meia Praia","UNIT","apartamento","2625546","161",,"4","3",,"3","16307.7391304348"
"2622648438","Meia Praia","UNIT","apartamento","2970000","179",,"4","3",,,"16592.1787709497"
"2649372453","Andorinha","UNIT","apartamento","850000","108",,"2","1",,,"7870.37037037037"
"2766853713","Centro","UNIT","apartamento","1494800","137",,"4","2","0","0","10910.9489051095"
"2713125600","Morretes","UNIT","apartamento","750000","88",,"2","1","0","300","8522.72727272727"
"2683042275","<vazio>","UNIT","apartamento","2000000","65",,"1","0",,,"30769.2307692308"
"2560637133","Morretes","UNIT","casa","780000","100",,"3","2","0","0","7800"
"2560637655","Morretes","UNIT","casa","580000","80",,"3","2","1000","0","7250"
"2705431306","Meia Praia","UNIT","apartamento","790000","85",,"1","1","460","650","9294.11764705882"
"2736579148","Morretes","UNIT","apartamento","1650000","113",,"4","2","1000","400","14601.7699115044"
"2674121203","Meia Praia","UNIT","apartamento","1834183","124",,"2","2","0","0","14791.7983870968"
"2732267848","Castelo Branco","UNIT","apartamento","1030000","106",,"2","2","752","350","9716.98113207547"
"2671785903","Meia Praia","UNIT","apartamento","900000","95",,"3","2","1100","450","9473.68421052631"
"2670312418","Meia Praia","UNIT","apartamento","1899000","178",,"4","2","150","500","10668.5393258427"
"2673092982","Centro","UNIT","apartamento","6500000","505",,"5","5","100","100","12871.2871287129"
"2692420139","Meia Praia","UNIT","apartamento","2750000","180",,"3","2","1000","600","15277.7777777778"
"2766855023","Castelo Branco","UNIT","apartamento","1686000","120",,"4","2","0","0","14050"
"2560637698","Morretes","UNIT","apartamento","1198000","70",,"2","1","1000","500","17114.2857142857"
"2570172298","Meia Praia","UNIT","apartamento","1580000","114",,"4","2",,,"13859.649122807"
"2759964848","Meia Praia","UNIT","apartamento","1000000","40",,"1","1",,"0","25000"
"2764764378","Morretes","UNIT","apartamento","890000","79",,"3","1","800","480","11265.8227848101"
"2560060279","Meia Praia","UNIT","apartamento","1514780","130",,"4","2",,,"11652.1538461538"
"2766855614","Castelo Branco","UNIT","apartamento","12500000","290",,"5","3","0","0","43103.4482758621"
"2766854128","Andorinha","UNIT","apartamento","2690939","170",,"5","4","0","0","15829.0529411765"
"2766855514","Meia Praia","UNIT","apartamento","2999099","200",,"5","3","0","900","14995.495"
"2480057028","Centro","UNIT","apartamento","650000","40",,"1","1",,"1500","16250"
"2752919202","Meia Praia","UNIT","apartamento","1400000","135",,"4","3","2000","800","10370.3703703704"
"2726636548","Meia Praia","UNIT","apartamento","1720000","110",,"3","2","0","0","15636.3636363636"
"2766855618","Morretes","UNIT","apartamento","700000","69",,"3","1","0","0","10144.9275362319"
"2754747821","Centro","UNIT","apartamento","2742057","120",,"4","3",,"0","22850.475"
"2763090326","Meia Praia","UNIT","apartamento","4800000","196",,"4","3",,,"24489.7959183673"
"2655425666","Meia Praia","UNIT","apartamento","1890832","106",,"4","2","0","650","17838.0377358491"
"2732468952","Meia Praia","UNIT","apartamento","2870000","193",,"5","4","800","650","14870.4663212435"
"2744653641","Meia Praia","UNIT","apartamento","9710000","180",,"5","3",,,"53944.4444444444"
"2714719141","Casa Branca","UNIT","terreno","1600000","1340",,"0","0","0","0","1194.02985074627"
"2533971571","Meia Praia","UNIT","apartamento","1200000","124",,"3","2",,,"9677.41935483871"
"2739571542","Meia Praia","UNIT","apartamento","11800000","217",,"4","3","0",,"54377.8801843318"
"2721154463","Morretes","UNIT","apartamento","999000","70",,"2","1","1","1","14271.4285714286"
"2764634813","Andorinha","UNIT","apartamento","2280000","240",,"5","2","0","735","9500"
"2763109315","Meia Praia","UNIT","apartamento","3600000","131",,"4","3","2495","881","27480.9160305344"
"2687484316","Meia Praia","UNIT","apartamento","5200000","200",,"4","3","5200","1000","26000"
"2729401327","Tabuleiro dos Oliveiras","UNIT","apartamento","710000","69",,"2","1",,,"10289.8550724638"
"2676467606","Morretes","UNIT","apartamento","742000","70",,"2","2",,,"10600"
"2767582386","Tabuleiro dos Oliveiras","UNIT","apartamento","660000","70",,"1","1","100",,"9428.57142857143"
"2744006709","Meia Praia","UNIT","apartamento","2829526","182",,"5","4",,"0","15546.8461538462"
"2569451169","Meia Praia","UNIT","apartamento","1650000","100",,"4","3",,,"16500"
"2682280613","Morretes","UNIT","terreno","630000","283",,"0","0","500","0","2226.14840989399"
"2540681285","meia praia","UNIT","apartamento","4400000","213",,"5","3","0","0","20657.2769953052"
"2671627197","Meia Praia","UNIT","apartamento","1541002","111",,"4","2",,,"13882.9009009009"
"2560060479","Meia Praia","UNIT","apartamento","2257150","169",,"5","4",,,"13355.9171597633"
"2723211735","Meia Praia","UNIT","apartamento","1390672","179",,"4","2",,,"7769.11731843575"
"2692600338","Morretes","UNIT","apartamento","589900","69",,"2","1",,,"8549.27536231884"
"2675655301","Meia Praia","UNIT","apartamento","1590000","118",,"4","2","0",,"13474.5762711864"
"2616354818","Meia Praia","UNIT","apartamento","3999539","155",,"3","3",,,"25803.4774193548"
"2701760811","Meia Praia","UNIT","apartamento","4257433","178",,"5","3",,,"23918.1629213483"
"2607405985","Morretes","UNIT","apartamento","645000","73",,"2","1",,,"8835.61643835616"
"2747202330","Andorinha","UNIT","apartamento","1400000","75",,"2","2","0","0","18666.6666666667"
"2694918027","Centro","UNIT","apartamento","2250000","321",,"3","4",,,"7009.34579439252"
"2594833678","<vazio>","UNIT","apartamento","2000000","242",,"6","4","200","670","8264.46280991736"
"2560637228","Morretes","UNIT","casa","580002","80",,"3","2","1000","0","7250.025"
"2708169308","Meia Praia","UNIT","apartamento","2689040","130",,"4","3","2200","850","20684.9230769231"
"2574409898","Meia Praia","UNIT","apartamento","1650000","119",,"4","2",,,"13865.5462184874"
"2763088932","Varzea","UNIT","apartamento","720000","69",,"3","1",,,"10434.7826086957"
"2540848298","Meia Praia","UNIT","apartamento","3500000","205",,"5","3","0","0","17073.1707317073"
"2655340787","Centro","UNIT","apartamento","2150000","148",,"3","3",,,"14527.027027027"
"2569302096","Centro","UNIT","apartamento","1776390","114",,"4","2",,,"15582.3684210526"
"2569458196","Meia Praia","UNIT","apartamento","1320000","135",,"4","2",,,"9777.77777777778"
"2615432033","Castelo Branco","UNIT","apartamento","2034000","166",,"4","3",,,"12253.0120481928"
"2756090774","Meia Praia","UNIT","apartamento","1320000","201",,"2","1","850","1030","6567.16417910448"
"2560637496","Morretes","UNIT","casa","750000","100",,"3","2","500",,"7500"
"2628304756","Meia Praia","UNIT","apartamento","1685000","122",,"4","2","1850","900","13811.4754098361"
"2766854624","Andorinha","UNIT","apartamento","1599800","134",,"4","3","0","0","11938.8059701493"
"2761879920","Meia Praia","UNIT","apartamento","3090000","126",,"4","3",,,"24523.8095238095"
"2749758578","Ilhota","UNIT","apartamento","2025000","129",,"3","1","1800","800","15697.6744186047"
"2764007014","Meia Praia","UNIT","apartamento","617000","43",,"1","1","590","600","14348.8372093023"
"2729166725","Morretes","UNIT","apartamento","574000","69",,"2","1",,,"8318.84057971014"
"2597271028","Meia Praia","UNIT","apartamento","1500000","150",,"3","1","1200","600","10000"
"2700274391","Morretes","UNIT","apartamento","790000","68",,"3","1","1000","350","11617.6470588235"
"2745518412","Andorinha","UNIT","apartamento","1390000","159",,"3","2","1200","478","8742.13836477987"
"2729910251","Meia Praia","UNIT","apartamento","4900000","200",,"5","4","3946","1250","24500"
"2716790593","Centro","UNIT","apartamento","2915390","171",,"4","3",,,"17049.0643274854"
"2766852030","Andorinha","UNIT","apartamento","1499800","128",,"4","2","0","525","11717.1875"
"2766852841","Castelo Branco","UNIT","apartamento","1900000","137",,"4","5","0","776","13868.6131386861"
"2463951976","Centro","UNIT","apartamento","11285000","200",,"4","3",,,"56425"
"2758199714","Meia Praia","UNIT","apartamento","850000","69",,"2","1","650","550","12318.8405797101"
"2651545461","Andorinha","UNIT","apartamento","1500000","110",,"3","2",,,"13636.3636363636"
"2646968179","Meia Praia","UNIT","apartamento","1690000","120",,"3","2",,,"14083.3333333333"
"2754745446","Meia Praia","UNIT","apartamento","1454000","120",,"3","2",,"0","12116.6666666667"
"2754745092","Andorinha","UNIT","apartamento","2490000","186",,"5","3",,"0","13387.0967741935"
"2726427834","Morretes","UNIT","apartamento","818000","67",,"2","1","0","0","12208.9552238806"
"2766854217","Morretes","UNIT","apartamento","634800","66",,"3","1","0","0","9618.18181818182"
"2688672464","Meia Praia","UNIT","apartamento","1500000","124",,"4","2","0",,"12096.7741935484"
"2763412621","Varzea","UNIT","apartamento","650000","70",,"1","1",,,"9285.71428571429"
"2698572175","Andorinha","UNIT","apartamento","1375000","120",,"3","1",,"398","11458.3333333333"
"2750306596","Meia Praia","UNIT","apartamento","1687000","125",,"3","2",,,"13496"
"2755943513","Meia Praia","UNIT","apartamento","8718723","417",,"5","4",,,"20908.2086330935"
"2720508350","Meia Praia","UNIT","apartamento","1400000","96",,"3","2",,,"14583.3333333333"
"2560636953","Morretes","UNIT","apartamento","695000","70",,"2","1","0","0","9928.57142857143"
"2699245373","Andorinha","UNIT","apartamento","1745000","114",,"4","2","1","1","15307.0175438596"
"2541751550","Meia Praia","UNIT","apartamento","4500000","150",,"4","2",,,"30000"
"2766852121","Canto da Praia","UNIT","apartamento","824800","58",,"1","1","0","0","14220.6896551724"
"2766852336","Castelo Branco","UNIT","apartamento","1402800","115",,"4","2","0","0","12198.2608695652"
"2668726515","Castelo Branco","UNIT","apartamento","1790000","138",,"4","3","0","0","12971.0144927536"
"2747203323","Meia Praia","UNIT","apartamento","9998000","180",,"5","4","0","0","55544.4444444444"
"2766854639","Centro","UNIT","apartamento","1419800","120",,"4","2","0","0","11831.6666666667"
"2676104700","Meia Praia","UNIT","apartamento","1752175","124",,"3","2",,,"14130.4435483871"
"2641528660","Meia Praia","UNIT","apartamento","1900000","122",,"4","2",,,"15573.7704918033"
"2724753059","Andorinha","UNIT","apartamento","3290000","180",,"5","4","4000","1400","18277.7777777778"
"2701837099","Centro","UNIT","apartamento","2990000","136",,"3","3",,"567","21985.2941176471"
"2736459061","Meia Praia","UNIT","apartamento","1490000","135",,"4","2","238","810","11037.037037037"
"2563574455","Castelo Branco","UNIT","apartamento","1554000","133",,"4","2","0","0","11684.2105263158"
"2724978769","Meia Praia","UNIT","apartamento","6830000","157",,"5","2",,,"43503.1847133758"
"2761878729","Meia Praia","UNIT","apartamento","2990000","193",,"5","3",,,"15492.2279792746"
"2736159733","Morretes","UNIT","casa","890000","110",,"1","2","0",,"8090.90909090909"
"2624390413","Centro","UNIT","apartamento","2739000","140",,"4","3","2100","617","19564.2857142857"
"2763090817","Meia Praia","UNIT","apartamento","3484000","139",,"4","3",,,"25064.7482014388"
"2714046417","Morretes","UNIT","apartamento","898000","70",,"3","1","0",,"12828.5714285714"
"2595523363","Meia Praia","UNIT","apartamento","2400000","136",,"3","3","0","500","17647.0588235294"
"2601837578","Canto da Praia","UNIT","casa","6500000","393",,"5","5","4000","1","16539.4402035623"
"2509190908","Andorinha","UNIT","apartamento","2850000","127",,"3","2","0","0","22440.9448818898"
"2740234247","Castelo Branco","UNIT","comercial","3800000","118",,"0","2",,,"32203.3898305085"
"2764633027","Morretes","UNIT","apartamento","700000","67",,"2","1","0","0","10447.7611940299"
"2702667875","Morretes","UNIT","casa","689900","72",,"3","1","500","0","9581.94444444445"
"2749902948","Meia Praia","UNIT","apartamento","965000","100",,"1","1","0",,"9650"
"2568578869","Meia Praia","UNIT","apartamento","4535630","214",,"4","3","0","0","21194.5327102804"
"2591072357","Andorinha","UNIT","apartamento","2300000","383",,"5","2","2800","1600","6005.22193211488"
"2634327677","Meia Praia","UNIT","apartamento","1800000","127",,"4","2","0","0","14173.2283464567"
"2692570990","Morretes","UNIT","apartamento","585000","66",,"2","1",,"0","8863.63636363636"
"2694966953","Centro","UNIT","apartamento","1768926","110",,"4","2","0","0","16081.1454545455"
"2747298919","Morretes","UNIT","apartamento","757618","62",,"2","1","0","0","12219.6451612903"
"2560637049","Morretes","UNIT","casa","760000","109",,"3","2","0","0","6972.47706422018"
"2560060559","Morretes","UNIT","apartamento","669000","62",,"2","1",,,"10790.3225806452"
"2642395141","Meia Praia","UNIT","apartamento","2090000","134",,"4","5",,"776","15597.0149253731"
"2733174645","Sert?o do Trombudo","UNIT","apartamento","1450000","130",,"1","1","0","0","11153.8461538462"
"2569298358","Meia Praia","UNIT","apartamento","1425876","142",,"4","2",,,"10041.3802816901"
"2569458193","Meia Praia","UNIT","apartamento","1600000","138",,"4","2",,,"11594.2028985507"
"2511795373","Andorinha","UNIT","apartamento","2850000","138",,"4","2","0",,"20652.1739130435"
"2761579718","Andorinha","UNIT","apartamento","2099000","112",,"3","2",,,"18741.0714285714"
"2616411532","Tabuleiro dos Oliveiras","UNIT","apartamento","695000","70",,"2","1","0","0","9928.57142857143"
"2763648540","Morretes","UNIT","apartamento","1200000","70",,"3","1","14160","500","17142.8571428571"
"2764730915","Andorinha","UNIT","apartamento","2158889","145",,"4","2",,,"14888.8896551724"
"2759723126","Meia Praia","UNIT","apartamento","10446887","246",,"4","3",,,"42467.0203252033"
"2634981757","Andorinha","UNIT","apartamento","1390000","125",,"2","2",,,"11120"
"2711086103","Meia Praia","UNIT","apartamento","3700000","207",,"5","3",,,"17874.3961352657"
"2754747729","Meia Praia","UNIT","apartamento","2167000","185",,"5","2",,"0","11713.5135135135"
"2673390896","Morretes","UNIT","casa","550000","70",,"3","2","500","0","7857.14285714286"
"2626357659","Meia Praia","UNIT","apartamento","2499000","100",,"2","1","0","0","24990"
"2569240106","Andorinha","UNIT","apartamento","1499000","149",,"2","2","0","0","10060.4026845638"
"2696126401","Morretes","UNIT","apartamento","790000","68",,"3","1","1000","350","11617.6470588235"
"2556840751","Morretes","UNIT","apartamento","624000","70",,"2","1",,"0","8914.28571428571"
"2720583348","Morretes","UNIT","apartamento","620000","65",,"2","1",,,"9538.46153846154"
"2591990108","Morretes","UNIT","casa","695000","109",,"2","2","0",,"6376.14678899083"
"2764860725","Meia Praia","UNIT","apartamento","1600000","145",,"3","2","2497","490","11034.4827586207"
"2764633813","Meia Praia","UNIT","apartamento","749000","40",,"1","1","0","0","18725"
"2709505619","Morretes","UNIT","casa","590000","77",,"3","2","700",,"7662.33766233766"
"2743060990","Morretes","UNIT","apartamento","850000","68",,"1","1","0","0","12500"
"2749084153","Meia Praia","UNIT","apartamento","1650000","130",,"3","2",,,"12692.3076923077"
"2560636987","Morretes","UNIT","apartamento","900000","70",,"2","1","1000","300","12857.1428571429"
"2732565421","Meia Praia","UNIT","apartamento","4000000","197",,"5","4",,"0","20304.5685279188"
"2720815770","Andorinha","UNIT","apartamento","3975000","129",,"4","4",,,"30813.9534883721"
"2764632333","Meia Praia","UNIT","apartamento","1150000","137",,"2","1","0","0","8394.16058394161"
"2757201416","Andorinha","UNIT","apartamento","1336050","111",,"2","2",,"0","12036.4864864865"
"2745445397","Morretes","UNIT","apartamento","750000","70",,"2","1",,,"10714.2857142857"
"2642395755","Meia Praia","UNIT","apartamento","6158564","240",,"5","4","8500","820","25660.6833333333"
"2723233257","Andorinha","UNIT","apartamento","2311845","118",,"4","3","0","710","19591.906779661"
"2726448736","Meia Praia","UNIT","apartamento","1500000","134",,"3","2","1200","750","11194.0298507463"
"2763411842","Varzea","UNIT","apartamento","725000","70",,"1","1",,,"10357.1428571429"
"2709220103","Meia Praia","UNIT","apartamento","10668280","264",,"4","4","0",,"40410.1515151515"
"2758637838","Centro","UNIT","apartamento","1600000","161",,"4","3",,,"9937.88819875776"
"2593533171","Castelo Branco","UNIT","apartamento","1390000","133",,"3","2",,,"10451.1278195489"
"2646971194","Castelo Branco","UNIT","apartamento","1450000","126",,"3","2",,,"11507.9365079365"
"2616695483","Meia Praia","UNIT","apartamento","4747764","213",,"4","3","0","0","22289.9718309859"
"2533104337","Meia Praia","UNIT","apartamento","2400000","163",,"4","3",,"974","14723.9263803681"
"2558703650","<vazio>","UNIT","apartamento","700000","200",,"2","1",,,"3500"
"2742888100","Castelo Branco","UNIT","apartamento","1335000","164",,"2","2","1500","500","8140.24390243902"
"2745605202","Meia Praia","UNIT","apartamento","1190000","100",,"2","1","1550","560","11900"
"2764978840","Meia Praia","UNIT","apartamento","1080000","119",,"2","1","950","550","9075.63025210084"
"2609063073","Meia Praia","UNIT","apartamento","2900000","170",,"4","2","2100","890","17058.8235294118"
"2728270641","Meia Praia","UNIT","apartamento","1792000","105",,"2","1",,,"17066.6666666667"
"2764632410","Centro","UNIT","apartamento","890000","42",,"1","1","0","0","21190.4761904762"
"2764632225","Morretes","UNIT","apartamento","870000","658",,"3","1","0","0","1322.18844984802"
"2560637375","Morretes","UNIT","apartamento","806000","68",,"2","1","500","300","11852.9411764706"
"2560059702","Meia Praia","UNIT","apartamento","1700000","132",,"4","2",,,"12878.7878787879"
"2761579614","Meia Praia","UNIT","apartamento","2300000","137",,"4","2",,,"16788.3211678832"
"2570258254","Centro","UNIT","apartamento","2598800","163",,"4","3","0","0","15943.5582822086"
"2728457813","Casa Branca","UNIT","casa","3490000","272",,"6","4",,,"12830.8823529412"
"2748437896","Andorinha","UNIT","apartamento","2850000","242",,"4","2",,"0","11776.8595041322"
"2765088129","Meia Praia","UNIT","apartamento","950000","97",,"3","2","0","0","9793.81443298969"
"2519850697","Andorinha","UNIT","apartamento","1800000","126",,"4","2","0",,"14285.7142857143"
"2618883541","Centro","UNIT","apartamento","2064529","165",,"4","3",,,"12512.296969697"
"2714952100","Andorinha","UNIT","apartamento","1668928","132",,"3","2",,,"12643.3939393939"
"2573940379","Morretes","UNIT","casa","680000","85",,"3","2","500","0","8000"
"2763107752","Andorinha","UNIT","apartamento","1990000","138",,"4","2","0","815","14420.2898550725"
"2763107750","Meia Praia","UNIT","apartamento","6830000","157",,"5","2","4096","2099","43503.1847133758"
"2763583637","Meia Praia","UNIT","apartamento","1450000","100",,"2","2","1","725","14500"
"2609061598","Castelo Branco","UNIT","apartamento","1546414","165",,"2","2","1","649","9372.20606060606"
"2688799926","Morretes","UNIT","apartamento","790000","68",,"3","2","500","350","11617.6470588235"
"2562273407","Meia Praia","UNIT","apartamento","2850000","155",,"4","2","0","0","18387.0967741935"
"2677401530","Castelo Branco","UNIT","apartamento","2240000","149",,"3","2",,"3","15033.5570469799"
"2701901194","Morretes","UNIT","casa","650000","70",,"3","1","500","0","9285.71428571429"
"2740324799","Morretes","UNIT","apartamento","650000","70",,"3","1","800","300","9285.71428571429"
"2766833630","Meia Praia","UNIT","apartamento","1490000","130",,"4","3","1","350","11461.5384615385"
"2621047925","Meia Praia","UNIT","apartamento","1790000","124",,"4","2","0",,"14435.4838709677"
"2609058386","Centro","UNIT","apartamento","4750000","185",,"5","3","0","0","25675.6756756757"
"2761045107","Morretes","UNIT","casa","899000","150",,"3","1","1000","0","5993.33333333333"
"2560637170","Morretes","UNIT","casa","750000","100",,"3","2","500",,"7500"
"2672319142","Meia Praia","UNIT","apartamento","2350000","135",,"4","3",,,"17407.4074074074"
"2637238861","Meia Praia","UNIT","apartamento","1650000","135",,"3","3",,,"12222.2222222222"
"2766854630","Andorinha","UNIT","apartamento","1559800","127",,"4","2","0","0","12281.8897637795"
"2735381224","Meia Praia","UNIT","apartamento","900000","94",,"2","2",,"380","9574.46808510638"
"2665106194","Meia Praia","UNIT","apartamento","1290000","102",,"2","2","0",,"12647.0588235294"
"2694649677","Centro","UNIT","apartamento","3500000","206",,"4","3",,,"16990.2912621359"
"2511795084","Meia Praia","UNIT","apartamento","4000000","190",,"5","3","0",,"21052.6315789474"
"2646971559","Meia Praia","UNIT","comercial","5500000","288",,"0","0",,,"19097.2222222222"
"2730234429","Meia Praia","UNIT","apartamento","5500000","225",,"5","3",,,"24444.4444444444"
"2754745453","Centro","UNIT","apartamento","2930345","125",,"4","2",,"0","23442.76"
"2644108897","Centro","UNIT","apartamento","2600000","185",,"5","2","1","1","14054.0540540541"
"2740370895","Morretes","UNIT","apartamento","664000","70",,"2","1","0","0","9485.71428571429"
"2751486528","Meia Praia","UNIT","apartamento","820000","79",,"3","1",,"0","10379.746835443"
"2762275316","Andorinha","UNIT","apartamento","1200000","114",,"2","1",,"700","10526.3157894737"
"2765546458","Centro","UNIT","apartamento","1900000","122",,"4","2","243","783","15573.7704918033"
"2766852234","Meia Praia","UNIT","apartamento","1499800","162",,"5","3","0","0","9258.02469135802"
"2766852717","Castelo Branco","UNIT","apartamento","1329800","119",,"4","2","0","0","11174.7899159664"
"2736239935","Andorinha","UNIT","apartamento","1850000","127",,"4","2",,,"14566.9291338583"
"2646971262","Morretes","UNIT","apartamento","690000","80",,"2","2",,"261","8625"
"2759206758","Meia Praia","UNIT","apartamento","11800000","217",,"4","3","7673","290","54377.8801843318"
"2543277815","Meia Praia","UNIT","apartamento","2340000","143",,"4","2","0","0","16363.6363636364"
"2749228413","Meia Praia","UNIT","apartamento","5750000","262",,"5","3",,,"21946.5648854962"
"2743392492","Tabuleiro dos Oliveiras","UNIT","apartamento","649000","69",,"3","1","0","0","9405.79710144928"
"2763411838","Morretes","UNIT","apartamento","999216","70",,"1","2",,,"14274.5142857143"
"2564694607","Morretes","UNIT","apartamento","580000","75",,"2","1","1000","350","7733.33333333333"
"2765234023","Meia Praia","UNIT","apartamento","12000000","245",,"5","3","0","0","48979.5918367347"
"2599798557","Meia Praia","UNIT","apartamento","1253000","121",,"2","2","0",,"10355.3719008264"
"2593072795","Canto da Praia","UNIT","apartamento","6754000","168",,"4","3",,,"40202.380952381"
"2767561421","Andorinha","UNIT","comercial","16000000","1000",,"0","29",,,"16000"
"2765020624","Centro","UNIT","apartamento","2200000","178",,"4","2","1","1","12359.5505617978"
"2736469114","Andorinha","UNIT","apartamento","1350000","142",,"2","1","100","580","9507.04225352113"
"2643986958","Meia Praia","UNIT","apartamento","2579900","183",,"5","3",,,"14097.8142076503"
"2541850789","Morretes","UNIT","apartamento","855000","69",,"3","2","0",,"12391.3043478261"
"2760744013","Meia Praia","UNIT","apartamento","649220","67",,"3","1","1","1","9689.85074626866"
"2757819835","Castelo Branco","UNIT","apartamento","1650000","140",,"4","2","0","0","11785.7142857143"
"2732157759","Meia Praia","UNIT","apartamento","1500000","141",,"4","2","105","680","10638.2978723404"
"2723508125","Castelo Branco","UNIT","apartamento","1300000","163",,"5","2","143","431","7975.46012269939"
"2765048115","Meia Praia","UNIT","apartamento","2870000","192",,"5","4",,,"14947.9166666667"
"2766855024","Meia Praia","UNIT","apartamento","1589800","145",,"4","3","0","650","10964.1379310345"
"2766855517","Meia Praia","UNIT","apartamento","2530800","128",,"4","2","0","0","19771.875"
"2576337127","Meia Praia","UNIT","apartamento","4700000","274",,"5","2","0",,"17153.2846715328"
"2752619293","Morretes","UNIT","apartamento","1949000","130",,"2","1",,"530","14992.3076923077"
"2519106161","Castelo Branco","UNIT","apartamento","1250000","108",,"3","2",,,"11574.0740740741"
"2641214963","Morretes","UNIT","apartamento","823000","67",,"1","1","0",,"12283.5820895522"
"2672320712","Andorinha","UNIT","apartamento","1650000","113",,"4","2",,,"14601.7699115044"
"2766852014","Castelo Branco","UNIT","apartamento","1396800","125",,"4","2","0","0","11174.4"
"2763234315","Meia Praia","UNIT","apartamento","4800000","182",,"4","3","5000","964","26373.6263736264"
"2767583921","Varzea","UNIT","apartamento","620000","70",,"1","1","100","300","8857.14285714286"
"2768968724","Sert?o do Trombudo","UNIT","terreno","289880","204",,"0","0","300","1","1420.98039215686"
"2724509369","Meia Praia","UNIT","apartamento","997000","95",,"2","1","150","400","10494.7368421053"
"2591027194","Andorinha","UNIT","apartamento","1500000","124",,"3","2","1500","900","12096.7741935484"
"2656858951","Meia Praia","UNIT","apartamento","1200000","110",,"2","1","1020","480","10909.0909090909"
"2743674955","Castelo Branco","UNIT","apartamento","1750000","146",,"1","3","0","0","11986.301369863"
"2763412517","Meia Praia","UNIT","apartamento","4350000","150",,"5","3",,,"29000"
"2717036495","Meia Praia","UNIT","apartamento","2300000","151",,"1","2",,"1044","15231.7880794702"
"2766854313","Andorinha","UNIT","apartamento","1559800","114",,"4","2","0","0","13682.4561403509"
"2635065768","Centro","UNIT","apartamento","3090000","172",,"4","3","0",,"17965.1162790698"
"2709296575","Castelo Branco","UNIT","apartamento","1750000","115",,"4","2","0","0","15217.3913043478"
"2560059822","Meia Praia","UNIT","apartamento","1500000","92",,"4","2",,,"16304.347826087"
"2678319512","Morretes","UNIT","apartamento","679000","67",,"1","1","0","0","10134.328358209"
"2761035033","Morretes","UNIT","apartamento","680000","80",,"2","2","1000","350","8500"
"2633529988","Morretes","UNIT","apartamento","840000","70",,"3","2",,"467","12000"
"2607123428","Meia Praia","UNIT","apartamento","2870000","160",,"5","3","0",,"17937.5"
"2701765504","Meia Praia","UNIT","apartamento","4744804","205",,"5","3",,,"23145.3853658537"
"2701765503","Morretes","UNIT","apartamento","650000","70",,"3","1",,,"9285.71428571429"
"2560637286","Morretes","UNIT","apartamento","580000","70",,"2","1","1000","350","8285.71428571429"
"2761879919","Meia Praia","UNIT","apartamento","2399000","146",,"4","3",,,"16431.5068493151"
"2604272077","Centro","UNIT","apartamento","1690000","118",,"3","2",,,"14322.0338983051"
"2594917656","Jardim Praia Mar","UNIT","apartamento","680000","70",,"2","1",,,"9714.28571428571"
"2766853716","Varzea","UNIT","apartamento","649800","70",,"3","1","0","0","9282.85714285714"
"2746689795","Morretes","UNIT","comercial","838845","79",,"1","0",,"0","10618.2911392405"
"2763566541","Morretes","UNIT","apartamento","715000","58",,"3","1",,,"12327.5862068966"
"2560637227","Morretes","UNIT","casa","550001","75",,"3","2","500","0","7333.34666666667"
"2754662609","Andorinha","UNIT","apartamento","4499880","224",,"5","3","1","1000","20088.75"
"2646971012","Castelo Branco","UNIT","apartamento","2300000","170",,"3","2",,"800","13529.4117647059"
"2675654608","Morretes","UNIT","apartamento","615000","74",,"2","1","0",,"8310.81081081081"
"2764635032","Tabuleiro dos Oliveiras","UNIT","apartamento","750000","70",,"2","1","0","0","10714.2857142857"
"2692122674","Morretes","UNIT","casa","720000","110",,"3","2",,,"6545.45454545455"
"2756788625","Meia Praia","UNIT","apartamento","9480000","201",,"5","3",,,"47164.1791044776"
"2715169501","Meia Praia","UNIT","apartamento","2800000","190",,"5","4",,,"14736.8421052632"
"2744012694","Meia Praia","UNIT","apartamento","1800000","135",,"3","3",,,"13333.3333333333"
"2764894831","Centro","UNIT","apartamento","2600000","125",,"4","2","0","0","20800"
"2630291012","Andorinha","UNIT","apartamento","1920000","137",,"4","3",,"0","14014.598540146"
"2640260770","Meia Praia","UNIT","apartamento","2200000","145",,"4","2","0",,"15172.4137931034"
"2560060053","Meia Praia","UNIT","apartamento","1401397","98",,"4","2",,,"14299.9693877551"
"2650233827","Centro","UNIT","apartamento","1599000","85",,"2","1","150","499","18811.7647058824"
"2704343766","Andorinha","UNIT","apartamento","1793279","151",,"4","2","10","10","11876.0198675497"
"2611242139","Meia Praia","UNIT","apartamento","1250000","100",,"4","2","2800","520","12500"
"2626748055","Meia Praia","UNIT","apartamento","1170000","98",,"3","2","0","500","11938.7755102041"
"2761876928","Meia Praia","UNIT","apartamento","4350000","188",,"5","3",,,"23138.2978723404"
"2763412515","Meia Praia","UNIT","apartamento","3950000","185",,"4","3",,,"21351.3513513513"
"2692414962","Meia Praia","UNIT","apartamento","7888000","166",,"5","3",,,"47518.0722891566"
"2754746757","Meia Praia","UNIT","apartamento","1846497","150",,"4","3",,"0","12309.98"
"2740811800","Jardim Praia Mar","UNIT","apartamento","692900","70",,"2","1","1","1","9898.57142857143"
"2755058480","Tabuleiro dos Oliveiras","UNIT","apartamento","660000","60",,"2","1","0","0","11000"
"2750494793","Andorinha","UNIT","apartamento","1500000","113",,"3","2",,,"13274.3362831858"
"2560637479","Morretes","UNIT","casa","584000","74",,"2","2","1000","0","7891.89189189189"
"2763256041","Meia Praia","UNIT","apartamento","1350000","140",,"3","1","2000","500","9642.85714285714"
"2483937082","Casa Branca","UNIT","apartamento","890000","69",,"2","1","0","0","12898.5507246377"
"2748869401","Morretes","UNIT","apartamento","1230000","114",,"4","2","120","1593","10789.4736842105"
"2759374825","Andorinha","UNIT","apartamento","2200000","134",,"4","2","0","0","16417.9104477612"
"2766855019","Meia Praia","UNIT","apartamento","3699800","199",,"5","3","0","0","18591.959798995"
"2766855130","Centro","UNIT","apartamento","1439000","117",,"4","2","0","0","12299.1452991453"
"2557257980","Morretes","UNIT","apartamento","670000","66",,"2","1",,,"10151.5151515152"
"2739911515","Morretes","UNIT","apartamento","780000","63",,"3","1","1","1","12380.9523809524"
"2564319607","Meia Praia","UNIT","apartamento","2500000","193",,"4","2",,,"12953.3678756477"
"2599797468","Andorinha","UNIT","apartamento","1473000","122",,"4","2","0",,"12073.7704918033"
"2727224039","Meia Praia","UNIT","apartamento","11016656","249",,"5","3","0","0","44243.5983935743"
"2736449531","Meia Praia","UNIT","apartamento","1199000","130",,"2","1","150","500","9223.07692307692"
"2689586923","Castelo Branco","UNIT","apartamento","1050000","70",,"3","2","150","500","15000"
"2703241339","Morretes","UNIT","casa","650000","90",,"3","1","500","0","7222.22222222222"
"2560637581","Morretes","UNIT","apartamento","835000","70",,"2","1","1000","350","11928.5714285714"
"2763649733","Meia Praia","UNIT","apartamento","1890000","154",,"4","3","46800","730","12272.7272727273"
"2526933208","Meia Praia","UNIT","apartamento","2699000","177",,"5","3","0","0","15248.5875706215"
"2766131039","Canto da Praia","UNIT","apartamento","2349900","233",,"4","2",,,"10085.4077253219"
"2720271070","Jardim Praia Mar","UNIT","apartamento","680000","64",,"1","1",,"470","10625"
"2741514089","Morretes","UNIT","apartamento","835000","70",,"3","2","0","0","11928.5714285714"
"2757660227","Casa Branca","UNIT","terreno","1700000","2278",,"0","0","3434","1666","746.268656716418"
"2690221184","Castelo Branco","UNIT","apartamento","1259000","100",,"2","1",,"197","12590"
"2564237649","Andorinha","UNIT","apartamento","1380576","87",,"1","1",,"0","15868.6896551724"
"2685104561","Meia Praia","UNIT","apartamento","5000000","232",,"6","3","2500","900","21551.724137931"
"2615046038","Meia Praia","UNIT","apartamento","4680000","195",,"4","2",,,"24000"
"2757817757","<vazio>","UNIT","apartamento","830000","67",,"3","1","0","0","12388.0597014925"
"2561226115","Centro","UNIT","apartamento","1300000","87",,"3","2",,"0","14942.5287356322"
"2745601635","Andorinha","UNIT","apartamento","1194000","101",,"2","1","1570","570","11821.7821782178"
"2764894828","Meia Praia","UNIT","apartamento","4680000","195",,"5","2","4873","1315","24000"
"2654678281","meia praia","UNIT","apartamento","1650000","114",,"4","2","0","0","14473.6842105263"
"2727576300","Centro","UNIT","apartamento","897897","65",,"2","1","0","0","13813.8"
"2757201514","Andorinha","UNIT","apartamento","1323176","111",,"2","2",,"0","11920.5045045045"
"2736751433","Canto da Praia","UNIT","apartamento","1217000","87",,"3","2","1","1","13988.5057471264"
"2636803922","Morretes","UNIT","apartamento","615000","70",,"2","1","400",,"8785.71428571429"
"2730384368","Meia Praia","UNIT","apartamento","2383750","129",,"4","0","0","0","18478.6821705426"
"2730619857","Andorinha","UNIT","apartamento","2868800","186",,"5","3",,,"15423.6559139785"
"2754744839","Meia Praia","UNIT","apartamento","13832699","200",,"6","3",,"0","69163.495"
"2736866720","Meia Praia","UNIT","apartamento","1100000","41",,"1","1","500","450","26829.2682926829"
"2720508739","Meia Praia","UNIT","apartamento","3950000","185",,"4","3",,,"21351.3513513513"
"2761878728","Meia Praia","UNIT","apartamento","4380000","315",,"5","3",,,"13904.7619047619"
"2761579915","Meia Praia","UNIT","apartamento","4000000","254",,"6","3",,,"15748.031496063"
"2766853314","Canto da Praia","UNIT","apartamento","1079800","98",,"3","2","0","0","11018.3673469388"
"2658421697","Meia Praia","UNIT","apartamento","9998000","180",,"5","3","0","0","55544.4444444444"
"2598695357","Castelo Branco","UNIT","apartamento","1699000","133",,"3","3","0","800","12774.4360902256"
"2658212339","Castelo Branco","UNIT","apartamento","4309000","166",,"4","3","0","0","25957.8313253012"
"2712550404","Andorinha","UNIT","apartamento","1400000","120",,"1","1","1300","547","11666.6666666667"
"2693871686","Morretes","UNIT","casa","590000","85",,"2","2","500","0","6941.17647058824"
"2606343197","Andorinha","UNIT","apartamento","2800000","202",,"4","3",,,"13861.3861386139"
"2749233393","Meia Praia","UNIT","apartamento","1410509","140",,"4","2",,,"10075.0642857143"
"2720511652","Meia Praia","UNIT","apartamento","2300000","150",,"3","3","400","1200","15333.3333333333"
"2723072731","Castelo Branco","UNIT","apartamento","1495000","141",,"3","0","0","0","10602.8368794326"
"2746550519","Morretes","UNIT","casa","579000","70",,"3","1","500","0","8271.42857142857"
"2764974906","Meia Praia","UNIT","apartamento","1490000","172",,"3","2","1550","800","8662.79069767442"
"2767584414","Morretes","UNIT","apartamento","604600","69",,"1","1","100",,"8762.31884057971"
"2728865335","Castelo Branco","UNIT","apartamento","1835000","142",,"5","2",,,"12922.5352112676"
"2560637441","Morretes","UNIT","casa","580001","80",,"3","2","1000","0","7250.0125"
"2624573916","Meia Praia","UNIT","apartamento","1998000","173",,"5","3","0","0","11549.1329479769"
"2764631051","Meia Praia","UNIT","apartamento","885445","4437",,"1","1","0","0","199.55938697318"
"2761509532","Meia Praia","UNIT","apartamento","1700000","217",,"4","2",,"960","7834.10138248848"
"2764895313","<vazio>","UNIT","apartamento","1048000","110",,"2","2","0","0","9527.27272727273"
"2749230115","Centro","UNIT","apartamento","5099000","165",,"4","3",,,"30903.0303030303"
"2673148296","Andorinha","UNIT","apartamento","1500000","130",,"3","2","1","1","11538.4615384615"
"2652723019","Meia Praia","UNIT","apartamento","2598800","185",,"5","3",,,"14047.5675675676"
"2537838382","Centro","UNIT","apartamento","8602000","229",,"5","3","0",,"37563.3187772926"
"2625260362","Meia Praia","UNIT","apartamento","1700000","100",,"4","2","0","0","17000"
"2646969747","Morretes","UNIT","apartamento","890000","68",,"1","1",,,"13088.2352941176"
"2766853815","Meia Praia","UNIT","apartamento","3689800","202",,"5","3","0","0","18266.3366336634"
"2766852322","Andorinha","UNIT","apartamento","1449800","148",,"5","3","0","0","9795.94594594595"
"2764007013","Meia Praia","UNIT","apartamento","617000","43",,"1","1","590","600","14348.8372093023"
"2763649138","Meia Praia","UNIT","apartamento","3700000","160",,"5","3","44400","1143","23125"
"2765018995","<vazio>","UNIT","apartamento","12998800","457",,"5","3","1","1","28443.7636761488"
"2748077316","Morretes","UNIT","apartamento","525500","60",,"2","1","750","250","8758.33333333333"
"2723208916","Meia Praia","UNIT","apartamento","1100000","113",,"2","1",,"400","9734.51327433628"
"2693494819","Morretes","UNIT","apartamento","900463","64",,"1","1","10","0","14069.734375"
"2764853514","Morretes","UNIT","casa","15000000","500",,"5","4","22000","2170","30000"
"2754482105","Canto da Praia","UNIT","apartamento","7650000","350",,"5","4","0",,"21857.1428571429"
"2644957516","Castelo Branco","UNIT","apartamento","1100000","150",,"3","2","0","890","7333.33333333333"
"2715509295","Meia Praia","UNIT","apartamento","1990000","153",,"4","3","110","790","13006.5359477124"
"2585039386","Centro","UNIT","apartamento","2750000","216",,"5","3",,,"12731.4814814815"
"2693330614","Meia Praia","UNIT","apartamento","800000","78",,"2","1","600","600","10256.4102564103"
"2755493299","Meia Praia","UNIT","apartamento","1655000","127",,"4","2",,,"13031.4960629921"
"2752964593","Meia Praia","UNIT","apartamento","860000","126",,"1","1","650","400","6825.39682539683"
"2761579615","Meia Praia","UNIT","apartamento","1684000","105",,"3","2",,,"16038.0952380952"
"2761578127","Meia Praia","UNIT","apartamento","4380000","315",,"5","3",,,"13904.7619047619"
"2736688518","Morretes","UNIT","apartamento","550000","68",,"3","1","1","415","8088.23529411765"
"2766854833","Andorinha","UNIT","apartamento","1690000","126",,"4","4","0","600","13412.6984126984"
"2684664257","Meia Praia","UNIT","apartamento","4955266","202",,"5","2","0",,"24531.0198019802"
"2735567021","Casa Branca","UNIT","casa","6999000","419",,"5","8","0","0","16704.0572792363"
"2716785833","Meia Praia","UNIT","apartamento","1684907","125",,"4","2",,,"13479.256"
"2761579322","Meia Praia","UNIT","apartamento","7300000","205",,"5","3",,,"35609.756097561"
"2683019097","Meia Praia","UNIT","apartamento","3458272","190",,"5","3","0",,"18201.4315789474"
"2560059690","Meia Praia","UNIT","apartamento","2969869","206",,"5","3",,,"14416.8398058252"
"2560060466","Morretes","UNIT","apartamento","652870","67",,"3","1",,,"9744.32835820896"
"2678053982","Morretes","UNIT","casa","550000","85",,"3","2","600","0","6470.58823529412"
"2764632235","Morretes","UNIT","apartamento","650000","66",,"2","1","0","0","9848.48484848485"
"2562905402","Canto da Praia","UNIT","apartamento","5250000","202",,"4","4",,,"25990.099009901"
"2701902573","Centro","UNIT","casa","599000","78",,"3","1","500","0","7679.48717948718"
"2735382423","Meia Praia","UNIT","apartamento","3600000","153",,"4","3","0",,"23529.4117647059"
"2760475317","Meia Praia","UNIT","apartamento","1495000","144",,"2","2","0",,"10381.9444444444"
"2558917663","Tabuleiro dos Oliveiras","UNIT","apartamento","750000","70",,"3","1","1","1","10714.2857142857"
"2700194434","Morretes","UNIT","casa","450000","70",,"2","1","500","0","6428.57142857143"
"2721544939","Centro","UNIT","apartamento","800000","63",,"1","1","0",,"12698.4126984127"
"2723209712","Meia Praia","UNIT","apartamento","2200000","155",,"4","3",,"500","14193.5483870968"
"2763107133","Meia Praia","UNIT","apartamento","6158564","240",,"5","3","7306","820","25660.6833333333"
"2667843788","Andorinha","UNIT","apartamento","1400000","118",,"4","1","0","0","11864.406779661"
"2751638996","Meia Praia","UNIT","apartamento","989000","87",,"3","2","900","400","11367.816091954"
"2664165624","Meia Praia","UNIT","apartamento","2299000","128",,"4","2","2500","580","17960.9375"
"2677838302","Centro","UNIT","apartamento","999000","108",,"2","1","1350","465","9250"
"2764634324","Centro","UNIT","apartamento","950000","112",,"2","1","768","316","8482.14285714286"
"2769149732","Andorinha","UNIT","apartamento","617412","43",,"1","1",,,"14358.4186046512"
"2733863026","Meia Praia","UNIT","apartamento","1684000","105",,"3","2","0",,"16038.0952380952"
"2759358815","Meia Praia","UNIT","apartamento","1450000","115",,"3","2",,,"12608.6956521739"
"2764220420","Tabuleiro dos Oliveiras","UNIT","apartamento","660000","60",,"1","1",,,"11000"
"2560637688","Morretes","UNIT","casa","620000","85",,"3","2","600",,"7294.11764705882"
"2534697293","Meia Praia","UNIT","apartamento","4850000","188",,"4","3","0",,"25797.8723404255"
"2750283493","Meia Praia","UNIT","apartamento","1799000","162",,"3","2",,,"11104.9382716049"
"2593072995","Andorinha","UNIT","apartamento","1540000","114",,"3","2",,,"13508.7719298246"
"2677404600","Canto da Praia","UNIT","apartamento","1495000","100",,"2","2",,"3","14950"
"2760004765","Andorinha","UNIT","apartamento","1746875","138",,"4","2",,,"12658.5144927536"
"2667618909","Jardim Praia Mar","UNIT","apartamento","630000","62",,"2","1","1","1","10161.2903225806"
"2720508742","Meia Praia","UNIT","apartamento","1650000","113",,"4","2",,,"14601.7699115044"
"2663985698","Meia Praia","UNIT","apartamento","1800000","115",,"4","2","1200","480","15652.1739130435"
"2712474197","Andorinha","UNIT","apartamento","750000","41",,"1","1","1000","350","18292.6829268293"
"2705609320","Meia Praia","UNIT","apartamento","2002000","122",,"4","2",,,"16409.8360655738"
"2613764805","Andorinha","UNIT","apartamento","1350000","112",,"3","2",,,"12053.5714285714"
"2747222409","Meia Praia","UNIT","apartamento","1200000","112",,"2","1","150","499","10714.2857142857"
"2711618648","Centro","UNIT","apartamento","1190000","95",,"3","2","1","1","12526.3157894737"
"2636328485","Meia Praia","UNIT","apartamento","2490000","137",,"3","2",,,"18175.1824817518"
"2613247197","Castelo Branco","UNIT","apartamento","1450000","125",,"3","2",,,"11600"
"2713940916","Centro","UNIT","apartamento","2998800","150",,"4","3","0",,"19992"
"2646971469","Meia Praia","UNIT","apartamento","1650000","145",,"1","2","1800","495","11379.3103448276"
"2626576217","Meia Praia","UNIT","apartamento","2349000","142",,"4","3","0","0","16542.2535211268"
"2725065736","Meia Praia","UNIT","apartamento","1599000","145",,"3","2","250","499","11027.5862068966"
"2766852023","Centro","UNIT","apartamento","1294800","126",,"4","2","0","0","10276.1904761905"
"2656857529","Morretes","UNIT","terreno","630000","283",,"0","0","500",,"2226.14840989399"
"2752420329","Meia Praia","UNIT","apartamento","1350000","123",,"4","2","1400","500","10975.6097560976"
"2674421693","Meia Praia","UNIT","apartamento","1229000","95",,"4","2","0",,"12936.8421052632"
"2761509529","Meia Praia","UNIT","apartamento","1000000","87",,"3","2",,"500","11494.2528735632"
"2766852434","Morretes","UNIT","apartamento","628800","70",,"3","1","0","0","8982.85714285714"
"2766854114","Meia Praia","UNIT","apartamento","1998800","160",,"4","3","0","550","12492.5"
"2748436614","Andorinha","UNIT","apartamento","3973450","129",,"4","3",,"0","30801.9379844961"
"2763792208","Canto da Praia","UNIT","apartamento","7650000","350",,"7","4",,,"21857.1428571429"
"2658471009","Meia Praia","UNIT","apartamento","3500000","142",,"3","3",,,"24647.8873239437"
"2763090149","Tabuleiro dos Oliveiras","UNIT","apartamento","820000","68",,"2","1",,,"12058.8235294118"
"2761876929","Meia Praia","UNIT","apartamento","1640157","113",,"3","2",,,"14514.6637168142"
"2575450238","Andorinha","UNIT","apartamento","2512000","169",,"4","4","0","0","14863.9053254438"
"2729795035","Andorinha","UNIT","apartamento","1800000","150",,"4","2",,"490","12000"
"2760115025","Castelo Branco","UNIT","apartamento","1600000","105",,"4","2","1000","750","15238.0952380952"
"2754746315","Andorinha","UNIT","apartamento","1940000","143",,"4","3",,"0","13566.4335664336"
"2764631833","Morretes","UNIT","apartamento","677000","70",,"2","1","1","1","9671.42857142857"
"2626747869","Meia Praia","UNIT","apartamento","2200000","127",,"4","3","0","0","17322.8346456693"
"2710359428","Meia Praia","UNIT","apartamento","1600000","122",,"4","2","1200","680","13114.7540983607"
"2715657103","Morretes","UNIT","apartamento","850973","70",,"3","2",,,"12156.7571428571"
"2520070575","Meia Praia","UNIT","apartamento","2547938","150",,"4","3","0",,"16986.2533333333"
"2580205517","Meia Praia","UNIT","apartamento","1980000","223",,"5","2","0","0","8878.92376681614"
"2760121924","Andorinha","UNIT","apartamento","2036000","118",,"4","3","0","0","17254.2372881356"
"2726610252","Andorinha","UNIT","apartamento","2199000","160",,"4","3",,,"13743.75"
"2740351604","Tabuleiro dos Oliveiras","UNIT","apartamento","780000","70",,"3","2","0","0","11142.8571428571"
"2766854717","Andorinha","UNIT","apartamento","1580000","126",,"4","2","0","550","12539.6825396825"
"2750329611","Andorinha","UNIT","apartamento","1182000","120",,"3","2",,,"9850"
"2752619507","Meia Praia","UNIT","apartamento","9980000","180",,"5","4",,"2105","55444.4444444444"
"2684061042","Morretes","UNIT","casa","630000","95",,"3","2","500","0","6631.57894736842"
"2761937530","Andorinha","UNIT","casa","1799160","140",,"3","4","2900","1","12851.1428571429"
"2571720759","Meia Praia","UNIT","apartamento","1500000","151",,"3","2",,,"9933.77483443709"
"2562263247","Meia Praia","UNIT","apartamento","3500000","200",,"4","3",,,"17500"
"2743161094","Centro","UNIT","apartamento","5300000","200",,"5","4","0","0","26500"
"2747203318","Centro","UNIT","apartamento","1500000","116",,"4","2","0","0","12931.0344827586"
"2626576933","Meia Praia","UNIT","apartamento","3100000","128",,"4","3","1","1","24218.75"
"2747201644","Andorinha","UNIT","apartamento","1500000","75",,"2","2","0","0","20000"
"2563314182","Morretes","UNIT","apartamento","830000","70",,"2","1",,,"11857.1428571429"
"2689534443","Meia Praia","UNIT","apartamento","8718723","417",,"5","4","1200","1800","20908.2086330935"
"2763091015","Meia Praia","UNIT","apartamento","2300000","142",,"4","3",,,"16197.1830985915"
"2767582255","Morretes","UNIT","apartamento","575000","85",,"1","2","550","230","6764.70588235294"
"2706822046","Morretes","UNIT","apartamento","686489","70",,"2","1",,,"9806.98571428571"
"2738091328","Meia Praia","UNIT","apartamento","1636974","109",,"3","2","0",,"15018.1100917431"
"2713242040","Centro","UNIT","apartamento","850000","80",,"2","1","150","499","10625"
"2728249701","meia praia","UNIT","apartamento","2100000","150",,"4","2","2500","900","14000"
"2694377824","Morretes","UNIT","casa","550000","75",,"3","2","500","0","7333.33333333333"
"2701954675","Meia Praia","UNIT","comercial","1750000","190",,"1","1","700","500","9210.52631578947"
"2662712361","Tabuleiro dos Oliveiras","UNIT","apartamento","800000","70",,"2","1",,,"11428.5714285714"
"2687073439","Tabuleiro dos Oliveiras","UNIT","apartamento","782900","85",,"1","1",,,"9210.58823529412"
"2693495016","Morretes","UNIT","apartamento","839980","64",,"1","1","10","0","13124.6875"
"2510619008","Andorinha","UNIT","apartamento","1990000","164",,"5","3","0","0","12134.1463414634"
"2682561555","Castelo Branco","UNIT","apartamento","1231000","105",,"4","2","1000","500","11723.8095238095"
"2758685317","Meia Praia","UNIT","apartamento","11800000","217",,"5","3",,,"54377.8801843318"
"2628243255","Meia Praia","UNIT","apartamento","1655000","116",,"4","2","0",,"14267.2413793103"
"2569451172","Meia Praia","UNIT","apartamento","1400000","162",,"5","3",,,"8641.97530864198"
"2579474532","Meia Praia","UNIT","apartamento","1850000","142",,"3","3",,,"13028.1690140845"
"2751985350","Tabuleiro dos Oliveiras","UNIT","apartamento","650000","60",,"1","1","0",,"10833.3333333333"
"2766855717","Centro","UNIT","apartamento","1699800","127",,"4","2","0","0","13384.2519685039"
"2747201648","Meia Praia","UNIT","apartamento","2800000","182",,"5","4","0","0","15384.6153846154"
"2762693718","Morretes","UNIT","apartamento","680000","60",,"2","1","600","300","11333.3333333333"
"2637495198","Morretes","UNIT","casa","629000","100",,"3","2","500","0","6290"
"2763087531","Meia Praia","UNIT","apartamento","3790900","180",,"5","3",,,"21060.5555555556"
"2705721144","Morretes","UNIT","casa","450000","70",,"2","1","500","0","6428.57142857143"
"2646971192","Castelo Branco","UNIT","apartamento","980000","114",,"2","1","900","346","8596.49122807018"
"2670928109","Tabuleiro dos Oliveiras","UNIT","apartamento","810000","68",,"3","1","1","1","11911.7647058824"
"2599921578","Morretes","UNIT","casa","780000","110",,"3","2","1000",,"7090.90909090909"
"2560637574","Morretes","UNIT","casa","580001","80",,"3","2","1000","0","7250.0125"
"2677059406","Centro","UNIT","apartamento","1370000","195",,"5","3","320","700","7025.64102564103"
"2755977813","Meia Praia","UNIT","apartamento","2000000","158",,"5","3",,,"12658.2278481013"
"2761133418","Meia Praia","UNIT","apartamento","1450000","115",,"1","2","1800","800","12608.6956521739"
"2764220515","Meia Praia","UNIT","apartamento","1500000","147",,"1","1","750","520","10204.0816326531"
"2742883934","Meia Praia","UNIT","apartamento","1475000","121",,"2","1","1000","450","12190.0826446281"
"2693494542","Morretes","UNIT","apartamento","895200","64",,"1","1","10","0","13987.5"
"2558703395","<vazio>","UNIT","apartamento","550000","100",,"2","1",,,"5500"
"2633492775","Meia Praia","UNIT","apartamento","1454000","120",,"3","2",,,"12116.6666666667"
"2626942444","Castelo Branco","UNIT","apartamento","1850000","128",,"4","3","1300","580","14453.125"
"2700826518","Alto S?o Bento","UNIT","casa","849450","90",,"2","3","1445","1","9438.33333333333"
"2740319593","Morretes","UNIT","apartamento","660000","70",,"3","1","800","300","9428.57142857143"
"2765357518","Morretes","UNIT","apartamento","890000","79",,"3","2","0","0","11265.8227848101"
"2694169798","Meia Praia","UNIT","apartamento","1150000","145",,"3","1","1200","450","7931.03448275862"
"2711578394","Meia Praia","UNIT","apartamento","1150000","120",,"3","2","1200","500","9583.33333333333"
"2658435458","Meia Praia","UNIT","apartamento","5500000","230",,"5","3","0","0","23913.0434782609"
"2541691304","Meia Praia","UNIT","apartamento","3550000","228",,"4","3","0","650","15570.1754385965"
"2633099566","Andorinha","UNIT","apartamento","5350000","190",,"5","3","0",,"28157.8947368421"
"2654675566","Andorinha","UNIT","apartamento","1450000","120",,"3","2",,"3","12083.3333333333"
"2764630659","Morretes","UNIT","apartamento","950000","110",,"3","2","458","300","8636.36363636364"
"2752619593","Meia Praia","UNIT","apartamento","9710000","180",,"5","4",,"2105","53944.4444444444"
"2728210174","Meia Praia","UNIT","apartamento","1265000","118",,"4","2","0","475","10720.3389830508"
"2583687976","Morretes","UNIT","apartamento","615000","74",,"2","1","850","300","8310.81081081081"
"2740881150","Meia Praia","UNIT","apartamento","833000","69",,"3","1","1","0","12072.4637681159"
"2730783271","Meia Praia","UNIT","apartamento","1982018","158",,"1","3",,,"12544.417721519"
"2763088539","Meia Praia","UNIT","apartamento","9710000","180",,"5","4",,,"53944.4444444444"
"2746259694","Morretes","UNIT","casa","650000","110",,"3","2","395",,"5909.09090909091"
"2528540579","Centro","UNIT","apartamento","2964993","153",,"4","3","0",,"19379.0392156863"
"2702328416","Meia Praia","UNIT","apartamento","919000","74",,"2","2","0","455","12418.9189189189"
"2606115977","Meia Praia","UNIT","apartamento","1530000","105",,"3","2",,,"14571.4285714286"
"2703397184","Meia Praia","UNIT","apartamento","3700000","158",,"5","3","10","10","23417.7215189873"
"2721919538","Meia Praia","UNIT","apartamento","695000","70",,"3","1","500","430","9928.57142857143"
"2626745119","Centro","UNIT","apartamento","2990000","138",,"4","3","0","0","21666.6666666667"
"2670891949","Meia Praia","UNIT","apartamento","2294848","160",,"4","3",,"1500","14342.8"
"2635159503","Andorinha","UNIT","apartamento","2350000","163",,"4","3",,,"14417.1779141104"
"2726411080","Meia Praia","UNIT","apartamento","1878000","150",,"4","3",,,"12520"
"2666597505","Morretes","UNIT","apartamento","879550","68",,"2","1","0","0","12934.5588235294"
"2761579332","Meia Praia","UNIT","apartamento","1900000","100",,"1","2",,,"19000"
"2754747730","Meia Praia","UNIT","apartamento","1870301","151",,"4","2",,"0","12386.0993377483"
"2742769285","Morretes","UNIT","casa","819001","130",,"3","2","500","0","6300.00769230769"
"2752504021","Meia Praia","UNIT","apartamento","650000","40",,"1","1","0","0","16250"
"2670314507","Andorinha","UNIT","apartamento","1399000","123",,"4","1","1139","800","11373.9837398374"
"2682999909","Meia Praia","UNIT","apartamento","2680000","178",,"4","2","0","0","15056.1797752809"
"2669014894","Morretes","UNIT","apartamento","1500000","90",,"2","1","1200","780","16666.6666666667"
"2760452027","Meia Praia","UNIT","apartamento","1900000","124",,"4","2",,"0","15322.5806451613"
"2761880016","Meia Praia","UNIT","apartamento","2800000","181",,"5","4",,,"15469.6132596685"
"2762785931","Meia Praia","UNIT","apartamento","5000000","223",,"5","3","0","1000","22421.5246636771"
"2729354440","Meia Praia","UNIT","apartamento","1500000","126",,"1","2","0","0","11904.7619047619"
"2760274857","Meia Praia","UNIT","apartamento","18835640","402",,"7","6",,,"46854.8258706468"
"2538966415","Morretes","UNIT","apartamento","780000","69",,"2","1","0",,"11304.347826087"
"2751582495","Alto S?o Bento","UNIT","apartamento","549000","60",,"1","1","1","1","9150"
"2738362259","Morretes","UNIT","casa","829000","110",,"2","2","0","0","7536.36363636364"
"2608015773","Meia Praia","UNIT","apartamento","1550000","120",,"4","2","0",,"12916.6666666667"
"2693494821","Morretes","UNIT","apartamento","823987","64",,"1","1","10","0","12874.796875"
"2643991983","Jardim Praia Mar","UNIT","apartamento","589000","64",,"2","1","0","290","9203.125"
"2698705094","<vazio>","UNIT","apartamento","1191000","120",,"3","2",,,"9925"
"2628486796","Centro","UNIT","apartamento","1315000","100",,"2","2","0",,"13150"
"2754745140","Meia Praia","UNIT","apartamento","1310000","92",,"3","2",,"0","14239.1304347826"
"2560637168","Morretes","UNIT","casa","550000","80",,"3","1","1000","0","6875"
"2748356213","Meia Praia","UNIT","apartamento","1500000","134",,"4","2","0","630","11194.0298507463"
"2698138393","Meia Praia","UNIT","apartamento","4765644","205",,"4","3",,,"23247.043902439"
"2763088538","Andorinha","UNIT","apartamento","2100000","132",,"4","2",,,"15909.0909090909"
"2761880020","Castelo Branco","UNIT","apartamento","1750000","122",,"3","2",,,"14344.262295082"
"2764631063","Meia Praia","UNIT","apartamento","1400000","112",,"4","2","1500","600","12500"
"2764633344","Meia Praia","UNIT","apartamento","1590000","190",,"4","2","0","0","8368.42105263158"
"2686050807","Centro","UNIT","apartamento","2790000","137",,"4","3","0","0","20364.9635036496"
"2562905683","Meia Praia","UNIT","apartamento","1681000","116",,"3","2",,,"14491.3793103448"
"2672324776","Meia Praia","UNIT","apartamento","2000000","172",,"4","3","0",,"11627.9069767442"
"2566389719","Ilhota","UNIT","apartamento","2663385","146",,"5","2","0",,"18242.3630136986"
"2736813743","Centro","UNIT","apartamento","1695000","141",,"4","2","0","0","12021.2765957447"
"2632147576","Andorinha","UNIT","apartamento","8733544","417",,"6","4","0",,"20943.7505995204"
"2560060056","Morretes","UNIT","apartamento","705000","62",,"2","1",,,"11370.9677419355"
"2606559299","Morretes","UNIT","apartamento","862000","65",,"3","1","1000","350","13261.5384615385"
"2725058158","Centro","UNIT","apartamento","2148800","164",,"4","3","0","0","13102.4390243902"
"2692428353","Meia Praia","UNIT","apartamento","1100000","118",,"4","2","153","400","9322.03389830508"
"2636102610","Centro","UNIT","apartamento","2698800","163",,"4","3","0","0","16557.0552147239"
"2569451170","Meia Praia","UNIT","apartamento","1398000","139",,"3","2",,,"10057.5539568345"
"2692685399","Morretes","UNIT","apartamento","902000","69",,"2","1","0","0","13072.4637681159"
"2734025319","Centro","UNIT","apartamento","1249582","111",,"3","0",,,"11257.4954954955"
"2499390409","Meia Praia","UNIT","apartamento","1600000","130",,"4","2",,,"12307.6923076923"
"2659934461","Meia Praia","UNIT","apartamento","949000","98",,"2","1","600","353","9683.67346938776"
"2681794614","Morretes","UNIT","casa","550000","70",,"3","2","500","0","7857.14285714286"
"2693494541","Morretes","UNIT","apartamento","924956","64",,"1","1","10","0","14452.4375"
"2631024826","Meia Praia","UNIT","apartamento","1699000","130",,"4","2","0","0","13069.2307692308"
"2743411589","Meia Praia","UNIT","apartamento","2890000","200",,"4","2",,"0","14450"
"2609063173","Meia Praia","UNIT","apartamento","3013670","182",,"4","3","0","450","16558.6263736264"
"2560637119","Morretes","UNIT","apartamento","695000","70",,"2","1","0","0","9928.57142857143"
"2580253103","Centro","UNIT","apartamento","1640000","115",,"4","2","0","1000","14260.8695652174"
"2642947903","Meia Praia","UNIT","apartamento","1598000","133",,"4","2","1200","400","12015.037593985"
"2605038810","Centro","UNIT","apartamento","1530000","135",,"3","3",,,"11333.3333333333"
"2650251104","Castelo Branco","UNIT","apartamento","1250000","113",,"3","2",,,"11061.9469026549"
"2663261593","Centro","UNIT","apartamento","3107280","160",,"4","3",,,"19420.5"
"2511794789","Meia Praia","UNIT","apartamento","8085000","179",,"6","3","0",,"45167.5977653631"
"2552506557","Centro","UNIT","apartamento","1908000","125",,"5","2","0",,"15264"
"2511795690","Centro","UNIT","apartamento","7888000","185",,"5","3","0",,"42637.8378378378"
"2763742916","Meia Praia","UNIT","apartamento","1420000","114",,"4","2","1400","988","12456.1403508772"
"2646971265","Meia Praia","UNIT","apartamento","2480000","153",,"3","2",,"600","16209.1503267974"
"2681589200","Andorinha","UNIT","apartamento","1000000","93",,"3","2","1","1","10752.688172043"
"2670495699","Jardim Praia Mar","UNIT","apartamento","538050","33",,"1","1","1","1","16304.5454545455"
"2764399125","Andorinha","UNIT","apartamento","1990000","129",,"4","3","1","0","15426.3565891473"
"2763194535","Varzea","UNIT","apartamento","596929","70",,"1","1","0",,"8527.55714285714"
"2757198545","Andorinha","UNIT","apartamento","1137660","95",,"3","2",,"0","11975.3684210526"
"2736455484","Meia Praia","UNIT","apartamento","1475000","121",,"2","1","150","500","12190.0826446281"
"2617954338","Meia Praia","UNIT","apartamento","1490000","123",,"3","2",,,"12113.8211382114"
"2630420758","Meia Praia","UNIT","apartamento","2870000","179",,"4","3",,,"16033.5195530726"
"2694648802","Centro","UNIT","apartamento","3390000","206",,"4","3",,,"16456.3106796117"
"2699898200","Meia Praia","UNIT","apartamento","1590000","125",,"4","3",,"408","12720"
"2720053866","Meia Praia","UNIT","apartamento","950000","75",,"2","2","650","470","12666.6666666667"
"2765017554","<vazio>","UNIT","casa","11800000","380",,"5","4","1","1","31052.6315789474"
"2723049641","Centro","UNIT","apartamento","1400000","135",,"4","2",,,"10370.3703703704"
"2754745134","Meia Praia","UNIT","apartamento","6500000","211",,"5","4",,"0","30805.6872037915"
"2754745940","Centro","UNIT","apartamento","1680000","111",,"4","2",,"0","15135.1351351351"
"2731155030","Jardim Praia Mar","UNIT","apartamento","643500","64",,"2","2",,,"10054.6875"
"2751610319","Morretes","UNIT","apartamento","10013000","380",,"5","3",,,"26350"
"2746261400","Morretes","UNIT","casa","649500","110",,"3","2","360",,"5904.54545454545"
"2668702218","Meia Praia","UNIT","apartamento","2600000","150",,"4","3","0",,"17333.3333333333"
"2764858086","Meia Praia","UNIT","apartamento","2300000","146",,"4","3","0","0","15753.4246575342"
"2767571211","Meia Praia","UNIT","apartamento","1300000","40",,"1","1",,,"32500"
"2511793017","Meia Praia","UNIT","apartamento","3100000","128",,"4","3","0",,"24218.75"
"2749228422","Meia Praia","UNIT","apartamento","1659000","110",,"3","2",,,"15081.8181818182"
"2569457806","Meia Praia","UNIT","apartamento","1400000","176",,"5","3",,,"7954.54545454545"
"2764980019","Andorinha","UNIT","apartamento","1400000","127",,"4","2","1890","690","11023.6220472441"
"2764779340","Centro","UNIT","apartamento","1500000","110",,"2","2","520","0","13636.3636363636"
"2766852524","Canto da Praia","UNIT","apartamento","1989800","137",,"4","2","0","975","14524.0875912409"
"2726600206","Morretes","UNIT","apartamento","790000","70",,"2","1",,,"11285.7142857143"
"2766853016","Meia Praia","UNIT","apartamento","1240800","111",,"4","2","0","0","11178.3783783784"
"2624659535","Meia Praia","UNIT","apartamento","7000000","181",,"5","3","0","0","38674.0331491713"
"2763109216","Meia Praia","UNIT","apartamento","3090000","126",,"4","3","3150","650","24523.8095238095"
"2766852820","Meia Praia","UNIT","apartamento","1349800","162",,"3","2","1100","600","8332.0987654321"
"2538359435","Meia Praia","UNIT","apartamento","2300000","135",,"4","2","4000","1000","17037.037037037"
"2761579813","Meia Praia","UNIT","apartamento","7810000","196",,"5","3",,,"39846.9387755102"
"2639704594","Andorinha","UNIT","apartamento","2850000","180",,"4","4","0","0","15833.3333333333"
"2560637419","Morretes","UNIT","apartamento","900000","70",,"2","1","1000","300","12857.1428571429"
"2677690820","Morretes","UNIT","apartamento","490000","60",,"1","1",,"3","8166.66666666667"
"2656735893","Centro","UNIT","apartamento","1400000","118",,"4","2",,"0","11864.406779661"
"2717269942","Morretes","UNIT","apartamento","3200000","180",,"4","2","0","1600","17777.7777777778"
"2747156302","Meia Praia","UNIT","apartamento","1684000","105",,"3","2","0","0","16038.0952380952"
"2729035845","Centro","UNIT","apartamento","1498000","124",,"3","2",,,"12080.6451612903"
"2560059837","Tabuleiro dos Oliveiras","UNIT","apartamento","790108","63",,"2","1",,,"12541.3968253968"
"2589335045","Centro","UNIT","apartamento","4038999","213",,"5","3","11","11","18962.4366197183"
"2732136113","Morretes","UNIT","apartamento","650000","70",,"1","1","450","300","9285.71428571429"
"2560060060","Meia Praia","UNIT","apartamento","9359829","198",,"5","3",,,"47271.8636363636"
"2711254196","Andorinha","UNIT","apartamento","950000","86",,"3","2","880","470","11046.511627907"
"2746556203","Morretes","UNIT","apartamento","799900","68",,"2","1","1000","400","11763.2352941176"
"2764979718","Meia Praia","UNIT","apartamento","1590000","129",,"4","2",,"0","12325.5813953488"
"2679480707","Meia Praia","UNIT","apartamento","2201409","172",,"5","3","0",,"12798.8895348837"
"2560056881","Meia Praia","UNIT","apartamento","1686311","138",,"4","2",,,"12219.6449275362"
"2755100005","Alto S?o Bento","UNIT","terreno","1100000","937",,"0","0","131","0","1173.95944503735"
"2720533534","Tabuleiro dos Oliveiras","UNIT","apartamento","697000","65",,"2","1",,,"10723.0769230769"
"2751815708","Meia Praia","UNIT","apartamento","1478000","122",,"3","2",,,"12114.7540983607"
"2733826525","Sert?o do Trombudo","UNIT","terreno","2300000","229",,"0","0",,,"10043.6681222707"
"2561071557","Morretes","UNIT","apartamento","797000","70",,"2","1","500","300","11385.7142857143"
"2718306376","Varzea","UNIT","apartamento","640000","66",,"2","1",,,"9696.9696969697"
"2754746749","Andorinha","UNIT","apartamento","1526569","120",,"4","2",,"0","12721.4083333333"
"2626580032","Centro","UNIT","apartamento","1690000","117",,"4","2","0","0","14444.4444444444"
"2744697119","Morretes","UNIT","apartamento","590000","69",,"2","1","0","0","8550.72463768116"
"2721108944","Morretes","UNIT","terreno","650000","288",,"0","0","500","0","2256.94444444444"
"2693494335","Morretes","UNIT","apartamento","897777","60",,"1","1","10","0","14962.95"
"2764631048","Meia Praia","UNIT","apartamento","1950000","1443",,"4","2","0","0","1351.35135135135"
"2668001715","Castelo Branco","UNIT","apartamento","2300000","219",,"5","2","0","550","10502.2831050228"
"2742325556","Castelo Branco","UNIT","apartamento","1480000","126",,"4","2","1200","500","11746.0317460317"
"2758556132","Meia Praia","UNIT","apartamento","2500000","132",,"3","2","0","0","18939.3939393939"
"2732128414","Morretes","UNIT","apartamento","525000","59",,"1","1",,"416","8898.30508474576"
"2746143506","Meia Praia","UNIT","apartamento","3900000","160",,"5","2",,,"24375"
"2693494918","Morretes","UNIT","apartamento","877180","64",,"1","1","10","0","13705.9375"
"2754746320","Meia Praia","UNIT","apartamento","900000","73",,"2","1",,"0","12328.7671232877"
"2643850988","Meia Praia","UNIT","apartamento","1600000","100",,"3","2","0","0","16000"
"2727020960","Andorinha","UNIT","apartamento","1390000","160",,"3","1",,,"8687.5"
"2736449551","Meia Praia","UNIT","apartamento","1399000","70",,"2","1","150","499","19985.7142857143"
"2763948625","Meia Praia","UNIT","apartamento","10500000","187",,"6","4","0","0","56149.7326203209"
"2736286105","Tabuleiro dos Oliveiras","UNIT","apartamento","677000","69",,"2","2","0","0","9811.59420289855"
"2761579814","Meia Praia","UNIT","apartamento","9998000","180",,"5","4",,,"55544.4444444444"
"2629631976","Morretes","UNIT","apartamento","700000","67",,"2","1",,,"10447.7611940299"
"2760888531","Morretes","UNIT","apartamento","850000","70",,"2","1","0","0","12142.8571428571"
"2763109127","Meia Praia","UNIT","apartamento","1495000","108",,"2","2","0","1300","13842.5925925926"
"2764631828","Meia Praia","UNIT","apartamento","995000","89",,"2","1","600","550","11179.7752808989"
"2754745135","Meia Praia","UNIT","apartamento","6544428","212",,"4","3",,"0","30869.9433962264"
"2717140156","Morretes","UNIT","apartamento","550000","70",,"1","1",,,"7857.14285714286"
"2740323794","Varzea","UNIT","apartamento","688000","70",,"2","1","0","0","9828.57142857143"
"2763649734","Castelo Branco","UNIT","apartamento","1430000","125",,"4","2",,"700","11440"
"2633099795","Meia Praia","UNIT","apartamento","899000","81",,"3","1","0",,"11098.7654320988"
"2727435555","Morretes","UNIT","apartamento","774000","73",,"3","1","0","0","10602.7397260274"
"2730810537","Meia Praia","UNIT","apartamento","3150000","169",,"1","3","0","3150000","18639.0532544379"
"2748771111","Castelo Branco","UNIT","apartamento","1490000","125",,"3","2",,,"11920"
"2569455779","Castelo Branco","UNIT","apartamento","1380000","140",,"4","2",,,"9857.14285714286"
"2636113397","Canto da Praia","UNIT","apartamento","1590000","116",,"3","2",,,"13706.8965517241"
"2755583979","Meia Praia","UNIT","apartamento","2280000","178",,"4","3","0","0","12808.9887640449"
"2764979714","Meia Praia","UNIT","apartamento","1100000","100",,"2","1","980","500","11000"
"2735197515","Meia Praia","UNIT","comercial","1900000","140",,"0","2",,,"13571.4285714286"
"2560637342","Morretes","UNIT","casa","580000","90",,"3","2","500","0","6444.44444444444"
"2712552306","Sert?o do Trombudo","UNIT","apartamento","680000","73",,"1","0",,,"9315.06849315069"
"2736707655","Canto da Praia","UNIT","apartamento","1690000","116",,"4","2","400","800","14568.9655172414"
"2560637735","Morretes","UNIT","apartamento","580000","70",,"2","1","1000","350","8285.71428571429"
"2731047327","Andorinha","UNIT","apartamento","2199000","160",,"4","3",,,"13743.75"
"2763412716","Varzea","UNIT","apartamento","670000","64",,"2","1",,,"10468.75"
"2739557557","Meia Praia","UNIT","apartamento","997000","95",,"1","1","1000","400","10494.7368421053"
"2563635081","Meia Praia","UNIT","apartamento","2150000","149",,"4","3",,,"14429.5302013423"
"2747717907","Castelo Branco","UNIT","apartamento","1590000","117",,"4","2",,"650","13589.7435897436"
"2560639095","Varzea","UNIT","terreno","6500000","2310",,"0","0",,"0","2813.85281385281"
"2740318363","Jardim Praia Mar","UNIT","apartamento","652461","70",,"2","1","0","0","9320.87142857143"
"2760889830","Meia Praia","UNIT","apartamento","2250000","145",,"3","3",,,"15517.2413793103"
"2713945246","Morretes","UNIT","apartamento","1050000","90",,"2","1","1000","500","11666.6666666667"
"2675653403","Morretes","UNIT","apartamento","849000","65",,"3","1","0",,"13061.5384615385"
"2607921285","Castelo Branco","UNIT","apartamento","1530000","128",,"3","2",,,"11953.125"
"2616545428","Meia Praia","UNIT","apartamento","4850000","225",,"4","3",,,"21555.5555555556"
"2658131555","Meia Praia","UNIT","apartamento","1399880","106",,"4","4","1275","509","13206.4150943396"
"2764978845","Andorinha","UNIT","apartamento","1490000","135",,"4","2","1500","650","11037.037037037"
"2713317001","Morretes","UNIT","apartamento","735000","68",,"3","1","1000","350","10808.8235294118"
"2727530262","Morretes","UNIT","apartamento","525000","60",,"1","1","500","300","8750"
"2592930756","Castelo Branco","UNIT","apartamento","1549000","165",,"4","3","1400","700","9387.87878787879"
"2560637495","Morretes","UNIT","casa","480000","70",,"2","1","500","0","6857.14285714286"
"2566387538","Ilhota","UNIT","apartamento","2845125","154",,"5","3","0",,"18474.8376623377"
"2630291469","Canto da Praia","UNIT","apartamento","1495000","116",,"2","2",,"0","12887.9310344828"
"2679018222","Meia Praia","UNIT","apartamento","2450000","153",,"5","3",,,"16013.0718954248"
"2461543489","Centro","UNIT","apartamento","1890000","140",,"3","3",,,"13500"
"2761879924","Castelo Branco","UNIT","apartamento","1600000","105",,"4","2",,,"15238.0952380952"
"2682669584","Jardim Praia Mar","UNIT","apartamento","829500","60",,"2","1","0","0","13825"
"2677257702","Morretes","UNIT","apartamento","6895000","183",,"4","3",,"3","37677.5956284153"
"2728462618","Ilhota","UNIT","casa","14950000","574",,"5","3",,,"26045.2961672474"
"2743412260","Centro","UNIT","apartamento","2500000","161",,"2","2",,"750","15527.950310559"
"2595523264","Centro","UNIT","apartamento","3000000","202",,"5","2","0","1200","14851.4851485149"
"2444179573","Meia Praia","UNIT","apartamento","3360000","179",,"4","4","0","0","18770.9497206704"
"2767581329","Morretes","UNIT","terreno","1500000","567",,"0","0","100",,"2645.50264550265"
"2560637514","Morretes","UNIT","apartamento","550000","70",,"1","1","500","300","7857.14285714286"
"2560637694","Morretes","UNIT","casa","480000","70",,"2","1","500","0","6857.14285714286"
"2742351606","Meia Praia","UNIT","apartamento","1150000","147",,"3","3","1800","530","7823.12925170068"
"2626742517","Centro","UNIT","apartamento","8500000","200",,"5","3","0","0","42500"
"2628135902","Morretes","UNIT","terreno","1650000","0",,"0","0","500","0",
"2766855228","Tabuleiro dos Oliveiras","UNIT","apartamento","650800","69",,"2","1","0","0","9431.88405797101"
"2760010297","Castelo Branco","UNIT","apartamento","1700000","146",,"5","3",,,"11643.8356164384"
"2694434711","Morretes","UNIT","casa","630000","85",,"3","2","500",,"7411.76470588235"
"2747715539","Andorinha","UNIT","apartamento","848000","75",,"2","1","800","500","11306.6666666667"
"2608278730","Meia Praia","UNIT","apartamento","9676808","2016",,"5","3","0","0","4800.00396825397"
"2752640732","Tabuleiro dos Oliveiras","UNIT","apartamento","650000","60",,"2","1","800","350","10833.3333333333"
"2728573323","Meia Praia","UNIT","apartamento","1698800","121",,"4","2","0","0","14039.6694214876"
"2754124100","Castelo Branco","UNIT","apartamento","1768800","111",,"4","2",,,"15935.1351351351"
"2656735520","Alto S?o Bento","UNIT","casa","680000","86",,"3","1",,"0","7906.97674418605"
"2765549423","Meia Praia","UNIT","apartamento","1200000","136",,"3","2","0","0","8823.52941176471"
"2725151555","Meia Praia","UNIT","apartamento","2200000","130",,"3","4",,,"16923.0769230769"
"2641082187","Castelo Branco","UNIT","apartamento","1090000","89",,"3","2",,"500","12247.191011236"
"2671176306","Meia Praia","UNIT","apartamento","3973450","129",,"3","4",,,"30801.9379844961"
"2511795416","Meia Praia","UNIT","apartamento","4550000","190",,"5","3","0",,"23947.3684210526"
"2728228689","Alto S?o Bento","UNIT","casa","550000","69",,"2","1","0",,"7971.01449275362"
"2762947230","Meia Praia","UNIT","apartamento","1890000","145",,"4","3","1","1","13034.4827586207"
"2755295714","Castelo Branco","UNIT","apartamento","979610","120",,"2","1","1","360","8163.41666666667"
"2560637568","Morretes","UNIT","apartamento","550000","70",,"1","1","500","300","7857.14285714286"
"2755061681","Meia Praia","UNIT","apartamento","949000","155",,"2","1","150","795","6122.58064516129"
"2594774189","Meia Praia","UNIT","apartamento","1590000","130",,"3","2","2100","650","12230.7692307692"
"2565173841","Meia Praia","UNIT","apartamento","1630000","133",,"4","2","0",,"12255.6390977444"
"2613519000","Morretes","UNIT","apartamento","550000","67",,"2","1",,,"8208.9552238806"
"2764857795","Canto da Praia","UNIT","apartamento","1609000","100",,"2","2","0","0","16090"
"2764631650","Alto S?o Bento","UNIT","apartamento","620000","60",,"1","1","300","400","10333.3333333333"
"2744972225","Morretes","UNIT","apartamento","840000","70",,"2","1","990","300","12000"
"2750478611","Castelo Branco","UNIT","apartamento","1269000","104",,"3","2",,,"12201.9230769231"
"2712020499","Meia Praia","UNIT","apartamento","1690000","109",,"4","2",,"750","15504.5871559633"
"2723211839","Andorinha","UNIT","apartamento","850000","124",,"2","1","610","550","6854.83870967742"
"2763412717","Varzea","UNIT","apartamento","700000","63",,"2","1",,,"11111.1111111111"
"2764895117","Centro","UNIT","apartamento","1224000","128",,"4","2","0","0","9562.5"
"2560637507","Morretes","UNIT","apartamento","806000","70",,"2","1","500","300","11514.2857142857"
"2687011752","Meia Praia","UNIT","apartamento","1598122","131",,"4","2",,,"12199.4045801527"
"2697432835","Meia Praia","UNIT","apartamento","1450000","118",,"4","2",,,"12288.1355932203"
"2612161501","Castelo Branco","UNIT","apartamento","1500000","125",,"4","3","0",,"12000"
"2598271159","Morretes","UNIT","apartamento","870000","70",,"3","1","800","350","12428.5714285714"
"2691331590","Andorinha","UNIT","apartamento","2150000","130",,"4","3",,,"16538.4615384615"
"2719046954","Centro","UNIT","apartamento","10500000","470",,"6","4","4500","1750","22340.4255319149"
"2705744229","Meia Praia","UNIT","apartamento","1648500","117",,"3","2","1375","590","14089.7435897436"
"2531257484","Meia Praia","UNIT","apartamento","2300000","157",,"5","3",,"0","14649.6815286624"
"2759672234","Meia Praia","UNIT","apartamento","13702300","200",,"5","3","6000","2500","68511.5"
"2634728638","Meia Praia","UNIT","apartamento","1406000","123",,"4","2","0","0","11430.8943089431"
"2682225118","Casa Branca","UNIT","apartamento","680000","70",,"2","1","0",,"9714.28571428571"
"2764633165","Canto da Praia","UNIT","apartamento","1580000","116",,"4","2","0","0","13620.6896551724"
"2693495015","Morretes","UNIT","apartamento","889500","64",,"1","1","10","0","13898.4375"
"2569301259","Centro","UNIT","apartamento","12500000","411",,"7","4",,,"30413.6253041363"
"2579512682","Andorinha","UNIT","apartamento","1473000","122",,"4","2","1200","450","12073.7704918033"
"2628542358","Meia Praia","UNIT","apartamento","3100000","177",,"4","3",,,"17514.1242937853"
"2736815415","Morretes","UNIT","apartamento","683000","70",,"2","0","0","0","9757.14285714286"
"2670820094","Morretes","UNIT","apartamento","1140000","113",,"4","1","0","0","10088.4955752212"
"2763016428","Morretes","UNIT","apartamento","785000","60",,"1","0",,,"13083.3333333333"
"2743647361","Andorinha","UNIT","apartamento","2300000","164",,"5","3","4000","650","14024.3902439024"
"2566102454","Centro","UNIT","apartamento","2159000","120",,"4","3","1","1","17991.6666666667"
"2761880117","Centro","UNIT","apartamento","5000000","197",,"5","4",,,"25380.7106598985"
"2560637013","Morretes","UNIT","casa","710000","105",,"3","2","0","0","6761.90476190476"
"2763261817","Meia Praia","UNIT","apartamento","1000000","109",,"2","1","1000","500","9174.3119266055"
"2693873678","Morretes","UNIT","apartamento","750000","70",,"2","1","1000","380","10714.2857142857"
"2628488656","Meia Praia","UNIT","apartamento","1140000","102",,"2","2","0",,"11176.4705882353"
"2669593543","Morretes","UNIT","apartamento","795000","70",,"2","1","1","1","11357.1428571429"
"2692570987","Meia Praia","UNIT","apartamento","950000","80",,"2","1",,"0","11875"
"2767583222","Morretes","UNIT","casa","799000","90",,"2","1","367",,"8877.77777777778"
"2560637307","Morretes","UNIT","casa","550000","90",,"3","2","500","0","6111.11111111111"
"2560637343","Morretes","UNIT","casa","550000","70",,"3","2","600","0","7857.14285714286"
"2611869008","Meia Praia","UNIT","apartamento","1142500","102",,"2","2","0",,"11200.9803921569"
"2560637348","Morretes","UNIT","apartamento","750000","70",,"2","1","500","300","10714.2857142857"
"2762838964","Morretes","UNIT","apartamento","680001","80",,"2","2","1000","350","8500.0125"
"2655470871","Centro","UNIT","apartamento","2800000","207",,"5","3",,"0","13526.5700483092"
"2746689114","Morretes","UNIT","comercial","974085","92",,"1","0",,"0","10587.8804347826"
"2650229108","Meia Praia","UNIT","apartamento","1550000","100",,"4","2","100","550","15500"
"2749737905","Ilhota","UNIT","apartamento","2663385","146",,"3","1","2000","1000","18242.3630136986"
"2746545126","Andorinha","UNIT","apartamento","1898000","125",,"3","2","2200","850","15184"
"2761414570","Morretes","UNIT","apartamento","1200000","72",,"3","1","0","0","16666.6666666667"
"2761506949","Meia Praia","UNIT","apartamento","1500000","125",,"2","2","13560","660","12000"
"2560637346","Morretes","UNIT","apartamento","1198000","70",,"2","1","1000","500","17114.2857142857"
"2760345121","Morretes","UNIT","apartamento","839000","70",,"2","1",,,"11985.7142857143"
"2744007183","Castelo Branco","UNIT","apartamento","11990000","270",,"5","3",,"0","44407.4074074074"
"2757811035","Morretes","UNIT","apartamento","693022","70",,"3","1","0","0","9900.31428571429"
"2660307883","Meia Praia","UNIT","apartamento","980000","109",,"4","0","0","0","8990.8256880734"
"2576713236","Morretes","UNIT","apartamento","750000","67",,"2","1",,,"11194.0298507463"
"2649967258","Morretes","UNIT","apartamento","650000","64",,"2","2",,"0","10156.25"
"2765831220","Andorinha","UNIT","apartamento","1549540","127",,"4","2","1800","750","12201.1023622047"
"2767584326","Morretes","UNIT","apartamento","622100","62",,"1","1","100",,"10033.8709677419"
"2560636981","Morretes","UNIT","casa","600000","95",,"3","2","0","0","6315.78947368421"
"2600766560","Castelo Branco","UNIT","apartamento","1346000","140",,"3","2",,,"9614.28571428571"
"2606626601","Andorinha","UNIT","apartamento","1660000","114",,"3","2",,,"14561.4035087719"
"2692132174","Meia Praia","UNIT","apartamento","1790000","124",,"4","2","0","0","14435.4838709677"
"2761398615","Castelo Branco","UNIT","apartamento","965000","100",,"2","1",,,"9650"
"2763769823","Meia Praia","UNIT","comercial","2600000","120",,"1","1","800","600","21666.6666666667"
"2645702395","Centro","UNIT","apartamento","1890000","149",,"3","2","1150","900","12684.5637583893"
"2615369895","Andorinha","UNIT","apartamento","1490000","132",,"4","2","1200","490","11287.8787878788"
"2616543951","Centro","UNIT","apartamento","1590000","133",,"3","3",,,"11954.8872180451"
"2723772858","Meia Praia","UNIT","apartamento","1250000","123",,"1","1",,"470","10162.6016260163"
"2765064921","Morretes","UNIT","casa","695000","110",,"1","2","100","0","6318.18181818182"
"2692125163","Andorinha","UNIT","apartamento","2331290","118",,"4","3","1","1","19756.6949152542"
"2560637404","Morretes","UNIT","casa","570000","90",,"3","1","1000","0","6333.33333333333"
"2690562979","Andorinha","UNIT","apartamento","2750000","180",,"1","2",,,"15277.7777777778"
"2759161164","Andorinha","UNIT","apartamento","1750000","114",,"4","2",,"750","15350.8771929825"
"2626895699","Morretes","UNIT","apartamento","758000","70",,"2","1","1100","380","10828.5714285714"
"2757882913","Centro","UNIT","apartamento","550000","85",,"1","1","1500","450","6470.58823529412"
"2606211545","Castelo Branco","UNIT","apartamento","1445000","135",,"3","2",,,"10703.7037037037"
"2698206000","Centro","UNIT","apartamento","8774000","229",,"4","3","0","0","38314.4104803493"
