"listing_id","suburb","tipo","quartos","banheiros","camas","hospedes","n_noites","preco_medio","limpeza","min_noites","n_reviews","guest_favorite","instant_book","professional","superhost","star_rating","months_host"
"51861410","Varzea","casa","3","2","4","7","18","700","350","0","26","true","true","false","true","4.96","4"
"39051477","Meia Praia","apartamento","4","4","4","10","248","1539.69","450","0","10","false","false","false","false","4.8","3"
"41478160","Meia Praia","apartamento","2","2","4","6","29","488.52","200","0","7","false","false","false","false","5","4"
"22648075","Centro","apartamento","2","2","5","6","65","396.66","150","0","16","false","false","false","false","5","2"
"748336742434217963","Meia Praia","apartamento","2","1","3","6","105","457.81","200","0","45","true","true","false","true","4.87","2"
"53492577","Meia Praia","apartamento","3","2","3","8","28","292.5","300","0","15","true","true","false","false","4.93","1"
"41676390","Meia Praia","apartamento","2","2","2","6","243","607.98","250","0","20","false","false","false","false","4.95","11"
"1189331897618015345","Centro","apartamento","2","2","3","6","207","719.63","240","0","17","true","true","true","false","4.82","1"
"957349094500016515","Centro","apartamento","2","2","2","6","219","677.69","200","0","11","true","true","false","true","4.91","0"
"786307999394390316","Meia Praia","apartamento","2","2","2","6","158","591.41","300","0","14","true","false","false","true","4.86","0"
"900757690500508426","Meia Praia","apartamento","2","2","2","8","119","653.29","350","0","22","true","false","true","false","4.95","0"
"705946468067026302","Meia Praia","apartamento","2","2","4","6","159","486.42","300","0","22","true","false","false","true","5","0"
"31141252","Meia Praia","apartamento","2","2","3","5","38","402.63","250","0","84","true","true","false","true","4.96","0"
"1074829679064875721","Meia Praia","apartamento","3","3","4","8","6","749","0","0","10","true","false","false","true","5","11"
"12067632","Meia Praia","apartamento","3","3","3","8","74","721.11","350","0","21","true","false","false","false","5","0"
"1268755217310742256","Meia Praia","apartamento","2","2","2","4","37","791.35","300","0","0","false","false","false","false","0","2"
"6569062","Meia Praia","apartamento","3","2","3","6","270","737.09","250","0","21","true","false","false","false","4.95","0"
"38695314","Meia Praia","apartamento","3","3","5","9","150","629.89","200","0","62","true","false","false","true","4.85","4"
"703678241822238330","Meia Praia","apartamento","2","1","4","5","60","321.23","300","0","15","true","false","false","true","4.93","4"
"681894806923375678","Meia Praia","apartamento","3","4","3","8","107","770.67","300","0","19","true","false","false","true","5","2"
"51683537","Meia Praia","apartamento","2","2","3","5","73","441.65","300","0","22","true","true","false","true","5","4"
"30519162","Canto da Praia","casa","4","7","5","8","91","3900","900","0","13","true","true","false","false","5","1"
"38730549","Meia Praia","apartamento","3","3","3","8","193","807.61","300","0","37","true","false","true","false","4.97","3"
"53671997","Meia Praia","apartamento","2","2","3","6","23","451.65","250","0","12","true","true","false","true","4.92","1"
"754375397775403281","Meia Praia","apartamento","3","2","4","6","248","838.59","250","0","8","true","false","false","false","5","2"
"1203075817950465589","Centro","apartamento","3","2","4","6","87","1411.38","400","0","0","false","false","false","false","0","11"
"801271167231006592","Meia Praia","apartamento","2","2","2","6","81","251.95","300","0","17","true","false","false","true","4.94","0"
"31380471","Meia Praia","apartamento","3","3","4","7","186","890.78","250","0","27","false","false","false","true","4.67","0"
"766052072199682693","Meia Praia","apartamento","1","2","3","6","144","626.68","200","0","23","false","false","false","true","4.78","4"
"53314692","Centro","apartamento","1","1","1","5","146","665.88","250","0","19","false","true","false","false","4.58","2"
"753461577197808016","Meia Praia","apartamento","3","2","4","6","205","875.63","300","0","16","true","false","false","true","5","1"
"859653300578357102","Morretes","apartamento","2","4","2","4","171","702","250","0","26","true","false","true","true","5","0"
"45973790","Meia Praia","apartamento","2","2","3","4","259","652.13","380","0","12","false","false","false","true","4.83","4"
"39642773","Meia Praia","casa","3","1","7","8","46","370.65","300","0","61","true","false","false","true","4.89","2"
"53077335","Centro","apartamento","3","2","4","7","11","1000","250","0","7","false","false","false","false","5","3"
"1268889705366032062","Morretes","casa","2","2","3","6","128","1005.06","0","0","0","false","false","false","false","0","0"
"778933432062496662","Meia Praia","apartamento","3","4","4","6","189","1027.64","300","0","15","true","true","false","false","5","1"
"826617189908528565","Meia Praia","apartamento","1","1","2","4","144","477.74","150","0","106","true","false","false","true","4.98","10"
"730437501239201082","Meia Praia","apartamento","3","2","6","8","225","686.45","350","0","11","false","false","false","true","4.82","3"
"1317427472349939673","Centro","casa","3","2","5","9","91","1000","0","0","0","false","false","false","false","0","0"
"32592683","Morretes","casa","4","3","5","12","127","1149.56","300","0","10","true","false","false","false","5","10"
"1062615116593634676","Meia Praia","apartamento","1","1","1","4","150","441.02","180","0","11","true","true","false","true","5","11"
"1254384361135492137","Morretes","apartamento","2","2","2","4","226","638.19","369","0","4","false","true","true","false","4.5","1"
"54005716","none","casa","1","1","2","4","43","800","220","0","43","false","true","false","false","4.86","0"
"41634696","Sertaozinho","casa","3","2","3","8","84","502.67","0","0","22","false","false","false","false","4.59","0"
"40209404","Centro","apartamento","1","1","3","4","184","347.03","35","0","373","false","true","true","true","4.86","0"
"42003334","Meia Praia","apartamento","3","2","6","8","172","655.07","300","0","30","true","false","false","true","4.93","11"
"21103486","Meia Praia","apartamento","3","2","3","6","168","357.33","250","0","8","false","false","false","false","5","3"
"936216057908307884","Morretes","casa","2","2","3","8","179","382.29","195","0","12","true","false","false","true","4.92","11"
"734991572208138176","Centro","apartamento","1","1","2","3","83","277.98","80","0","40","true","false","false","true","4.95","2"
"45512442","Centro","apartamento","4","2","5","8","61","676.29","250","0","20","false","false","false","false","4.8","4"
"53365226","Meia Praia","apartamento","2","2","0","5","54","347.87","200","0","20","false","false","false","false","4.65","1"
"40371384","Centro","apartamento","1","1","3","6","236","597.9","60","0","343","false","true","true","true","4.83","0"
"1091408953130822622","Centro","apartamento","2","1","3","6","48","310.62","0","0","13","true","true","false","true","5","4"
"973272705231391942","Meia Praia","apartamento","2","1","3","4","45","301.11","120","0","12","true","true","false","true","4.92","3"
"26839303","Meia Praia","apartamento","2","2","2","8","129","762.58","200","0","29","true","false","false","true","4.86","6"
"45513430","Meia Praia","apartamento","3","2","3","8","89","782.92","250","0","14","true","false","false","false","4.86","3"
"812231708820863156","Meia Praia","apartamento","4","3","4","8","132","677.41","348","0","19","false","false","false","true","4.79","11"
"52826190","Morretes","casa","2","1","4","6","38","321.69","250","0","12","true","false","false","true","4.75","11"
"16570256","Meia Praia","apartamento","3","3","7","10","47","497.89","250","0","13","false","false","false","false","4.77","0"
"21734892","Centro","apartamento","3","2","6","8","168","792.49","250","0","37","true","false","false","true","4.92","1"
"1207335703563012811","Centro","apartamento","1","1","1","2","211","434.23","150","0","1","false","true","true","false","5","1"
"22306996","Meia Praia","apartamento","2","2","3","5","56","216.52","220","0","15","true","false","false","true","5","0"
"779104726998664227","Meia Praia","apartamento","2","2","5","6","38","412","250","0","16","true","false","false","true","4.94","1"
"29739100","Meia Praia","apartamento","3","2","3","7","145","724.18","350","0","19","true","true","false","false","5","4"
"1084601543056055517","Meia Praia","apartamento","4","3","8","12","63","1357.08","400","0","7","true","false","false","true","5","10"
"1193414131980072087","Centro","apartamento","2","1","3","6","160","686.76","240","0","16","true","true","true","false","4.94","1"
"53133732","Meia Praia","apartamento","2","2","3","6","209","793.57","350","0","10","true","false","true","false","5","0"
"1262982199583014782","Centro","apartamento","2","1","3","6","197","754.63","240","0","9","false","true","true","false","4.67","1"
"42362925","Meia Praia","apartamento","4","4","4","8","188","1104.52","495","0","175","true","true","false","false","4.94","5"
"1057137469420115073","Morretes","apartamento","2","2","3","6","184","720.01","400","0","28","true","true","true","false","4.96","1"
"50243281","Meia Praia","apartamento","3","3","3","6","35","513.6","350","0","10","true","false","false","false","5","7"
"721143022842232721","Meia Praia","apartamento","3","2","3","8","59","501.94","200","0","13","false","false","false","false","4.46","3"
"798609957167332367","Meia Praia","apartamento","2","2","4","6","72","676.39","250","0","5","false","false","false","false","5","0"
"42709234","Centro","apartamento","3","3","4","8","141","695.8","300","0","12","false","false","false","false","4.92","10"
"1028988415727336651","Meia Praia","apartamento","1","1","1","4","70","561.98","200","0","1","false","false","false","false","5","1"
"23343001","Meia Praia","apartamento","3","3","3","8","211","568.5","250","0","80","true","false","false","false","4.89","10"
"1233370107101543516","Centro","apartamento","1","1","2","3","136","409.9","160","0","10","true","true","true","false","5","1"
"30105402","Meia Praia","apartamento","3","2","4","8","242","802.25","350","0","12","false","false","false","false","4.75","1"
"984846668146064982","Ilhota","casa","4","5","4","10","151","1021.61","300","0","4","false","false","false","false","5","3"
"856482117556875618","Meia Praia","apartamento","2","2","2","6","37","362.43","250","0","26","true","true","false","true","4.96","4"
"1219597802580113056","Centro","apartamento","1","1","2","4","191","602.28","190","0","6","false","true","true","false","4.83","1"
"40289385","Alto Sao Bento","casa","12","13","34","16","62","2586.4","700","0","15","false","false","false","false","4.67","1"
"21607605","Meia Praia","apartamento","4","3","5","11","47","779.09","300","0","13","false","false","false","false","4.85","3"
"1006396584243125090","Centro","apartamento","1","1","2","4","208","574.98","60","0","50","false","true","true","true","4.8","0"
"1005860682746801029","Morretes","apartamento","2","2","2","6","128","399.37","200","0","10","true","false","false","true","4.9","2"
"12359560","Meia Praia","apartamento","3","3","4","6","100","700.34","295","0","29","false","false","false","false","4.79","9"
"39059902","Meia Praia","apartamento","3","2","6","8","78","599.26","200","0","14","false","true","false","false","4.86","1"
"1260073533686146608","Centro","apartamento","1","1","1","2","187","437","150","0","12","true","true","true","false","4.75","1"
"45382246","Centro","apartamento","5","4","7","12","38","648.54","250","0","32","false","false","false","false","4.63","4"
"51403736","Meia Praia","outros","1","1","1","2","55","165.89","100","0","26","true","false","false","false","5","5"
"978410400232267791","Centro","apartamento","2","2","4","6","31","396.32","250","0","5","false","false","false","false","5","4"
"46072703","Meia Praia","apartamento","3","3","5","8","108","746.79","300","0","14","false","false","false","true","5","2"
"832123000813215722","Meia Praia","apartamento","0","1","1","4","221","518.59","120","0","13","false","false","false","true","4.85","6"
"803403468437987911","Morretes","casa","1","1","0","2","73","377.25","44","0","21","true","false","false","true","5","11"
"794996321339600522","Meia Praia","apartamento","2","2","2","6","94","427.31","250","0","8","true","true","false","false","5","3"
"703538637731385185","Meia Praia","apartamento","2","1","3","6","191","407.11","0","0","22","true","<NA>","","true","4.82","4"
"766156195693050227","Meia Praia","apartamento","5","5","5","16","53","1837.14","550","0","16","true","false","true","false","4.94","0"
"27022969","Meia Praia","apartamento","4","4","6","8","150","1726.47","365","0","2","false","false","false","false","5","10"
"1019756845213291605","Centro","outros","1","1","1","2","72","173.33","150","0","16","true","false","false","true","5","5"
"910815231577364751","Meia Praia","apartamento","1","1","2","5","137","539.91","150","0","38","true","false","false","true","4.97","7"
"2951220","Tabuleiro dos Oliveiras","apartamento","3","2","4","5","85","789.67","200","0","236","false","false","false","true","4.88","8"
"53190433","Centro","apartamento","3","2","3","8","76","794.74","350","0","20","false","false","false","false","4.7","9"
"45911573","Meia Praia","apartamento","3","3","3","8","81","1017.14","350","0","11","true","false","false","false","4.82","0"
"873255393900331818","Meia Praia","apartamento","3","2","3","6","202","735.72","200","0","20","false","true","true","true","4.75","5"
"1187772975255244525","Centro","apartamento","1","1","1","2","170","397.95","150","0","23","true","true","true","false","4.87","1"
"1174263938200349649","Centro","apartamento","1","1","1","2","239","568.85","250","0","22","true","false","false","true","4.91","11"
"38319706","Meia Praia","apartamento","3","2","6","7","208","571.26","350","0","40","true","false","false","false","5","4"
"1025356251415331533","Morretes","apartamento","2","2","5","5","80","368.68","250","0","27","true","false","false","true","5","11"
"628897724940732017","Meia Praia","apartamento","4","3","4","10","25","969","250","0","21","true","false","false","false","4.95","2"
"47326216","Meia Praia","apartamento","3","2","3","8","224","1141.52","280","0","8","true","false","false","true","5","10"
"17013106","Morretes","apartamento","4","4","6","8","59","1770.34","350","0","29","false","false","false","false","4.66","11"
"802922826036667371","Meia Praia","apartamento","3","3","4","8","64","1210.94","300","0","15","true","false","false","true","5","11"
"43379132","Meia Praia","apartamento","2","2","3","5","53","440.32","250","0","48","true","true","false","true","4.98","4"
"29761442","Meia Praia","apartamento","3","2","3","7","28","512.88","200","0","28","true","false","false","false","4.96","2"
"721635424816164605","Meia Praia","apartamento","3","4","3","8","143","751.66","310","0","14","true","false","false","true","5","3"
"52172003","Centro","apartamento","2","2","4","6","99","317","610","0","25","true","true","false","false","5","0"
"45531969","Meia Praia","apartamento","3","2","6","8","91","648.38","300","0","31","true","false","false","true","5","2"
"782734966853311782","Meia Praia","apartamento","3","3","4","8","210","770.54","350","0","9","true","true","false","true","5","0"
"999226382307972271","Morretes","apartamento","2","2","2","5","227","466.67","200","0","16","false","false","false","true","4.81","3"
"30922946","Meia Praia","outros","1","1","1","2","71","199.61","50","0","92","true","true","false","true","4.98","0"
"40039627","Centro","apartamento","1","1","2","3","206","337.29","35","0","504","false","true","true","true","4.84","0"
"1277103969415516416","Morretes","apartamento","2","2","4","8","54","454.01","100","0","8","true","false","false","true","5","2"
"1197121947398131654","Centro","apartamento","1","1","1","2","168","398.1","170","0","21","false","true","true","false","4.67","1"
"1269623861253689862","Centro","apartamento","1","1","1","3","154","407.4","190","0","3","false","true","true","false","5","1"
"1131810056799937593","Tabuleiro dos Oliveiras","apartamento","3","2","4","6","207","775.57","456","0","5","true","true","true","false","5","1"
"45621607","Meia Praia","apartamento","2","1","4","4","186","348.53","180","0","9","false","false","false","false","5","0"
"1053522951026570547","Canto da Praia","apartamento","2","2","3","6","208","670.25","250","0","12","false","false","false","false","4.83","11"
"21743476","Meia Praia","apartamento","3","3","3","7","56","692.08","250","0","18","false","false","false","false","4.78","1"
"21091876","Meia Praia","apartamento","3","2","3","6","231","767.82","350","0","11","false","false","false","false","4.91","8"
"791313913845076166","Meia Praia","apartamento","4","2","6","8","50","850","300","0","6","true","false","false","false","5","0"
"16662563","Meia Praia","apartamento","4","3","7","11","186","1728","350","0","56","false","false","true","true","4.88","0"
"790518755885066166","Centro","apartamento","3","4","3","6","119","794.54","0","0","6","true","false","false","false","5","0"
"728531681504670920","Tabuleiro dos Oliveiras","apartamento","2","2","6","10","37","151.87","250","0","55","true","false","false","true","4.84","3"
"53825192","Meia Praia","apartamento","3","3","4","7","103","929.12","200","0","65","true","false","true","true","4.89","5"
"1213824251801309412","Meia Praia","apartamento","3","3","4","6","187","1125.21","456","0","6","false","true","true","false","4.5","1"
"795495744056169046","Meia Praia","apartamento","3","2","5","8","150","914.16","450","0","39","true","false","false","true","4.95","11"
"31441134","Meia Praia","apartamento","4","4","4","11","180","1514.77","450","0","9","false","false","false","false","5","11"
"37118794","Meia Praia","apartamento","3","2","4","6","151","993.19","350","0","6","false","false","false","false","5","3"
"38957661","Meia Praia","apartamento","3","3","3","8","122","546.89","350","0","23","true","false","false","false","4.83","0"
"30910938","Meia Praia","apartamento","2","2","3","6","139","473.83","300","0","46","true","false","false","true","4.93","0"
"50059423","Meia Praia","apartamento","2","2","4","6","88","521.56","80","0","145","true","false","false","true","4.93","7"
"3263701","Meia Praia","apartamento","4","4","4","12","48","1533.33","250","0","42","false","false","false","false","4.9","7"
"605748852048435444","Meia Praia","apartamento","3","2","3","6","154","443.62","250","0","33","true","false","false","true","5","8"
"40391575","Morretes","apartamento","2","2","2","4","7","10000","190","0","46","false","true","false","false","4.78","1"
"645092818132652927","Meia Praia","apartamento","2","1","2","6","29","359.14","150","0","38","true","false","false","true","4.95","7"
"51990592","Meia Praia","apartamento","3","2","7","12","60","954.88","250","0","44","true","false","true","true","4.93","4"
"26895628","Meia Praia","apartamento","4","3","5","12","97","966.36","300","0","99","false","false","false","false","4.8","5"
"22231120","Ilhota","apartamento","1","1","2","4","80","334.46","100","0","62","true","true","false","true","4.97","0"
"809946874989632205","Sertao do Trombudo","casa","1","1","1","2","75","380.01","150","0","24","true","true","false","true","5","11"
"51405106","Meia Praia","apartamento","3","3","5","8","195","894.08","280","0","32","false","false","false","true","4.88","5"
"1249919049392818339","Meia Praia","apartamento","1","1","1","2","222","602.79","250","0","9","true","true","true","false","5","1"
"963916345061155113","Meia Praia","apartamento","3","3","7","13","105","1360.83","300","0","18","true","false","true","true","5","4"
"639216644351145145","Meia Praia","apartamento","5","5","6","14","16","962.5","450","0","29","true","true","false","true","4.97","4"
"718922870189236806","Meia Praia","apartamento","5","4","5","16","29","2182.76","500","0","13","true","false","false","false","5","3"
"673825002694927178","Meia Praia","apartamento","3","4","3","8","110","796","300","0","9","true","false","false","true","5","2"
"792184367926408145","Meia Praia","apartamento","2","2","3","6","106","385.14","230","0","23","true","true","false","false","5","0"
"610155932497817911","Canto da Praia","apartamento","2","1","3","5","195","518","200","0","85","true","false","true","true","4.88","0"
"40351988","Meia Praia","apartamento","3","2","4","7","141","364.72","200","0","35","true","false","false","true","4.91","0"
"894985131313802009","Meia Praia","apartamento","3","2","3","8","173","679.44","484","0","6","false","true","true","false","4.33","1"
"46048941","Meia Praia","apartamento","2","2","4","6","34","371.82","250","0","58","false","false","false","true","4.91","0"
"46550767","Meia Praia","apartamento","3","2","5","8","141","757.95","200","0","42","true","false","false","false","4.81","1"
"549056203343531816","Meia Praia","apartamento","3","2","5","8","86","554.46","200","0","24","true","false","false","true","5","11"
"47269826","Meia Praia","apartamento","3","3","3","7","36","670.85","400","0","28","true","false","false","true","5","7"
"1257312272803306995","Meia Praia","apartamento","2","2","2","4","210","559","369","0","8","false","true","true","false","4.75","1"
"31945494","Meia Praia","apartamento","3","2","4","8","165","575.62","100","0","32","false","true","false","false","4.78","11"
"1209010210831577821","Centro","apartamento","3","3","4","8","77","1082.66","350","0","0","false","false","false","false","0","1"
"45889892","Meia Praia","apartamento","2","2","4","6","151","624.53","250","0","58","true","false","false","true","4.98","2"
"45822839","Meia Praia","apartamento","2","1","3","5","183","455.36","150","0","8","false","true","false","true","5","2"
"53143021","Meia Praia","apartamento","2","3","4","6","49","639.65","250","0","14","false","true","false","false","4.71","2"
"53936201","Meia Praia","apartamento","3","2","3","6","102","772.45","417","0","34","false","true","true","false","4.76","0"
"42704327","Centro","apartamento","3","3","5","8","205","1290.89","300","0","9","false","false","false","false","5","10"
"51785337","Morretes","apartamento","2","2","4","6","141","319.64","200","0","9","true","false","false","false","5","5"
"986565062867231257","Meia Praia","outros","1","1","2","2","89","239.27","20","0","23","false","true","false","false","4.78","0"
"53280496","Centro","apartamento","3","2","5","7","61","383.66","260","0","12","true","false","false","false","5","11"
"1191386301072209798","Centro","apartamento","1","1","2","4","180","593.15","190","0","22","true","true","true","false","4.86","1"
"17570590","Meia Praia","apartamento","4","3","6","10","114","1560.25","420","0","45","true","false","true","true","4.82","10"
"800942299109284552","Morretes","apartamento","2","2","5","5","134","323.24","100","0","22","true","false","false","true","4.86","0"
"40191152","Meia Praia","apartamento","4","5","4","10","76","1999.75","250","0","6","false","true","false","false","5","1"
"42335961","Meia Praia","apartamento","3","2","5","8","204","612.38","250","0","17","true","false","false","false","4.94","10"
"16644316","Meia Praia","apartamento","3","2","3","8","67","818.24","300","0","12","false","false","false","false","5","0"
"821920276390293366","Meia Praia","apartamento","3","4","5","8","125","671.81","250","0","19","true","false","false","true","5","9"
"797261187302809924","Centro","apartamento","2","2","2","5","191","551.23","250","0","15","true","false","false","true","5","8"
"44192417","Meia Praia","apartamento","2","2","4","7","39","339.77","250","0","6","true","true","false","false","5","2"
"863830918159371125","Casa Branca","apartamento","3","1","5","6","67","329.46","60","0","44","false","true","true","true","4.73","0"
"36632832","Meia Praia","apartamento","3","2","5","8","191","576.92","250","0","41","true","false","false","false","4.85","6"
"11044577","Centro","apartamento","1","1","1","4","55","384.62","306","0","26","false","true","false","false","4.38","11"
"21324331","Meia Praia","apartamento","2","1","4","6","93","797.97","100","0","195","true","true","false","true","4.9","3"
"1208757710030861160","Centro","apartamento","1","1","1","2","206","389.29","150","0","4","false","true","true","false","5","1"
"41193865","Meia Praia","apartamento","3","2","4","7","152","410.9","250","0","46","false","false","false","false","4.72","0"
"40400432","Ilhota","apartamento","3","2","5","8","64","586.53","250","0","34","false","false","false","false","4.82","1"
"52266549","Morretes","apartamento","3","2","7","8","180","661.46","300","0","14","false","false","false","false","4.79","2"
"21280090","Meia Praia","apartamento","3","2","5","8","158","825.95","150","0","36","true","false","false","true","5","11"
"841394344184198064","Centro","apartamento","3","4","3","8","89","662.82","290","0","39","true","false","false","false","4.9","1"
"1318315111310867765","Morretes","apartamento","2","2","2","4","81","752.75","300","0","2","false","true","false","true","5","3"
"1054265461023254222","Meia Praia","apartamento","1","1","2","4","166","534.02","200","0","5","true","true","false","false","5","0"
"18506998","Centro","apartamento","2","2","3","4","41","373.49","180","0","29","true","false","false","true","5","5"
"807400945391416643","Centro","apartamento","4","3","6","12","78","711.77","250","0","39","true","false","false","true","4.9","8"
"942057172413556286","Meia Praia","outros","1","1","1","1","39","100","0","0","14","true","false","false","false","5","5"
"771134836709283777","Meia Praia","apartamento","3","2","3","8","15","357.8","250","0","10","false","true","false","false","4.2","3"
"49050392","Meia Praia","apartamento","3","2","3","8","138","741.3","150","0","44","true","false","false","false","4.95","0"
"35826155","Meia Praia","apartamento","2","2","3","6","20","590","250","0","32","false","false","false","true","4.91","6"
"21454457","Meia Praia","apartamento","2","1","2","5","29","211.66","320","0","57","true","false","false","true","4.81","2"
"1313064371372817918","Centro","apartamento","1","1","2","4","252","976.03","190","0","2","false","true","true","false","5","1"
"22335276","Canto da Praia","casa","3","3","3","8","67","713.11","0","0","21","true","false","false","false","4.95","0"
"29114516","Meia Praia","apartamento","3","2","4","5","81","364.57","200","0","33","true","false","false","false","4.91","3"
"753566944813003124","Centro","apartamento","1","2","2","3","199","571.06","200","0","15","true","true","false","true","4.93","10"
"732572931172602640","Alto Sao Bento","apartamento","1","2","1","4","63","291.43","0","0","14","false","false","false","false","4.86","1"
"801611117719633492","Meia Praia","apartamento","2","2","2","6","164","478.27","250","0","9","true","false","false","false","5","0"
"1207940918769840398","Centro","apartamento","1","1","1","2","195","399.23","150","0","2","false","true","true","false","5","1"
"850931966820064700","Meia Praia","apartamento","3","3","4","7","131","812.64","300","0","18","true","false","false","true","5","11"
"1004496327455456339","Morretes","apartamento","2","2","3","6","214","402.65","300","0","16","true","false","false","true","5","4"
"37487828","Meia Praia","apartamento","3","2","6","8","114","467.36","250","0","96","true","false","false","true","4.98","5"
"47783121","Centro","apartamento","2","2","4","6","122","458.42","250","0","9","true","false","false","false","4.89","11"
"1053851019443958006","Centro","apartamento","2","2","3","5","243","575.98","300","0","15","true","false","false","true","4.87","0"
"1266717192483343855","Meia Praia","apartamento","2","2","4","6","62","600","250","0","2","false","false","false","false","5","3"
"39145712","Morretes","apartamento","3","2","3","8","75","811.49","150","0","166","true","true","false","true","4.9","3"
"1249371220066552412","Centro","apartamento","1","1","2","4","180","598.26","180","0","12","true","true","true","false","4.92","1"
"15732070","Meia Praia","apartamento","3","3","4","6","100","769.67","240","0","40","false","false","false","true","4.95","2"
"26708551","Centro","apartamento","3","2","7","10","175","559.59","60","0","361","false","true","true","true","4.83","0"
"27910707","Centro","apartamento","3","3","3","6","81","1557.27","200","0","10","false","true","false","false","4.7","11"
"47909482","Meia Praia","apartamento","3","3","6","12","174","920.44","350","0","26","true","true","false","true","5","0"
"780872235421635957","Meia Praia","apartamento","2","2","3","7","44","515.24","180","0","7","true","false","false","false","5","9"
"40794806","none","casa","1","1","1","2","52","700.01","0","0","41","true","true","true","true","5","1"
"1320994692912931266","Centro","apartamento","2","1","3","5","248","1087.42","220","0","0","false","true","true","false","0","1"
"1153493820067017135","Centro","apartamento","2","2","3","4","144","405.35","357","0","4","false","true","true","false","5","0"
"769009482417170004","Morretes","apartamento","1","1","4","4","163","590.41","250","0","17","true","false","false","true","4.94","1"
"1066545050089987954","Meia Praia","apartamento","2","1","3","6","186","471.72","200","0","5","true","true","false","false","5","0"
"1271171762063321920","Tabuleiro dos Oliveiras","apartamento","2","2","2","5","56","581.25","250","0","5","true","false","false","false","4.8","10"
"32185033","Sertao do Trombudo","casa","4","4","8","15","104","1263.94","500","0","28","true","false","false","true","4.93","11"
"1181944920258781413","Centro","apartamento","1","1","1","2","216","391.51","150","0","17","false","true","true","false","4.71","1"
"1193347652334673191","Meia Praia","apartamento","3","3","3","6","169","959.23","200","0","12","true","false","true","true","5","5"
"39685785","Meia Praia","apartamento","2","2","2","7","169","540.04","220","0","125","true","false","false","true","4.94","2"
"31682871","Centro","apartamento","2","2","3","5","120","320.6","180","0","59","false","false","false","true","4.68","11"
"31069380","Meia Praia","apartamento","3","3","3","6","61","783.43","350","0","58","true","false","false","false","4.84","0"
"41762297","Sertaozinho","casa","6","3","12","16","160","1664.3","600","0","1","false","false","false","false","5","1"
"38616586","Meia Praia","apartamento","3","2","3","8","38","371.55","300","0","7","false","false","false","false","5","9"
"1272260793182499350","Morretes","apartamento","2","0","2","5","45","569.53","250","0","2","false","false","false","false","5","2"
"25918412","Meia Praia","apartamento","2","2","5","5","64","429.68","147","0","37","true","false","false","true","4.89","2"
"53008127","Meia Praia","apartamento","3","2","5","9","136","329.79","250","0","34","true","false","false","true","4.85","2"
"1249385754807434824","Centro","apartamento","1","1","2","4","192","600.57","190","0","7","false","true","true","false","4.57","1"
"742262889162653132","Sertaozinho","casa","1","1","2","2","56","177.02","100","0","14","false","true","false","false","4.71","0"
"673826204715344716","Meia Praia","apartamento","3","4","3","8","131","947.61","300","0","7","false","false","false","true","5","2"
"32766950","Centro","apartamento","2","2","4","6","48","320.83","250","0","11","false","false","false","false","4.82","0"
"39507664","Meia Praia","apartamento","4","3","4","8","84","428.3","275","0","50","true","false","false","true","4.84","2"
"22810332","Meia Praia","apartamento","1","1","1","2","168","480.05","0","0","31","true","false","false","false","4.77","0"
"46222390","Meia Praia","apartamento","2","1","4","6","73","483.33","250","0","6","false","false","false","false","4.83","2"
"43499385","Ilhota","apartamento","2","3","4","5","69","595.59","200","0","67","true","false","false","true","4.97","7"
"805381324514930766","Meia Praia","apartamento","3","2","6","8","32","783.31","380","0","59","true","false","false","true","4.98","3"
"767407262472265686","Meia Praia","apartamento","3","2","3","8","193","788.12","300","0","16","true","false","false","true","5","0"
"28071688","Meia Praia","apartamento","3","3","4","8","100","681","250","0","22","false","false","false","false","4.77","4"
"16586622","Meia Praia","apartamento","3","2","3","6","165","636.82","0","0","30","false","true","false","true","4.83","0"
"734843676958831992","Meia Praia","apartamento","2","2","2","6","32","453.12","200","0","64","true","true","false","false","4.77","3"
"22514231","Centro","apartamento","2","2","2","6","36","400","250","0","34","false","true","false","false","4.82","0"
"668715506986619718","Meia Praia","apartamento","3","3","4","8","113","641.14","320","0","17","true","false","false","true","4.94","6"
"837646263953285868","Meia Praia","apartamento","2","2","3","7","168","482.03","250","0","24","true","false","false","true","5","1"
"53794321","Meia Praia","apartamento","2","2","2","5","173","739.3","250","0","17","false","true","false","false","4.88","1"
"21103807","Meia Praia","apartamento","5","4","8","10","71","1081.69","350","0","38","true","true","false","false","4.97","3"
"1977915","Meia Praia","apartamento","3","2","3","6","159","864.38","240","0","42","true","false","false","true","4.88","1"
"32443120","Meia Praia","apartamento","2","2","2","5","13","512.4","250","0","12","true","true","false","false","4.92","10"
"1053625763515857065","Meia Praia","apartamento","2","2","0","5","72","494.8","250","0","11","true","false","false","true","4.82","0"
"840525492567265584","Centro","casa","4","3","7","11","106","1269.06","200","0","24","true","true","false","true","4.96","10"
"939325387438995809","Meia Praia","apartamento","4","5","5","13","179","1394.97","400","0","4","false","false","false","false","5","2"
"910707550951342167","Meia Praia","apartamento","4","4","4","8","2","2000","0","0","12","true","true","false","false","5","7"
"44369632","Meia Praia","apartamento","3","2","3","8","15","723","190","0","44","true","true","false","true","4.89","4"
"53893648","Meia Praia","apartamento","2","2","4","6","137","632.49","250","0","18","true","false","false","true","5","1"
"23263225","Centro","casa","1","1","2","4","11","286.41","200","0","40","false","false","false","false","4.83","11"
"40246675","Meia Praia","apartamento","2","1","4","7","105","357.18","150","0","38","true","true","false","false","4.82","1"
"26197944","Meia Praia","apartamento","2","2","2","6","158","473.16","210","0","38","false","false","false","false","4.79","5"
"719355891470345652","Meia Praia","apartamento","2","2","4","6","207","555.71","300","0","9","true","false","false","false","5","3"
"28366360","Meia Praia","apartamento","3","4","3","8","185","837.01","350","0","43","true","false","false","true","4.88","1"
"46451253","Meia Praia","apartamento","3","2","3","7","186","595.8","250","0","10","true","false","false","false","5","7"
"53643568","Meia Praia","apartamento","3","2","5","7","61","711.29","199","0","19","true","false","true","true","5","1"
"46372862","Meia Praia","apartamento","2","1","5","8","74","425.29","250","0","10","true","false","false","false","4.9","0"
"48254075","Meia Praia","apartamento","2","2","2","5","51","490.57","300","0","33","false","false","false","true","4.85","7"
"1045077329214831775","Morretes","casa","2","2","2","8","31","800","160","0","1","false","true","false","true","5","0"
"916052715744473224","Meia Praia","apartamento","3","4","3","6","147","1174.34","300","0","12","true","false","false","false","4.92","6"
"47213093","Meia Praia","apartamento","2","2","2","4","66","290.5","250","0","14","false","true","false","true","4.93","0"
"1304433283397417052","Morretes","apartamento","2","2","2","6","170","1105.94","270","0","2","false","true","true","false","5","1"
"1193496259129259761","Centro","apartamento","2","2","3","6","221","720.66","240","0","13","false","true","true","false","4.77","1"
"1163772289534164479","Tabuleiro dos Oliveiras","casa","4","3","6","12","171","1810.48","350","0","0","false","false","false","true","0","11"
"1139831117529014384","Tabuleiro dos Oliveiras","apartamento","3","2","4","6","213","625.99","220","0","11","true","false","false","true","5","7"
"31284638","Centro","apartamento","3","0","3","8","87","932.07","300","0","21","true","false","true","true","5","2"
"1008029204257210230","Morretes","casa","2","1","2","4","178","321.68","150","0","4","false","false","false","false","5","2"
"675242237586865339","Morretes","apartamento","2","2","3","6","197","482.56","250","0","6","false","false","false","true","5","6"
"834645644371228115","Centro","outros","1","1","1","2","38","300","70","0","14","true","false","false","false","4.93","10"
"23068512","Meia Praia","apartamento","2","2","4","6","19","636.95","250","0","19","false","false","false","false","4.37","11"
"30332330","Centro","apartamento","2","1","4","6","139","373.98","150","0","57","false","false","false","false","4.67","1"
"53337464","Meia Praia","apartamento","2","2","3","6","165","656.44","250","0","14","true","false","false","false","5","1"
"30756202","Meia Praia","apartamento","2","2","3","6","76","564.84","350","0","17","false","false","false","false","4.76","1"
"52059007","Centro","apartamento","2","2","2","6","253","922.64","50","0","1","false","false","false","false","5","9"
"40449599","Meia Praia","apartamento","3","3","4","8","179","590.41","300","0","34","true","true","false","true","4.85","1"
"32371924","Centro","apartamento","3","2","5","8","72","517.31","250","0","30","true","true","false","true","4.93","10"
"1282585098065467787","Centro","apartamento","1","1","1","2","167","399.43","150","0","7","true","true","true","false","5","1"
"30271062","Meia Praia","apartamento","2","1","3","6","76","534.49","250","0","6","false","false","false","false","5","11"
"22243318","Meia Praia","apartamento","2","1","2","6","111","550.67","250","0","32","false","false","false","true","4.84","2"
"11567423","Centro","apartamento","3","2","4","6","169","856.99","400","0","24","false","true","false","false","4.88","10"
"28410850","Centro","apartamento","1","1","1","2","121","515.07","0","0","62","false","true","false","false","4.85","11"
"986407426689940399","Meia Praia","apartamento","2","2","3","5","100","293.35","300","0","25","true","false","true","true","4.84","3"
"980310639590708922","Meia Praia","apartamento","2","2","2","4","223","664.45","400","0","21","true","true","true","false","4.86","1"
"39394196","Meia Praia","apartamento","3","2","3","8","23","353.8","300","0","16","true","false","false","false","4.81","2"
"1195858349379362032","Centro","apartamento","3","3","3","8","153","864.72","330","0","17","false","false","false","true","4.71","3"
"580407424598756855","Meia Praia","apartamento","3","2","3","10","59","471.83","270","0","11","true","false","false","true","5","11"
"45923984","Canto da Praia","apartamento","3","3","3","8","69","344.44","150","0","35","true","false","false","false","4.94","2"
"1049417084065072931","Morretes","apartamento","2","2","2","4","18","646.25","226","0","24","true","true","true","true","4.92","3"
"30153564","Meia Praia","apartamento","2","0","3","6","126","423.46","300","0","39","true","false","false","true","4.9","1"
"28160414","Centro","apartamento","3","2","3","6","152","612.33","200","0","7","false","false","false","false","5","4"
"1320995339425720277","Centro","apartamento","2","1","3","4","202","742.54","200","0","1","false","true","true","false","5","1"
"40023421","Morretes","apartamento","2","2","3","6","226","479.14","280","0","11","false","false","false","false","4.73","4"
"1014245162199655907","Meia Praia","apartamento","2","2","2","6","108","572.67","0","0","8","true","false","false","false","5","2"
"613221032690703355","Meia Praia","apartamento","3","3","6","8","106","737.78","300","0","23","true","false","false","true","4.91","8"
"48941838","Centro","apartamento","2","2","3","6","116","410.52","180","0","25","false","false","false","false","4.48","9"
"35481220","Meia Praia","apartamento","3","3","3","6","227","754.5","300","0","17","true","false","false","false","4.94","7"
"53815397","Alto Sao Bento","apartamento","1","1","1","2","72","246.11","0","0","86","true","true","false","true","4.93","11"
"26570136","Meia Praia","apartamento","3","2","3","8","198","702.06","370","0","22","false","false","false","false","4.86","6"
"42788291","Meia Praia","apartamento","3","2","4","7","54","632.59","200","0","43","true","true","false","true","4.88","6"
"1002341236260011015","Morretes","apartamento","2","2","2","4","54","351.85","200","0","11","true","false","false","false","4.91","2"
"49369605","Meia Praia","apartamento","3","2","0","8","42","238.34","220","0","12","true","false","false","false","4.75","8"
"51301217","Meia Praia","apartamento","3","2","4","8","67","523.54","275","0","29","true","false","false","false","4.79","5"
"27718978","Meia Praia","apartamento","4","4","4","9","41","530.73","450","0","11","false","false","false","false","4.82","6"
"21397811","Meia Praia","apartamento","3","2","8","8","185","710.98","350","0","19","true","false","false","false","4.89","2"
"23299596","Meia Praia","apartamento","2","1","2","6","36","612.44","100","0","214","true","true","false","true","4.92","3"
"53240300","Meia Praia","apartamento","3","3","3","14","203","1003.72","350","0","15","true","false","false","false","4.93","2"
"42270655","Ilhota","casa","3","2","7","8","74","517.25","150","0","41","true","true","false","true","5","11"
"1248514191377483703","Centro","apartamento","2","1","5","6","214","525.71","351","0","6","true","true","true","false","5","1"
"1297930815921503919","Meia Praia","apartamento","3","2","4","6","199","930.05","339","0","3","false","true","true","false","5","1"
"34218930","Meia Praia","apartamento","3","3","5","8","147","760.99","300","0","20","false","false","false","true","4.9","2"
"1067320906990424780","Centro","apartamento","3","2","4","6","156","614.25","489","0","8","false","true","true","false","4.63","1"
"41532894","Meia Praia","apartamento","3","2","5","10","174","861.23","300","0","119","true","false","false","true","4.82","4"
"968213956640500474","Morretes","apartamento","2","2","3","6","224","512.07","300","0","37","true","false","false","true","5","4"
"822365439954007216","Meia Praia","apartamento","3","3","3","8","190","723.49","350","0","15","true","true","false","true","4.87","11"
"772261416620745030","Meia Praia","apartamento","3","3","3","6","211","835.36","300","0","10","true","false","false","false","5","1"
"16105751","Centro","apartamento","2","2","2","4","72","273.29","250","0","138","true","true","false","true","4.86","1"
"42625075","Meia Praia","apartamento","3","2","5","8","152","1072.7","200","0","31","false","false","false","false","4.77","1"
"694313018923554703","Meia Praia","apartamento","3","2","3","7","63","1258.73","380","0","5","true","true","true","true","5","1"
"1238321506456103932","Centro","apartamento","2","2","3","6","198","760.26","240","0","9","false","true","true","false","4.67","1"
"1153552657765472365","Centro","apartamento","2","2","3","4","78","393.97","324","0","5","true","true","true","false","5","0"
"54287612","Centro","apartamento","2","2","4","6","136","426.38","610","0","10","true","true","false","false","4.9","0"
"31167122","Meia Praia","apartamento","2","2","4","6","85","10000","180","0","13","false","true","false","false","4.77","0"
"41227471","Meia Praia","apartamento","3","2","4","7","207","685.15","300","0","34","true","false","false","true","5","10"
"26898492","Ilhota","casa","2","2","4","10","38","373.68","200","0","20","false","false","false","false","4.7","5"
"946609581890906389","Meia Praia","apartamento","3","2","3","7","76","413.46","270","0","33","true","false","false","true","4.91","11"
"1045520246239520927","Centro","apartamento","3","3","3","6","148","951.46","400","0","0","false","false","false","false","0","9"
"693024169316156606","Meia Praia","apartamento","2","2","2","6","128","602.55","200","0","29","false","false","false","true","4.72","3"
"27201205","Meia Praia","apartamento","3","2","6","10","75","697.64","390","0","56","false","false","false","true","4.88","5"
"41686810","Meia Praia","outros","2","2","2","2","59","95.42","100","0","24","false","false","false","false","4.71","11"
"40899047","Meia Praia","apartamento","2","2","5","6","37","297.49","230","0","57","true","false","false","true","4.96","0"
"912678193847993947","Meia Praia","outros","1","1","1","2","77","300.64","0","0","30","true","true","false","false","4.8","0"
"1216602433904805187","Centro","apartamento","1","1","2","4","204","600.35","190","0","10","false","true","true","false","4.6","1"
"53581602","Centro","apartamento","3","2","3","8","183","528.13","250","0","6","true","false","false","false","5","1"
"39420557","Meia Praia","apartamento","3","3","3","8","99","799.26","250","0","7","true","false","false","false","5","2"
"1042032092670718662","Meia Praia","apartamento","1","1","1","4","72","411.51","140","0","11","true","false","false","false","4.91","9"
"911476333007658783","Meia Praia","apartamento","2","2","2","8","138","253.42","160","0","65","false","false","false","false","4.63","5"
"47260862","Meia Praia","apartamento","2","3","8","8","105","513.95","250","0","24","true","true","false","false","5","0"
"47816646","Ilhota","apartamento","2","2","2","4","73","528.25","250","0","19","false","false","false","true","4.84","1"
"52348108","Meia Praia","apartamento","2","2","3","6","73","553.42","250","0","25","false","false","false","false","4.76","3"
"991407580891691701","Meia Praia","apartamento","3","2","3","6","162","683.72","439","0","11","false","true","true","false","4.55","1"
"46690986","Meia Praia","apartamento","3","2","3","8","91","1315.26","250","0","9","false","false","false","false","5","1"
"844864653127085626","Meia Praia","apartamento","3","3","6","8","199","1048.65","370","0","15","true","false","false","false","5","10"
"44890294","Meia Praia","apartamento","3","2","4","7","2","1000","0","0","80","true","<NA>","","true","4.95","4"
"796481545034280714","Centro","apartamento","2","2","2","4","196","667.93","290","0","9","true","false","false","false","5","0"
"1037004838842410100","Meia Praia","apartamento","1","1","2","3","35","310.79","120","0","12","false","true","false","true","4.58","3"
"1179103047052148475","Meia Praia","apartamento","4","3","5","8","103","686.22","480","0","4","false","true","true","false","4.5","1"
"787606557854537606","Meia Praia","apartamento","2","2","2","6","65","626.11","200","0","11","false","true","false","true","4.64","3"
"21662762","Meia Praia","apartamento","3","2","5","9","90","317.92","280","0","157","true","true","false","false","4.85","2"
"8838629","Morretes","apartamento","3","2","11","15","165","781.05","200","0","88","false","true","true","true","4.7","3"
"46327705","Meia Praia","apartamento","3","3","4","7","120","1014.2","400","0","6","false","false","false","false","5","2"
"18395333","Meia Praia","apartamento","3","3","6","8","166","611.89","450","0","63","true","false","false","true","4.98","11"
"769461318721075633","Meia Praia","casa","2","3","2","10","36","569.44","300","0","9","true","false","false","true","5","1"
"734707774394612996","Meia Praia","apartamento","3","2","3","9","53","1417.88","250","0","36","true","false","false","true","5","3"
"39635217","Meia Praia","apartamento","3","2","3","9","47","415.14","350","0","46","true","true","false","true","4.96","2"
"46116173","Meia Praia","apartamento","2","2","4","6","69","415.93","180","0","39","true","false","false","true","4.95","2"
"45350304","Meia Praia","apartamento","3","2","3","8","145","729.5","500","0","13","true","false","false","true","5","4"
"39837626","Meia Praia","apartamento","3","3","3","6","23","461.96","350","0","22","true","false","false","false","5","1"
"1037047027853581998","Centro","apartamento","2","2","2","5","95","1035.84","250","0","17","true","false","true","true","4.88","9"
"1269636598524749154","Centro","apartamento","1","1","1","3","188","392.74","190","0","9","false","true","true","false","4.22","1"
"46298558","Meia Praia","apartamento","2","2","8","4","125","588.59","220","0","6","true","true","false","false","5","1"
"782548209247570691","Meia Praia","apartamento","3","3","6","8","132","699.94","300","0","32","true","true","false","true","4.94","1"
"53717416","Meia Praia","apartamento","3","2","3","6","178","687.84","484","0","34","false","true","true","false","4.5","1"
"53914255","Meia Praia","apartamento","2","2","2","5","114","574.55","300","0","8","true","true","true","true","5","1"
"29870406","Meia Praia","apartamento","3","3","5","11","218","818.78","250","0","25","true","true","false","true","4.96","2"
"1045916135727198441","Meia Praia","apartamento","2","2","3","6","150","688.68","250","0","5","true","true","false","false","5","9"
"37744392","Meia Praia","apartamento","3","2","3","6","79","720.97","100","0","10","true","false","false","false","5","1"
"1208757855935244741","Centro","apartamento","1","1","1","2","200","393.97","150","0","0","false","true","true","false","0","1"
"1280559161534348023","Centro","apartamento","1","1","2","4","210","626.45","190","0","0","false","true","true","false","0","1"
"923133320997277084","Meia Praia","apartamento","0","1","2","4","139","427.08","150","0","24","true","true","false","true","5","6"
"1075444278753674442","Meia Praia","apartamento","2","1","4","6","45","600.47","250","0","5","false","false","false","false","4.8","11"
"47558531","Meia Praia","apartamento","3","2","5","9","239","783.04","300","0","68","true","true","false","true","4.93","0"
"1184078920130796920","Morretes","apartamento","2","2","2","4","70","414.31","290","0","11","false","true","true","true","5","2"
"46678933","Meia Praia","apartamento","3","3","4","7","161","760.25","250","0","8","false","false","false","false","5","0"
"53903158","Morretes","apartamento","3","2","3","8","177","1167.9","400","0","17","true","true","false","true","4.94","0"
"53656846","Alto Sao Bento","casa","1","1","1","2","43","302.56","150","0","40","false","false","false","false","4.85","0"
"37708447","Meia Praia","apartamento","3","2","6","10","100","791.24","300","0","95","true","false","false","true","4.99","5"
"794707921952592251","Meia Praia","outros","1","1","2","2","48","152.97","5","0","25","true","false","false","false","5","0"
"731853350375474350","Morretes","apartamento","2","2","3","6","34","705.51","150","0","10","false","false","false","false","5","3"
"16618715","Meia Praia","apartamento","3","2","3","8","215","791.59","189","0","59","true","false","false","true","4.92","0"
"1031938290013047428","Meia Praia","apartamento","2","2","2","4","217","660.04","400","0","12","true","true","true","false","5","1"
"985445004274818605","Centro","outros","1","1","1","2","59","165.11","0","0","19","true","true","false","true","5","3"
"53448627","Meia Praia","apartamento","3","2","8","12","68","525.95","290","0","6","false","true","false","false","5","1"
"950059146531590785","Tabuleiro dos Oliveiras","apartamento","2","2","3","5","17","469.06","100","0","8","false","false","false","false","4.88","4"
"30402651","Meia Praia","apartamento","2","2","3","6","170","591.81","200","0","10","false","false","false","false","5","5"
"38693604","Meia Praia","apartamento","3","2","7","8","168","596.43","300","0","20","true","true","false","false","4.85","3"
"15549803","Morretes","apartamento","4","3","6","8","104","775.57","350","0","82","true","false","false","true","4.93","2"
"48526011","Morretes","casa","3","2","3","10","65","556.68","300","0","17","false","false","false","false","4.88","0"
"730503580289648392","Centro","apartamento","2","2","4","6","10","787.5","250","0","8","false","true","false","false","4.88","3"
"1182188163181410725","Centro","apartamento","2","1","3","5","82","934.54","250","0","12","true","false","false","true","4.92","11"
"1208735754877396448","Centro","apartamento","1","1","1","2","208","433.66","150","0","2","false","true","true","false","5","1"
"1272537775161574422","Meia Praia","apartamento","2","2","2","4","139","566.36","369","0","7","false","true","true","false","4.71","1"
"41682475","Meia Praia","apartamento","3","2","3","8","43","469.77","200","0","7","false","true","false","false","5","11"
"22739656","Meia Praia","apartamento","3","2","6","8","181","1243.66","350","0","41","true","true","false","false","4.83","11"
"16253828","Meia Praia","apartamento","3","2","4","7","192","1605.2","420","0","24","false","false","false","false","4.96","4"
"859925561562240250","Meia Praia","apartamento","3","3","3","8","29","792.83","300","0","5","true","false","false","true","5","2"
"52530322","Meia Praia","apartamento","2","2","3","6","139","480.52","250","0","11","false","false","false","false","4.91","2"
"12931525","Meia Praia","apartamento","3","1","3","6","110","417.57","300","0","20","false","false","true","false","4.85","2"
"1274679812745645557","Centro","apartamento","1","1","2","4","210","594.68","195","0","7","true","true","true","false","4.86","1"
"46896012","Meia Praia","apartamento","3","2","4","8","146","632.66","350","0","14","true","true","true","false","4.93","2"
"51669111","Meia Praia","apartamento","3","2","3","8","246","733.99","300","0","8","false","true","false","true","5","5"
"1259534245145609058","Centro","apartamento","1","1","1","2","143","444.06","150","0","10","true","true","true","false","5","1"
"1226856286781952840","Centro","apartamento","2","1","3","5","214","720.36","220","0","12","false","true","true","false","4.58","1"
"557386903732882183","Meia Praia","apartamento","3","2","5","9","53","1129.45","300","0","6","false","false","false","false","5","11"
"1055163452693752832","Morretes","apartamento","2","2","2","4","173","557.51","50","0","16","true","false","false","true","4.94","0"
"52365560","Meia Praia","apartamento","1","1","1","4","75","324.53","200","0","10","true","false","false","false","4.8","4"
"716703779507124462","Meia Praia","apartamento","2","2","2","6","72","766.81","300","0","10","false","false","true","true","4.8","3"
"629724091250673746","Meia Praia","apartamento","2","2","3","6","145","640.28","400","0","46","false","true","true","false","4.72","1"
"52346232","Meia Praia","apartamento","3","2","6","8","148","763.95","300","0","47","false","false","true","false","4.77","3"
"1207864392976162235","Centro","apartamento","1","1","2","4","230","554.83","0","0","1","false","false","false","false","5","5"
"756997201912524343","Meia Praia","apartamento","3","3","4","8","248","947.48","300","0","6","true","false","false","false","5","2"
"1048804459244346908","Morretes","apartamento","2","2","4","6","205","709.63","100","0","27","false","false","false","false","4.7","0"
"36698654","Meia Praia","apartamento","4","4","4","12","79","1964.59","300","0","14","false","false","false","false","4.79","6"
"52474050","Meia Praia","apartamento","2","2","4","7","22","780","250","0","41","true","false","false","false","4.93","3"
"44895797","Meia Praia","apartamento","3","2","3","7","23","703.91","179","0","65","true","true","false","true","4.88","4"
"31278015","Meia Praia","apartamento","3","2","6","8","56","504.29","250","0","14","false","false","false","false","4.43","0"
"768032727158094436","Meia Praia","apartamento","3","2","3","7","18","1200","0","0","5","false","<NA>","","true","5","4"
"15791567","Meia Praia","apartamento","3","3","5","10","35","580","300","0","22","false","false","false","true","4.09","2"
"766788707373767791","Meia Praia","apartamento","3","3","4","8","88","490.71","150","0","23","true","false","false","true","4.91","1"
"42841323","Centro","apartamento","1","1","2","4","53","484.92","300","0","36","true","false","false","true","5","10"
"52884842","Meia Praia","apartamento","4","4","4","10","89","1900","200","0","5","false","false","false","false","5","1"
"754141022905987471","Meia Praia","apartamento","3","2","4","8","213","749.03","250","0","15","true","false","false","true","4.93","0"
"711032530664362412","Varzea","casa","1","1","1","2","35","171.99","80","0","13","true","false","false","true","5","1"
"1303745304497797235","Centro","apartamento","2","1","2","4","213","714.56","240","0","1","false","true","true","false","5","1"
"47006355","Meia Praia","apartamento","3","1","7","8","135","704.44","150","0","27","true","true","false","true","4.93","1"
"939698664229028471","Morretes","apartamento","2","2","3","6","88","317.65","250","0","20","true","true","false","true","4.95","5"
"16730935","Meia Praia","outros","1","1","1","2","89","250","70","0","22","true","false","false","false","5","2"
"50535771","Centro","apartamento","3","2","4","6","44","630.68","200","0","14","false","false","false","false","4.57","6"
"902324773092897293","Meia Praia","apartamento","3","2","3","6","23","1235.11","250","0","13","true","false","false","true","5","11"
"798631136594423222","Tabuleiro dos Oliveiras","apartamento","4","3","6","10","56","1100","300","0","4","false","false","false","false","4.75","0"
"41664387","Meia Praia","outros","1","1","1","2","45","180.64","0","0","142","true","true","false","true","4.99","0"
"22421016","Centro","apartamento","3","3","4","8","27","806.14","300","0","7","false","false","false","false","5","0"
"22047595","Morretes","apartamento","3","2","7","10","153","700.84","290","0","37","true","true","false","true","4.89","1"
"22383070","Meia Praia","apartamento","2","2","4","6","40","321.3","200","0","36","true","false","false","false","4.94","1"
"48699117","Meia Praia","apartamento","2","2","5","6","118","452.39","250","0","24","true","true","false","true","4.92","9"
"30795921","Meia Praia","apartamento","3","3","3","8","22","1500","250","0","8","false","false","false","false","5","1"
"787195284335262595","Meia Praia","apartamento","3","2","3","7","157","576.76","300","0","11","true","false","false","true","5","5"
"41769298","Meia Praia","apartamento","3","2","11","10","190","1096.32","250","0","35","false","true","false","true","4.89","11"
"798475021925579344","Morretes","apartamento","2","2","4","5","120","330.81","100","0","20","true","true","false","true","4.9","0"
"1219655958873769070","Centro","apartamento","2","2","3","6","194","709.16","240","0","16","false","true","true","false","4.5","1"
"39629644","Meia Praia","apartamento","3","2","3","6","71","433.64","350","0","84","true","true","false","true","4.95","2"
"944320965810800803","Meia Praia","apartamento","3","2","5","7","230","893.84","380","0","8","true","false","false","false","5","2"
"1062221285605590578","Centro","apartamento","3","3","4","8","135","589.38","0","0","1","false","false","false","false","5","0"
"28932247","Meia Praia","casa","3","2","7","9","99","495.75","250","0","25","true","true","false","false","4.92","3"
"1058193595817353204","Tabuleiro dos Oliveiras","apartamento","2","2","5","6","89","394.56","200","0","11","true","true","false","true","5","0"
"735732850757918650","Meia Praia","apartamento","3","2","3","6","86","1422.09","200","0","15","false","true","true","true","4.73","5"
"807898347637042057","Morretes","apartamento","3","2","3","7","16","395","250","0","11","true","false","false","true","5","11"
"45911990","Morretes","apartamento","3","2","3","6","55","661.12","200","0","38","true","false","false","true","4.95","2"
"1021217453140595481","Meia Praia","hotel","1","1","3","4","46","398.83","140","0","12","true","false","false","false","5","2"
"906701409648697471","Meia Praia","apartamento","2","2","3","6","144","577.47","200","0","26","true","false","false","false","4.96","3"
"1208718899534488031","Centro","apartamento","1","1","1","2","223","435.09","150","0","5","false","true","true","false","4.8","1"
"1056816282920055514","Meia Praia","apartamento","3","3","3","6","169","564.56","250","0","15","true","false","true","true","4.93","0"
"47089646","Centro","apartamento","2","2","4","7","51","526","350","0","15","true","true","false","false","5","0"
"31511990","Sertaozinho","casa","2","2","4","5","86","483.43","100","0","51","false","false","false","false","4.92","11"
"1124052077567202180","Morretes","casa","4","5","10","16","23","880.26","400","0","3","false","false","false","false","5","1"
"30209117","Meia Praia","apartamento","3","2","5","9","42","470.36","160","0","16","false","true","false","true","4.94","1"
"43754654","Centro","apartamento","3","3","4","8","228","906.17","390","0","12","false","false","false","false","5","7"
"687757820659405525","Morretes","apartamento","2","2","3","6","239","574.45","220","0","8","true","false","false","false","5","11"
"10266012","Morretes","outros","1","1","1","2","58","121.25","15","0","69","false","true","false","true","4.74","0"
"32234626","Meia Praia","casa","3","2","2","6","38","402.37","283","0","44","true","false","true","true","4.93","11"
"1019041007385326527","Meia Praia","apartamento","2","2","3","7","43","675.83","350","0","10","true","false","true","false","4.9","0"
"1011714999685071594","Centro","apartamento","3","2","4","6","57","556.53","180","0","6","true","false","true","true","5","5"
"783879004243392314","Meia Praia","apartamento","3","2","3","6","206","711","250","0","30","false","false","false","true","4.67","0"
"986245345084467584","Meia Praia","apartamento","3","3","4","8","231","866.77","250","0","8","true","true","false","true","5","1"
"45803876","Meia Praia","apartamento","3","3","3","7","168","531.82","260","0","40","true","false","false","true","5","4"
"670778657683556451","Meia Praia","apartamento","3","4","3","8","101","905.84","300","0","6","true","false","false","true","5","2"
"20943549","Meia Praia","apartamento","2","2","2","6","160","425.26","220","0","27","true","false","false","false","4.96","3"
"16321793","Meia Praia","apartamento","3","2","5","7","193","530.94","250","0","31","true","false","false","false","4.97","1"
"790752171303746450","Meia Praia","apartamento","2","2","1","6","222","665.33","250","0","10","true","false","false","false","5","0"
"50561328","Meia Praia","apartamento","3","2","4","7","20","886.25","200","0","32","false","false","false","true","4.78","1"
"53669499","Meia Praia","apartamento","3","3","3","6","177","721","200","0","58","true","false","true","true","4.9","0"
"543584528464360785","Meia Praia","apartamento","2","2","5","6","60","375.49","350","0","26","true","false","false","true","4.92","11"
"38980085","Meia Praia","apartamento","3","3","3","8","226","995.02","350","0","13","true","false","false","false","5","3"
"41702158","Meia Praia","apartamento","4","3","6","12","101","1286.14","400","0","59","true","true","false","true","4.95","11"
"53340772","Meia Praia","apartamento","3","2","5","7","170","519.04","300","0","17","true","false","false","true","5","1"
"38852725","Meia Praia","apartamento","3","2","5","8","159","516.4","200","0","44","true","false","false","true","4.98","3"
"31397917","Meia Praia","apartamento","1","1","1","3","15","2173.33","0","0","213","true","false","false","false","4.9","0"
"52670832","Meia Praia","apartamento","3","2","10","8","20","475.47","300","0","27","true","false","false","true","4.93","3"
"873260132509992833","Morretes","apartamento","2","2","3","6","26","402.73","200","0","13","true","true","false","true","4.85","6"
"20555680","Centro","apartamento","1","1","1","4","19","200","150","0","12","false","false","false","false","4.83","4"
"1247028916537033972","Centro","casa","4","6","4","12","75","1761.77","500","0","0","false","false","false","false","0","0"
"30491733","Meia Praia","apartamento","4","3","4","9","145","800.97","350","0","18","true","false","false","false","4.94","1"
"811053746893495263","Meia Praia","apartamento","3","2","4","8","164","435.56","300","0","8","true","false","false","false","5","11"
"784836681288428817","Casa Branca","apartamento","2","1","4","5","65","377.38","200","0","13","false","true","false","false","4.77","0"
"52650644","Meia Praia","apartamento","3","2","3","7","126","680.85","150","0","12","true","true","false","false","4.92","2"
"1218889785346856352","Meia Praia","apartamento","2","2","5","7","30","574.7","413","0","10","false","true","true","false","4.7","1"
"1182070530301053205","Centro","apartamento","1","1","2","4","174","598.07","190","0","12","true","true","true","false","4.92","1"
"978095320445301654","Meia Praia","apartamento","3","3","4","8","210","908.19","250","0","17","true","true","false","true","4.88","3"
"676838365540390245","Meia Praia","apartamento","2","2","4","6","20","250","200","0","8","true","false","false","false","5","5"
"965258538716677226","none","casa","1","1","1","2","86","624.7","200","0","16","true","false","false","true","4.81","4"
"1032037416009523135","Areal","casa","1","1","1","2","37","550.8","0","0","21","true","true","true","true","5","1"
"45184991","Meia Praia","apartamento","2","2","2","5","62","648","200","0","123","false","false","true","true","4.81","0"
"913929715874853789","Meia Praia","apartamento","4","3","6","9","161","974.03","400","0","27","false","false","false","true","4.89","10"
"21632405","Meia Praia","apartamento","3","2","3","8","119","505.21","250","0","11","true","false","false","true","4.82","2"
"1242713378625026725","Centro","apartamento","1","1","2","4","206","636.96","190","0","8","false","true","true","false","4.75","1"
"758758164947604865","Meia Praia","outros","1","1","1","2","82","153.9","100","0","14","true","true","false","false","4.86","5"
"48109229","Meia Praia","apartamento","2","2","3","6","129","549.05","180","0","15","false","false","false","false","4.67","0"
"21025393","Meia Praia","apartamento","3","3","5","6","81","740.72","250","0","23","true","false","false","false","4.91","3"
"42138941","Meia Praia","apartamento","2","2","3","4","69","1182.61","150","0","19","true","true","false","false","4.95","11"
"1045592510645908121","Meia Praia","apartamento","2","1","3","7","65","502.98","250","0","20","true","true","false","true","5","1"
"26334990","Meia Praia","apartamento","3","2","8","11","155","1219.89","350","0","6","false","true","false","false","5","6"
"22901902","Meia Praia","apartamento","3","2","3","6","238","721.01","300","0","29","true","true","false","false","4.93","11"
"13522176","Meia Praia","apartamento","5","6","7","15","32","2397.8","435","0","144","false","false","false","false","4.83","6"
"31084342","Meia Praia","apartamento","4","4","6","12","53","814.15","500","0","5","false","false","false","false","5","0"
"25165914","Meia Praia","apartamento","3","2","4","6","232","617.31","210","0","15","false","false","false","false","4.87","2"
"1315954985293478319","Centro","apartamento","1","1","2","4","260","811.65","170","0","0","false","true","true","false","0","1"
"46724379","Meia Praia","apartamento","2","1","5","7","238","474.38","199","0","55","true","false","false","true","4.91","1"
"1191261348067720296","Centro","apartamento","2","1","3","6","168","702.05","240","0","25","true","true","true","false","5","1"
"53918137","Meia Praia","apartamento","2","2","3","6","62","434.15","290","0","14","true","false","false","false","4.93","0"
"24171739","Meia Praia","apartamento","3","2","3","8","56","451.66","250","0","23","true","false","false","true","4.83","2"
"41761142","Meia Praia","apartamento","2","2","5","6","102","395.19","170","0","60","true","true","false","true","4.77","11"
"781223884036842600","Meia Praia","apartamento","2","2","2","5","62","364.76","250","0","26","false","false","false","true","4.65","0"
"40236441","Morretes","casa","1","1","1","2","47","237.26","80","0","84","true","true","true","true","4.9","1"
"15980108","Meia Praia","apartamento","4","3","5","10","39","1500","180","0","26","true","true","false","false","4.85","1"
"985716714802993034","Morretes","apartamento","2","2","2","4","115","425.14","290","0","12","true","false","false","false","5","3"
"1004910078575857573","Meia Praia","apartamento","3","2","5","7","73","765.48","300","0","12","true","false","false","true","5","2"
"1060712994513047104","Morretes","apartamento","2","2","3","5","188","448.1","250","0","10","false","true","false","true","4.9","11"
"1188323084225041810","Centro","apartamento","1","1","2","4","185","601.87","190","0","14","true","true","true","false","4.86","1"
"770131545986036241","Meia Praia","apartamento","3","3","4","8","201","971.53","300","0","36","true","true","false","true","4.92","1"
"1321134786322096510","Meia Praia","apartamento","3","2","4","6","214","724.56","337","0","1","false","true","true","false","5","1"
"802357806571870530","Meia Praia","apartamento","3","3","3","6","114","667.91","150","0","23","false","false","false","true","4.91","0"
"53113087","Meia Praia","apartamento","3","2","3","8","126","553","300","0","12","true","false","false","false","5","2"
"1207881809440158991","Centro","apartamento","1","1","1","2","235","434.65","150","0","1","false","true","true","false","5","1"
"49123621","Meia Praia","apartamento","3","0","4","6","226","770.38","300","0","16","true","false","false","false","4.94","9"
"580589381711973141","Morretes","apartamento","2","2","3","4","52","404.81","180","0","11","true","true","false","false","5","10"
"23390752","Tabuleiro dos Oliveiras","casa","7","3","8","13","78","1377.29","250","0","47","true","false","false","false","4.94","10"
"52536443","Centro","apartamento","2","2","4","5","38","390.26","260","0","13","true","false","false","false","5","11"
"53645678","Meia Praia","apartamento","3","2","5","7","109","734.45","300","0","13","true","false","false","false","5","1"
"17511306","Meia Praia","casa","4","2","5","13","62","1007.85","350","0","33","true","false","false","false","4.85","10"
"821574780923920105","Meia Praia","apartamento","3","3","3","6","85","611.93","300","0","6","true","false","false","false","5","0"
"47421617","Centro","apartamento","2","2","4","5","36","404.19","260","0","7","false","false","false","false","4.71","11"
"982642009007231841","Centro","apartamento","1","1","3","4","92","275.13","135","0","24","true","false","false","true","4.88","6"
"47232230","Meia Praia","apartamento","3","2","6","6","47","934.28","400","0","20","false","false","false","true","4.95","7"
"46048925","Meia Praia","apartamento","3","3","3","8","226","975.58","300","0","11","true","false","false","false","5","6"
"27338096","Centro","apartamento","3","3","7","8","89","1383.61","350","0","12","false","false","false","false","5","5"
"15754075","Meia Praia","apartamento","3","3","5","9","111","682.18","450","0","36","true","true","false","true","4.92","2"
"31115702","Meia Praia","apartamento","2","1","2","7","46","339.08","200","0","27","false","true","false","true","4.59","0"
"739015384619300207","Meia Praia","apartamento","4","5","5","12","174","1605.91","300","0","45","true","false","true","true","4.87","0"
"1046547202929220520","Meia Praia","apartamento","1","1","1","2","147","415.15","0","0","15","true","false","false","true","4.87","0"
"51507847","Meia Praia","apartamento","3","2","4","6","16","437.5","300","0","5","false","false","false","false","5","1"
"1193657356522503551","Meia Praia","apartamento","2","3","4","6","70","727.46","250","0","11","true","false","true","true","4.91","0"
"22421421","Morretes","casa","2","1","5","11","131","434.99","100","0","4","false","false","false","false","4.5","7"
"1207383031689344642","Centro","apartamento","1","1","1","4","192","674.92","150","0","8","false","false","false","false","4.88","0"
"33336758","Meia Praia","apartamento","2","2","2","6","101","454.38","250","0","29","true","false","false","true","4.86","2"
"38447436","Meia Praia","apartamento","3","2","5","7","266","1048.1","350","0","19","true","false","true","false","4.84","0"
"1033202997223117530","Meia Praia","apartamento","4","3","7","12","29","1938.89","450","0","17","true","true","false","true","5","1"
"1182040498646675653","Centro","apartamento","2","1","3","6","163","721.93","240","0","2","false","true","true","false","5","1"
"53972959","Meia Praia","apartamento","3","3","3","6","167","931.03","400","0","13","true","false","false","true","4.77","1"
"1283982403734255309","Centro","apartamento","1","1","2","4","169","593.46","190","0","11","true","true","true","false","4.91","1"
"12490354","Centro","apartamento","3","2","3","6","63","748.51","250","0","42","true","false","false","true","4.98","2"
"1263128865886946817","Centro","apartamento","1","1","1","2","235","592.05","170","0","1","false","true","true","false","5","1"
"1063807278503566143","Centro","apartamento","2","2","3","6","160","486.82","280","0","5","true","false","false","true","5","0"
"1267332355220608617","Meia Praia","apartamento","2","2","3","5","69","668.58","150","0","1","false","false","false","false","5","2"
"37989675","Meia Praia","apartamento","2","2","2","6","63","418.48","300","0","20","false","false","false","true","4.85","4"
"622878708674009200","Meia Praia","apartamento","2","2","7","8","74","666.76","300","0","5","true","false","false","false","5","8"
"27981528","Casa Branca","apartamento","3","2","3","6","145","555.84","100","0","138","true","false","false","true","4.93","1"
"52025452","Meia Praia","apartamento","3","2","4","8","52","442.82","200","0","36","false","false","false","false","4.56","4"
"32486859","Meia Praia","apartamento","4","4","5","8","129","911.28","400","0","70","true","false","false","true","4.89","10"
"44425260","Meia Praia","apartamento","2","2","5","8","66","496.62","350","0","6","false","false","false","false","5","5"
"41473656","Meia Praia","apartamento","4","3","7","10","58","724.35","270","0","43","true","true","false","true","4.88","3"
"1047723626454445067","Meia Praia","apartamento","3","3","3","8","269","1637.77","0","0","7","true","true","false","false","5","1"
"1111626053814730010","Centro","apartamento","3","2","4","6","172","716.07","500","0","8","false","true","true","false","4.75","1"
"577333685681759877","Meia Praia","apartamento","2","2","4","6","94","546.1","200","0","55","true","true","false","true","4.85","10"
"871084107630048364","Meia Praia","apartamento","2","2","2","6","135","453.93","99","0","44","true","false","false","true","5","8"
"42013117","Meia Praia","apartamento","2","2","2","6","26","569.01","350","0","20","true","false","false","false","5","11"
"38899673","Morretes","apartamento","2","1","2","4","207","565.77","245","0","7","false","false","false","false","5","0"
"9784227","Meia Praia","apartamento","2","2","4","6","19","480","180","0","24","false","true","false","false","4.54","1"
"46530405","Morretes","apartamento","3","2","3","8","222","1048.67","520","0","41","false","false","false","false","4.85","8"
"22428497","Meia Praia","casa","2","1","2","4","40","299","250","0","36","true","false","false","false","4.81","0"
"15024197","Centro","apartamento","3","2","5","8","18","800","250","0","12","false","false","false","false","4.75","4"
"46866680","Meia Praia","apartamento","3","3","3","6","166","504.59","300","0","9","false","false","false","false","5","1"
"966687088388761169","Meia Praia","apartamento","3","3","3","6","255","793.57","350","0","14","true","false","false","false","5","4"
"978244263452010977","Meia Praia","apartamento","2","1","2","6","126","516.44","200","0","33","true","false","false","true","4.94","4"
"1161796266594364332","Centro","apartamento","1","1","1","2","38","460.53","250","0","21","true","true","false","true","5","10"
"1187061700423806804","Centro","apartamento","1","1","2","4","196","608.52","190","0","3","false","true","true","false","5","1"
"52969803","Centro","apartamento","2","2","3","5","174","357.83","160","0","27","true","false","false","true","5","2"
"1182018398755268829","Centro","apartamento","2","1","3","6","178","711.16","240","0","13","true","true","true","false","5","1"
"1002785860497857801","Meia Praia","apartamento","3","2","3","6","198","600.16","0","0","12","true","<NA>","","true","5","0"
"1083633025910461931","Meia Praia","apartamento","0","1","1","4","46","314.13","150","0","13","true","false","false","true","4.85","11"
"51983017","Meia Praia","apartamento","2","1","2","5","29","635.98","275","0","41","true","false","false","true","5","1"
"38514587","Meia Praia","apartamento","4","3","4","7","247","868.51","300","0","9","false","false","false","false","5","4"
"32600458","Meia Praia","apartamento","3","3","4","8","125","590.59","350","0","31","true","false","false","true","4.9","10"
"1023885231203292759","Meia Praia","apartamento","1","1","1","4","203","520.8","200","0","11","true","false","false","true","5","6"
"22223346","Meia Praia","apartamento","2","2","2","6","28","592.25","200","0","21","false","true","false","false","5","0"
"873125740517449213","Morretes","apartamento","2","1","3","5","203","488.88","400","0","19","true","true","true","false","4.84","1"
"39715668","Casa Branca","apartamento","2","1","3","4","154","233.04","200","0","18","true","false","false","false","4.94","2"
"20618105","Meia Praia","apartamento","2","2","2","5","127","649.49","300","0","15","false","false","false","false","4.73","4"
"1182043782165637473","Centro","apartamento","1","1","2","4","192","597.95","190","0","11","true","true","true","false","4.82","1"
"8287843","Meia Praia","apartamento","2","2","2","6","190","659.61","270","0","42","true","true","false","false","4.88","9"
"22245880","Meia Praia","apartamento","3","3","6","8","170","1334.35","250","0","63","true","false","true","false","4.9","0"
"54020562","Centro","casa","3","2","4","7","29","365.52","0","0","16","true","true","false","false","4.88","10"
"572368704250611987","Meia Praia","apartamento","2","2","2","5","36","506.64","200","0","35","true","false","false","true","4.86","10"
"15909831","Meia Praia","apartamento","3","3","4","6","189","752.63","190","0","32","true","true","false","true","4.94","2"
"41786765","Meia Praia","apartamento","3","3","3","8","13","250","500","0","32","false","true","false","false","4.84","11"
"51866473","Meia Praia","apartamento","3","2","3","8","108","543.05","250","0","30","true","false","false","true","4.97","4"
"790431243381422888","Meia Praia","apartamento","3","3","3","8","262","956.2","300","0","7","true","false","false","false","5","0"
"53915734","Morretes","apartamento","2","3","3","4","173","503.88","300","0","95","false","false","true","true","4.75","2"
"53325047","Meia Praia","apartamento","2","2","2","6","133","478.96","250","0","20","true","true","false","true","4.9","2"
"1208704132667695539","Centro","apartamento","1","1","1","2","241","616.29","170","0","0","false","true","true","false","0","1"
"1282577030741754149","Centro","apartamento","1","1","1","2","182","398.87","150","0","7","false","true","true","false","4.14","1"
"30098696","Casa Branca","casa","1","1","1","2","10","249","0","0","25","true","<NA>","","false","5","1"
"1312949509621922876","Morretes","apartamento","2","2","2","4","213","647.14","238","0","2","false","true","true","false","5","1"
"52627650","Morretes","apartamento","1","1","1","3","12","356.96","200","0","50","false","false","false","false","4.8","2"
"552912581186899747","Meia Praia","casa","7","3","9","16","49","1260","250","0","19","false","false","false","false","5","11"
"52472131","Meia Praia","apartamento","2","2","3","6","87","701.15","200","0","19","false","false","false","false","4.84","1"
"52596621","Meia Praia","apartamento","3","3","3","6","264","1074.68","300","0","11","true","true","false","false","5","1"
"1100991386372756521","Meia Praia","apartamento","2","2","0","8","252","826.06","0","0","12","true","false","false","true","5","9"
"3977675","Meia Praia","apartamento","0","1","3","5","55","242.71","50","0","21","false","false","false","false","4.62","7"
"734774611454860165","Meia Praia","apartamento","4","3","4","8","153","615.9","300","0","10","true","true","false","false","4.9","11"
"897144549301156856","Meia Praia","apartamento","3","2","4","6","44","1014.89","200","0","10","true","false","false","true","5","11"
"1058777213156843238","Meia Praia","apartamento","1","1","2","4","47","443.09","212","0","24","true","false","true","true","5","10"
"628340205412932131","Morretes","apartamento","1","1","2","4","32","512.5","60","0","27","true","false","false","true","4.96","3"
"1198703061430420363","Centro","apartamento","1","1","2","4","93","391.3","200","0","11","true","true","false","true","5","5"
"40342798","Meia Praia","apartamento","3","3","3","6","216","656.11","300","0","14","true","false","false","false","5","1"
"686743101124580615","Meia Praia","apartamento","3","4","3","8","27","818.2","300","0","6","false","false","false","true","5","2"
"45711835","Meia Praia","apartamento","4","2","6","10","16","890.62","280","0","17","true","true","false","false","4.94","3"
"1086855144095843601","Casa Branca","apartamento","2","1","3","4","68","493.21","175","0","14","true","false","true","true","4.93","3"
"49968308","Meia Praia","apartamento","3","2","4","6","49","717.02","250","0","26","true","false","false","false","5","4"
"1181971107577983158","Centro","apartamento","1","1","1","2","200","388.14","150","0","15","true","true","true","false","4.93","1"
"17034886","Meia Praia","casa","2","2","6","16","46","832.75","100","0","29","false","false","false","false","4.76","7"
"53733977","Meia Praia","apartamento","2","2","4","4","98","419.62","220","0","39","true","true","false","true","4.95","1"
"47000276","Meia Praia","apartamento","3","3","6","8","99","630.65","390","0","28","false","false","false","false","4.82","1"
"604521043281534642","Centro","apartamento","4","3","5","7","27","927.41","300","0","40","true","false","false","true","4.95","8"
"50047341","Meia Praia","apartamento","3","2","5","8","74","340.42","200","0","81","true","false","false","true","4.78","4"
"787847078680683474","Tabuleiro dos Oliveiras","apartamento","2","2","2","6","151","389.14","300","0","6","true","false","false","false","5","0"
"32134287","Meia Praia","apartamento","2","2","8","5","84","652.19","200","0","83","true","true","false","true","4.96","11"
"46011731","Meia Praia","apartamento","3","2","6","8","21","607.38","180","0","19","true","false","false","true","4.89","7"
"47891397","Meia Praia","apartamento","3","2","3","6","144","514.96","250","0","8","false","false","false","false","5","11"
"22191680","Meia Praia","apartamento","2","1","4","6","208","460.53","250","0","94","true","true","false","true","4.77","0"
"963040775940890055","Tabuleiro dos Oliveiras","apartamento","2","2","2","5","215","714.88","400","0","37","true","true","true","false","4.92","1"
"53605382","Centro","apartamento","4","3","5","7","39","712.82","300","0","66","true","true","false","false","4.92","1"
"15500038","Meia Praia","apartamento","3","2","4","9","208","508.65","300","0","25","true","false","false","true","4.88","2"
"10982940","Meia Praia","apartamento","4","4","5","8","75","1800","300","0","7","false","false","false","false","5","11"
"708045427082372124","Centro","apartamento","2","2","3","5","252","1252.9","250","0","8","true","false","false","false","5","4"
"39414948","Meia Praia","apartamento","3","2","5","8","162","583.78","250","0","72","true","false","false","true","4.96","2"
"45780750","Meia Praia","apartamento","3","2","6","6","12","850","0","0","26","false","<NA>","","false","4.96","1"
"802047490248101970","Meia Praia","apartamento","2","2","3","6","85","251.55","300","0","22","true","false","false","true","5","0"
"45726200","Meia Praia","apartamento","3","3","5","11","118","1491.44","350","0","15","true","false","true","false","5","0"
"52358821","Canto da Praia","casa","3","2","4","6","84","690.82","250","0","35","true","false","false","true","5","3"
"745632820094188215","Meia Praia","apartamento","3","3","3","8","28","726.71","400","0","7","true","false","false","false","5","2"
"30560948","Meia Praia","apartamento","3","2","4","6","210","881.89","300","0","10","false","false","false","false","5","1"
"27704027","Centro","apartamento","3","3","8","14","220","751.81","400","0","24","false","false","false","false","4.96","5"
"21295667","Meia Praia","apartamento","3","4","3","9","132","679.22","320","0","31","true","false","false","false","4.87","3"
"51453135","Meia Praia","apartamento","3","2","5","8","189","659.24","300","0","13","true","false","false","true","4.85","5"
"29145061","Meia Praia","apartamento","2","2","4","6","56","439.56","250","0","36","false","false","false","true","4.81","11"
"31859744","Meia Praia","apartamento","2","3","3","6","196","506.84","300","0","22","true","false","false","false","5","11"
"1321022086036905023","Centro","apartamento","2","1","2","5","234","899.74","220","0","0","false","true","true","false","0","1"
"1265161823691467042","Centro","apartamento","1","1","2","4","206","640.36","190","0","8","true","true","true","false","5","1"
"805726391815686158","Tabuleiro dos Oliveiras","apartamento","2","2","5","5","135","389.6","200","0","6","true","false","false","false","5","11"
"703527486074504582","Meia Praia","apartamento","2","1","4","5","173","344.85","300","0","18","true","false","false","true","4.94","4"
"16270332","Centro","casa","4","2","7","11","54","896.3","100","0","43","false","false","false","true","4.81","0"
"53803935","Meia Praia","apartamento","3","2","8","12","47","642.55","290","0","13","false","true","false","false","4.85","1"
"16017693","Meia Praia","apartamento","3","3","4","7","108","867.33","350","0","41","true","true","true","true","4.9","1"
"46710652","Meia Praia","apartamento","3","3","3","9","182","595.73","250","0","16","true","false","false","false","4.94","10"
"1274055523929375490","Meia Praia","apartamento","1","1","1","2","224","606.9","250","0","4","false","true","true","false","5","1"
"839184834439414765","Meia Praia","outros","1","1","1","2","42","154.71","5","0","37","true","false","false","false","5","0"
"1043497443334655968","Centro","apartamento","2","2","2","5","42","870.84","290","0","7","true","false","false","false","4.86","1"
"1057964852411462810","Morretes","casa","2","3","3","5","204","342.82","200","0","13","false","false","false","true","4.69","0"
"52354467","Meia Praia","apartamento","3","2","3","6","160","584.01","250","0","20","true","false","false","true","4.9","4"
"46598066","Centro","apartamento","2","2","2","6","217","1052.69","250","0","18","true","false","false","true","5","1"
"32585103","Meia Praia","apartamento","2","2","2","5","135","449.7","250","0","75","true","false","false","true","4.91","10"
"1015691857467598452","Meia Praia","apartamento","3","2","3","6","165","1272.44","250","0","21","true","false","true","true","5","0"
"577547502503396579","Meia Praia","apartamento","2","2","2","4","153","668.67","250","0","26","true","false","false","true","4.85","10"
"1082133757143221839","Meia Praia","apartamento","3","2","0","6","25","1211.25","300","0","19","true","false","false","true","5","11"
"1052490589225547467","Meia Praia","apartamento","3","2","6","8","174","709.32","290","0","16","true","false","false","true","5","0"
"1236367599770739400","Centro","apartamento","1","1","2","4","59","579.19","200","0","15","false","false","false","true","4.73","10"
"46704215","Meia Praia","apartamento","2","2","2","4","11","583.7","100","0","61","true","false","false","true","4.84","1"
"31059537","Centro","apartamento","3","2","5","8","180","837.84","250","0","61","true","true","false","true","4.98","0"
"1083424325445690046","Meia Praia","apartamento","2","3","4","5","54","602.62","250","0","5","true","false","false","true","5","11"
"850675824952359571","Meia Praia","apartamento","3","2","4","8","202","805.13","200","0","27","false","false","true","true","4.7","0"
"16350860","Meia Praia","apartamento","2","2","2","5","65","603.93","230","0","10","true","false","false","true","4.9","2"
"41147466","Meia Praia","apartamento","0","2","3","6","108","537.82","300","0","42","true","true","false","true","4.86","0"
"674566887638611404","Meia Praia","apartamento","3","2","3","6","103","533.5","420","0","15","true","true","false","true","5","11"
"22190101","Meia Praia","apartamento","2","1","3","7","111","277.55","200","0","38","true","false","false","false","4.89","1"
"36908385","Meia Praia","apartamento","3","3","4","7","62","650.02","350","0","22","false","true","true","true","4.82","1"
"630326155301078742","Meia Praia","apartamento","2","2","5","6","37","366.22","250","0","17","true","true","false","false","4.88","3"
"31430342","Meia Praia","apartamento","2","2","5","7","59","463.98","250","0","12","true","false","false","false","5","0"
"39820601","Meia Praia","apartamento","2","2","4","6","33","345","200","0","23","false","false","true","false","4.74","2"
"48848529","Meia Praia","apartamento","3","4","4","12","231","1088.42","350","0","61","true","false","false","true","4.84","9"
"43300431","Meia Praia","apartamento","4","3","4","10","88","2417.05","250","0","13","false","false","false","false","4.69","11"
"5443557","Canto da Praia","casa","1","1","4","5","82","799.12","198","0","107","false","true","true","true","4.87","10"
"573122310094338767","Meia Praia","apartamento","3","2","3","6","111","601.3","300","0","15","true","false","false","false","4.93","6"
"1199996219082185363","Morretes","apartamento","2","1","2","5","165","227.88","0","0","12","false","<NA>","","false","4.67","5"
"813090046454458015","Sertao do Trombudo","casa","1","1","1","2","84","388.45","150","0","47","true","true","false","true","5","11"
"42735835","Meia Praia","apartamento","2","2","7","5","33","249","250","0","87","true","false","false","true","4.85","11"
"1181723518413479765","Centro","apartamento","1","1","1","4","86","524.38","150","0","12","false","false","false","false","4.67","0"
"17294276","Meia Praia","apartamento","4","4","5","9","90","992.69","300","0","21","false","false","false","false","4.95","10"
"1214464056304542513","Centro","apartamento","2","1","4","5","203","711.88","220","0","16","true","true","true","false","5","1"
"1088251024341369589","Morretes","apartamento","2","3","2","5","20","612.5","0","0","16","true","false","false","true","4.88","0"
"694947516825280143","Meia Praia","apartamento","3","2","5","8","48","330.98","500","0","24","true","false","false","true","5","4"
"1208746927423730353","Centro","apartamento","1","1","1","2","203","394.41","150","0","1","false","true","true","false","5","1"
"1056827534457537585","Morretes","casa","2","1","3","4","235","359.83","200","0","17","true","false","false","true","4.88","0"
"1264729892004302735","Centro","apartamento","1","2","2","4","35","455.84","190","0","0","false","false","false","false","0","3"
"1254489827996538747","Meia Praia","apartamento","3","3","4","8","74","1238.64","100","0","11","true","true","false","true","5","3"
"48243472","Centro","apartamento","3","3","5","8","124","1369.84","550","0","49","true","true","false","true","5","7"
"54245203","Meia Praia","apartamento","2","2","3","5","69","591.59","200","0","8","true","true","false","false","5","9"
"52214716","Meia Praia","apartamento","4","3","6","11","207","1555.86","350","0","7","false","false","true","false","5","0"
"40250642","Meia Praia","apartamento","3","2","3","6","213","983.44","350","0","25","false","false","false","false","4.88","0"
"1171049670344322120","Meia Praia","apartamento","3","3","3","8","61","678.18","400","0","17","true","false","false","true","4.82","10"
"9327293","Meia Praia","apartamento","4","3","5","9","33","922.41","450","0","50","true","true","false","true","4.96","2"
"996227938456591020","Tabuleiro dos Oliveiras","apartamento","2","2","2","6","73","333.53","150","0","10","true","false","false","true","5","10"
"1019453731090411731","Meia Praia","apartamento","0","1","2","4","205","452.88","200","0","12","true","false","false","true","5","2"
"1229942592150628971","Meia Praia","apartamento","2","1","2","6","25","342.34","250","0","13","true","false","false","true","4.92","4"
"42180312","Jardim Praiamar","casa","1","1","1","4","60","194.87","100","0","61","true","false","false","true","5","8"
"1265295313956605287","Centro","apartamento","1","1","1","2","203","397.36","190","0","0","false","true","true","false","0","1"
"892662939259281401","Meia Praia","apartamento","4","0","5","10","13","1500","350","0","14","false","true","false","false","4.79","7"
"53474066","Centro","apartamento","3","2","3","7","89","883.37","200","0","15","false","false","false","false","4.67","1"
"31530689","Meia Praia","apartamento","3","2","4","6","213","707.6","0","0","24","true","true","false","true","4.92","0"
"46755580","Casa Branca","casa","1","1","1","2","58","300","150","0","11","false","false","false","false","4.91","1"
"744210382596366805","Meia Praia","apartamento","3","3","3","6","127","508.37","250","0","7","true","false","false","false","5","0"
"1277671971539993475","Centro","apartamento","1","1","1","2","30","281.92","180","0","13","true","true","false","true","5","2"
"20863370","Meia Praia","apartamento","3","3","5","7","18","507.93","410","0","25","false","false","false","true","4.88","3"
"47222306","Morretes","apartamento","1","1","4","5","47","199.68","75","0","65","true","true","false","true","4.97","0"
"54167570","Meia Praia","apartamento","3","3","3","15","197","1402.44","150","0","8","true","false","false","false","5","0"
"946451380352813662","Meia Praia","apartamento","3","3","4","6","49","1105.64","300","0","5","true","false","false","false","5","5"
"1035628196408986358","Centro","apartamento","3","2","3","6","102","1025.34","456","0","4","false","true","true","false","5","1"
"48624860","Meia Praia","apartamento","2","2","2","7","29","350","200","0","13","true","false","false","false","4.92","0"
"16451544","Centro","apartamento","3","2","4","6","66","500","200","0","11","true","false","false","false","5","4"
"31454750","Canto da Praia","apartamento","2","2","2","4","59","544.47","300","0","38","true","false","false","true","4.95","0"
"18505349","Centro","apartamento","3","2","4","6","65","634.51","380","0","23","true","false","false","true","4.83","11"
"54246694","Meia Praia","apartamento","3","3","5","8","234","752.56","300","0","10","true","true","false","false","5","0"
"790006111813482352","Meia Praia","apartamento","2","2","2","6","68","427.01","180","0","8","true","false","false","false","5","2"
"54237040","Meia Praia","apartamento","3","2","4","8","66","696.07","350","0","9","true","false","false","false","5","0"
"553578003486746447","Meia Praia","apartamento","2","2","2","6","15","750","280","0","16","false","false","false","false","4.81","0"
"730553947980169722","Centro","apartamento","3","2","12","8","177","850.2","300","0","7","false","false","false","false","5","3"
"794710559970994170","Meia Praia","apartamento","2","2","3","4","141","506.91","10","0","11","true","false","false","false","5","0"
"618150693526656201","Meia Praia","apartamento","2","2","4","6","48","300.17","150","0","28","false","false","false","true","4.86","8"
"1043599286749467076","Morretes","apartamento","2","1","3","4","62","501.06","205","0","20","true","false","true","true","5","3"
"53986731","Centro","apartamento","3","2","3","6","45","318.87","250","0","31","true","true","false","true","4.94","0"
"1081972140987250431","Meia Praia","apartamento","2","2","2","4","162","672.41","400","0","9","false","true","true","false","4.56","1"
"22307401","Meia Praia","apartamento","2","2","3","6","27","405.19","230","0","57","true","false","false","false","4.88","0"
"28987242","Meia Praia","apartamento","4","2","5","10","47","646.23","297","0","47","true","false","false","true","4.94","3"
"1265370363028714118","Centro","apartamento","1","1","1","2","201","399.54","190","0","1","false","true","true","false","5","1"
"53796581","Morretes","apartamento","4","4","8","12","58","1116.55","400","0","6","false","false","false","false","5","0"
"1070343877574441166","Morretes","apartamento","2","2","2","5","33","317.5","150","0","12","true","false","false","true","5","10"
"46936020","Morretes","apartamento","2","2","3","6","54","398.24","200","0","68","true","true","false","true","4.99","1"
"1077396104359577731","Meia Praia","apartamento","3","2","3","6","39","603.02","30","0","9","true","true","false","false","4.78","11"
"40971559","Meia Praia","apartamento","3","2","5","8","86","751.49","300","0","10","false","false","false","true","4.9","0"
"28155872","Meia Praia","apartamento","3","2","3","6","25","400","200","0","13","false","false","false","false","4.62","4"
"9658725","Meia Praia","apartamento","2","2","3","6","10","282.1","250","0","165","false","true","false","false","4.64","1"
"11508986","Centro","casa","2","1","3","5","13","348.73","150","0","15","false","true","false","false","4.87","10"
"784598714032826222","Meia Praia","apartamento","4","4","4","12","141","1188.41","300","0","15","true","false","false","false","4.87","0"
"32990586","Meia Praia","apartamento","3","2","5","6","208","1008.77","350","0","23","true","false","false","false","4.96","10"
"45687710","Meia Praia","apartamento","2","1","5","6","79","419.46","130","0","11","true","false","false","false","4.91","0"
"15523493","Meia Praia","apartamento","3","2","6","8","148","671.56","250","0","96","true","true","false","true","4.96","2"
"1044458170286255125","Meia Praia","apartamento","4","5","4","12","138","1013.2","250","0","2","false","false","false","false","5","8"
"41285546","Meia Praia","apartamento","3","2","3","8","234","647.69","200","0","37","true","false","false","false","4.97","0"
"29341170","Casa Branca","apartamento","2","1","2","5","46","408.78","180","0","81","false","false","true","false","4.88","2"
"892721989592935461","Centro","apartamento","2","2","4","6","126","378.74","220","0","26","true","false","false","false","5","7"
"1182028381058524086","Centro","apartamento","1","1","2","4","142","608.58","190","0","12","true","true","true","false","5","1"
"52652931","Meia Praia","apartamento","2","2","2","5","46","437.07","250","0","18","true","false","false","true","5","4"
"1297930390704189766","Meia Praia","apartamento","1","1","1","2","205","596.7","170","0","6","true","true","true","false","5","1"
"762112217871324562","Meia Praia","apartamento","3","1","5","7","136","567.96","200","0","40","true","true","false","true","4.93","1"
"1039235354309448898","Centro","apartamento","2","1","3","2","189","204.5","350","0","8","true","true","false","true","5","1"
"39007372","Meia Praia","apartamento","3","3","3","6","251","1101.19","250","0","9","false","false","false","false","5","3"
"31543199","Meia Praia","apartamento","3","3","4","7","105","772.52","200","0","27","true","false","false","false","5","11"
"52758042","Meia Praia","apartamento","4","4","5","8","267","3019.4","300","0","1","false","false","true","false","5","0"
"1125970477826966385","Morretes","apartamento","2","2","2","4","174","634.66","400","0","10","false","true","true","false","4.6","1"
"30493854","Meia Praia","apartamento","3","2","3","6","114","497.37","260","0","19","true","false","false","false","4.89","1"
"1052110098791057231","Meia Praia","apartamento","2","2","2","6","101","673.79","362","0","8","false","true","true","false","4.63","1"
"633809099013662442","Meia Praia","apartamento","3","2","3","7","105","466.16","250","0","40","true","false","false","true","4.98","7"
"1181933658424522281","Centro","apartamento","1","1","1","2","192","387.07","150","0","19","false","true","true","false","4.79","1"
"1083196219974177016","Casa Branca","apartamento","2","1","3","4","57","333.75","200","0","1","false","false","false","false","5","11"
"41141790","Meia Praia","apartamento","3","2","3","8","69","729.17","330","0","10","false","false","false","false","4.9","0"
"23078040","Meia Praia","apartamento","3","2","3","7","54","774.07","190","0","213","false","true","false","true","4.59","11"
"31560419","Centro","apartamento","2","2","4","6","108","421.22","220","0","16","true","true","false","false","5","2"
"30354217","Meia Praia","apartamento","3","2","5","8","27","347.57","200","0","36","false","false","false","false","4.56","0"
"23787711","Meia Praia","apartamento","3","2","4","6","90","400","0","0","19","false","<NA>","","false","5","9"
"1276789839775235217","Morretes","apartamento","2","2","2","4","43","430.07","300","0","15","true","false","false","true","5","2"
"50085393","Meia Praia","apartamento","3","2","4","11","42","640.48","250","0","37","true","false","false","true","4.97","7"
"50958684","Meia Praia","apartamento","3","3","4","8","187","1019.93","495","0","42","true","true","false","true","4.98","7"
"40320100","Morretes","apartamento","2","2","4","5","75","783.22","0","0","25","true","false","false","false","4.96","1"
"40777141","Meia Praia","apartamento","3","4","5","8","22","1545.27","350","0","20","true","false","true","true","4.8","1"
"1085437829031467755","Centro","apartamento","2","2","2","6","77","690.36","200","0","1","false","false","false","false","5","11"
"40960741","Meia Praia","apartamento","1","1","1","4","75","288.04","200","0","12","false","false","false","false","4.5","4"
"36032020","Meia Praia","apartamento","3","2","10","8","50","598.8","300","0","19","true","false","true","true","4.84","6"
"1284110666632259028","Centro","apartamento","1","1","2","4","190","600.66","190","0","0","false","true","true","false","0","1"
"1192836728602105901","Centro","apartamento","1","1","2","4","189","594.94","190","0","22","true","true","true","false","4.95","1"
"1137698308528017474","Meia Praia","apartamento","3","2","4","6","132","707.59","450","0","7","true","true","true","false","5","1"
"31972121","Meia Praia","apartamento","2","1","3","5","59","344.07","150","0","11","false","false","false","false","4.64","11"
"31169655","Meia Praia","apartamento","2","2","2","6","65","404.72","210","0","27","true","false","false","false","5","0"
"1233973103621276698","Centro","apartamento","1","1","2","3","155","398.8","160","0","22","true","true","true","false","4.91","1"
"41270247","Meia Praia","apartamento","3","2","3","9","47","603.42","250","0","18","true","false","false","true","4.89","2"
"38800430","Meia Praia","apartamento","3","2","5","7","80","443.66","150","0","53","true","true","false","true","4.98","3"
"1285538056394050628","Centro","apartamento","2","2","5","7","249","1079.09","240","0","3","false","true","true","false","4.67","1"
"21695053","Meia Praia","apartamento","3","3","7","8","213","757.7","450","0","78","false","true","false","true","4.88","2"
"1173260792743932663","Meia Praia","apartamento","3","2","4","7","94","1113.6","270","0","2","false","true","true","true","5","7"
"1100720037663116812","Centro","apartamento","3","3","3","6","155","1099.7","500","0","15","true","true","true","false","4.87","1"
"47402735","Centro","apartamento","2","2","5","6","66","462.03","610","0","6","false","true","false","false","5","0"
"47325492","Meia Praia","apartamento","3","3","3","8","226","666.93","150","0","11","true","true","false","false","5","0"
"1188476386889166335","Centro","apartamento","1","2","2","4","193","599.8","190","0","12","true","true","true","false","4.75","1"
"53154219","Meia Praia","apartamento","2","2","3","5","226","628.74","300","0","27","true","false","false","false","4.85","2"
"46220279","Meia Praia","apartamento","3","2","5","8","203","680.47","350","0","24","true","false","false","true","4.88","2"
"35934720","Canto da Praia","apartamento","2","1","2","4","10","500","250","0","14","true","false","false","false","4.93","6"
"30617740","Meia Praia","apartamento","3","2","5","8","71","556.49","350","0","22","true","false","false","false","4.91","1"
"28075525","Meia Praia","apartamento","2","2","2","6","78","446.34","250","0","20","true","false","false","true","4.95","2"
"739663897909156017","Meia Praia","apartamento","2","2","4","5","72","720.83","0","0","14","true","false","false","false","4.93","2"
"39745810","Meia Praia","apartamento","4","5","3","8","89","2352.58","700","0","0","false","false","false","false","0","2"
"1161927707286622818","Centro","apartamento","1","1","1","2","85","235.59","250","0","27","true","true","false","true","5","10"
"37347085","Meia Praia","apartamento","3","2","5","6","241","492.72","250","0","41","false","true","false","false","4.71","4"
"26026295","Meia Praia","apartamento","2","2","3","5","72","451.45","250","0","150","true","true","false","true","4.83","4"
"964579064376617710","Meia Praia","apartamento","3","0","3","8","185","853.25","456","0","4","false","true","true","false","5","1"
"815806026505024003","Meia Praia","apartamento","3","2","3","9","99","897.21","250","0","7","true","false","false","false","5","11"
"41493620","Meia Praia","apartamento","2","2","2","4","256","763.37","300","0","7","true","false","false","false","5","2"
"52619006","Centro","apartamento","2","2","3","6","144","507.42","260","0","70","true","false","false","true","5","3"
"795757968903961791","Casa Branca","apartamento","2","1","3","3","73","356.73","0","0","12","false","true","false","false","4.67","1"
"904512525045117852","Meia Praia","apartamento","3","2","4","8","107","585.08","180","0","41","true","false","false","true","5","11"
"47052262","Centro","apartamento","3","2","1","7","160","429.2","610","0","19","true","true","false","false","4.89","0"
"32697747","Meia Praia","apartamento","2","2","3","5","34","362","300","0","65","false","false","false","false","4.89","8"
"53175731","Meia Praia","apartamento","3","2","7","7","265","1083.16","360","0","7","true","false","false","false","5","10"
"34866449","Meia Praia","apartamento","3","2","4","8","166","485.59","150","0","23","true","false","false","false","4.83","7"
"881204142086821328","Meia Praia","apartamento","3","2","3","7","160","584.22","200","0","43","true","true","false","true","4.98","8"
"42588365","Meia Praia","apartamento","3","2","6","6","106","427.79","250","0","130","true","false","false","true","4.92","11"
"1183418487997408853","Centro","apartamento","1","1","2","4","160","597.15","190","0","20","false","true","true","false","4.75","1"
"1034873975277447845","Meia Praia","apartamento","3","4","3","6","147","880.4","456","0","16","true","true","true","false","4.88","1"
"23108026","Meia Praia","apartamento","2","2","3","5","74","679.32","180","0","28","false","false","false","false","4.64","10"
"29008738","Meia Praia","apartamento","4","3","4","10","136","573.59","297","0","46","true","false","false","true","5","3"
"1016100494032497541","Sertaozinho","casa","1","1","1","2","78","370.69","100","0","34","true","false","true","true","4.94","2"
"44153810","Alto Sao Bento","apartamento","2","1","3","4","48","188.38","200","0","35","true","false","false","false","4.91","1"
"46990438","Centro","apartamento","2","3","4","6","174","531.54","300","0","17","true","false","false","false","5","1"
"16527828","Meia Praia","apartamento","4","3","8","8","87","1055.79","350","0","18","false","false","false","false","4.83","0"
"54145466","Meia Praia","apartamento","4","4","4","8","90","2000","200","0","0","false","false","false","false","0","0"
"1083301106167776779","Morretes","apartamento","3","2","4","8","71","481.69","250","0","16","true","false","false","true","5","11"
"1188339469325210376","Centro","apartamento","1","1","2","4","186","604.33","190","0","22","true","true","true","false","4.95","1"
"46604700","Ilhota","apartamento","1","1","2","4","87","350.74","100","0","33","true","true","false","true","5","0"
"1226846054624436877","Centro","apartamento","2","1","3","6","210","714.65","240","0","7","false","true","true","false","4.86","1"
"23023313","Morretes","apartamento","2","1","2","6","177","549.11","300","0","11","true","false","false","false","4.82","11"
"1030981527494824971","Morretes","apartamento","2","2","2","5","74","297.99","150","0","21","true","false","false","true","5","1"
"30494198","Meia Praia","apartamento","3","2","4","7","209","470.85","280","0","29","false","false","false","false","4.79","1"
"618943952389206201","Meia Praia","apartamento","2","2","5","6","204","525.42","360","0","13","false","false","false","false","4.85","8"
"34540951","Meia Praia","apartamento","3","3","5","8","175","605.4","400","0","67","true","false","false","true","4.87","10"
"53458717","Meia Praia","apartamento","3","2","4","6","128","392.48","200","0","11","true","false","false","true","5","1"
"41404141","Meia Praia","apartamento","3","2","4","6","165","703.05","180","0","5","false","false","false","false","5","0"
"31055581","Meia Praia","apartamento","2","2","5","6","160","416.99","315","0","66","false","false","false","false","4.79","10"
"725867973010290782","Meia Praia","apartamento","2","2","4","6","169","499.64","300","0","26","true","false","false","true","5","6"
"39394644","Meia Praia","apartamento","3","2","5","8","226","763.58","300","0","5","false","false","false","false","5","3"
"29800671","Meia Praia","apartamento","3","2","4","8","137","615.88","196","0","120","false","false","false","true","4.8","0"
"1329787295308110610","Centro","apartamento","2","1","3","5","71","935","220","0","0","false","true","true","false","0","1"
"46088002","Meia Praia","apartamento","2","3","3","5","159","648","200","0","103","true","false","true","true","4.83","0"
"599368528094352718","Meia Praia","apartamento","3","0","3","6","49","416.69","300","0","48","true","true","false","true","4.96","11"
"1147824179020677628","Centro","apartamento","1","1","2","4","113","466.34","140","0","11","true","false","false","false","5","9"
"46036384","Morretes","apartamento","2","2","3","6","136","341.03","150","0","51","true","false","false","true","4.92","2"
"40560834","Centro","apartamento","2","2","7","9","226","718.4","60","0","293","true","true","true","true","4.86","0"
"29302246","Casa Branca","apartamento","2","1","4","5","58","394.72","180","0","56","false","false","true","false","4.91","2"
"1075503699104403085","Meia Praia","apartamento","4","3","4","12","69","995.97","250","0","1","false","false","false","false","5","11"
"627388721154300829","Meia Praia","apartamento","3","4","3","8","71","446.56","270","0","38","true","false","false","false","4.87","7"
"816613605644920543","Centro","casa","4","5","10","12","161","1969.57","0","0","5","true","false","false","false","5","11"
"40576710","Meia Praia","casa","4","2","8","10","59","541.53","300","0","10","false","false","false","false","4.8","1"
"956676934234107014","Meia Praia","apartamento","3","2","6","9","62","542.95","210","0","47","true","false","false","true","4.94","4"
"1053425333694349352","Varzea","casa","1","1","1","4","48","195.73","150","0","22","true","false","false","true","5","0"
"983188724209547131","Meia Praia","apartamento","3","0","3","8","198","905.64","300","0","13","true","true","false","true","4.85","1"
"1053030252161966865","Casa Branca","apartamento","2","1","2","6","83","276.72","80","0","5","true","false","false","false","5","0"
"47543180","Centro","casa","2","1","2","5","38","237.83","150","0","42","false","false","false","true","4.81","0"
"929120660817262874","Centro","apartamento","3","2","3","6","255","745.72","280","0","4","false","true","false","false","5","6"
"1074031328011239995","Varzea","casa","5","1","7","15","178","1856.77","300","0","4","false","false","false","false","5","11"
"786807324710664147","Meia Praia","apartamento","4","4","4","8","117","1249.68","200","0","13","true","true","true","true","4.85","5"
"47254288","Meia Praia","apartamento","3","2","3","6","173","504.98","249","0","38","true","false","false","false","4.97","0"
"965310801955633109","Meia Praia","apartamento","2","2","2","6","162","498.24","250","0","14","true","false","false","true","5","0"
"30085847","Meia Praia","apartamento","2","2","3","5","215","541.6","290","0","34","true","false","false","false","4.88","1"
"667324814851452653","Meia Praia","apartamento","3","3","3","12","170","884.71","250","0","6","false","false","false","false","5","1"
"1036955655225647222","Centro","apartamento","2","2","2","6","70","463.07","260","0","12","true","false","false","true","4.83","5"
"21545686","Centro","apartamento","2","1","3","5","180","321.54","120","0","92","false","true","false","true","4.76","2"
"16177778","Meia Praia","apartamento","3","3","4","8","232","757.7","300","0","9","false","false","false","true","5","2"
"40910065","Meia Praia","apartamento","0","1","5","8","88","604.71","300","0","10","false","false","false","false","5","0"
"956398979498945273","Meia Praia","apartamento","3","3","3","8","102","477.12","250","0","17","true","false","false","true","5","3"
"15980018","Centro","apartamento","2","2","6","5","39","400","130","0","103","true","false","false","true","4.9","1"
"1233994658216308874","Centro","apartamento","1","1","2","3","141","410.69","180","0","16","false","true","true","false","4.38","1"
"769616108652112172","Meia Praia","apartamento","2","2","3","6","33","363.33","280","0","14","true","true","false","true","5","1"
"1187558666042801587","Meia Praia","apartamento","3","2","3","6","169","648.91","400","0","7","true","true","true","false","5","1"
"18735821","Meia Praia","apartamento","2","2","3","8","44","250.61","250","0","10","false","false","false","false","4.2","2"
"49824103","Meia Praia","apartamento","3","2","3","8","106","458.5","250","0","43","true","true","false","false","4.93","7"
"22421606","Morretes","casa","2","1","8","11","120","440.8","100","0","27","false","false","false","false","4.85","7"
"725205326528652381","Meia Praia","casa","3","2","3","7","5","600","100","0","20","false","false","false","true","4.85","3"
"772706520794806760","Varzea","casa","1","1","4","4","9","450","50","0","19","true","true","false","true","5","1"
"54365625","Ilhota","casa","3","2","3","8","81","670.8","180","0","10","false","false","false","false","4.3","11"
"1045459185575382038","Morretes","apartamento","2","2","2","5","248","550.93","200","0","15","true","false","false","true","5","1"
"43712530","Meia Praia","apartamento","3","3","3","7","63","667.67","400","0","15","true","false","false","true","5","7"
"836415940545761422","Meia Praia","apartamento","1","1","1","4","60","521.59","200","0","14","true","false","false","true","4.93","6"
"46769078","Meia Praia","apartamento","3","3","3","8","237","906.97","300","0","13","true","false","false","false","4.92","0"
"52646204","Meia Praia","apartamento","4","4","6","10","171","987.42","250","0","12","true","false","false","true","5","5"
"41883230","Meia Praia","apartamento","3","3","6","7","53","535.47","300","0","5","false","false","false","false","5","10"
"47802450","Ilhota","casa","2","1","4","5","29","209.97","100","0","54","true","true","false","true","4.98","11"
"837846012155525926","Meia Praia","apartamento","3","2","5","9","44","411.36","350","0","10","false","false","false","false","4.6","10"
"771111761043546355","Centro","apartamento","2","1","3","6","198","598.42","150","0","18","true","false","false","false","4.94","1"
"53445765","Meia Praia","apartamento","2","2","2","6","141","391.47","200","0","24","true","true","false","true","5","1"
"39316910","Meia Praia","apartamento","4","3","4","10","15","684","300","0","52","true","false","false","false","4.79","3"
"14872547","Meia Praia","apartamento","2","2","2","5","64","613.27","230","0","32","false","false","false","true","4.69","2"
"914342944500490787","Meia Praia","apartamento","3","4","3","8","42","694.12","300","0","5","true","false","false","true","5","2"
"40532740","Meia Praia","apartamento","2","2","5","6","40","309.62","200","0","28","true","true","false","true","4.96","1"
"762192750283483456","Meia Praia","apartamento","2","1","3","4","67","395.57","120","0","14","true","false","false","true","4.93","3"
"1050857413300266721","Meia Praia","apartamento","3","2","6","8","150","673.59","500","0","2","false","true","true","false","5","1"
"39972515","Meia Praia","apartamento","2","1","3","6","150","341.34","200","0","140","true","false","false","true","4.83","11"
"828036946101813387","Morretes","apartamento","2","2","4","6","61","360.77","260","0","12","true","false","false","true","5","0"
"1234084273027568746","Centro","apartamento","1","1","2","3","144","399.99","180","0","13","false","true","true","false","4.77","1"
"939218400123538892","Casa Branca","apartamento","2","1","3","5","34","444.12","120","0","6","true","true","false","false","5","5"
"44075219","Centro","apartamento","3","3","6","8","22","2541.13","0","0","17","false","<NA>","","true","4.88","7"
"37494985","Meia Praia","apartamento","3","3","8","6","220","890.38","350","0","22","false","false","false","false","4.64","5"
"14884678","Meia Praia","apartamento","3","2","3","6","71","577.89","250","0","20","false","false","false","false","4.7","2"
"980365989956218871","Meia Praia","apartamento","3","3","3","9","73","1528.62","449","0","10","true","true","true","true","4.9","4"
"39583346","Meia Praia","apartamento","3","3","3","6","119","592.84","250","0","60","true","true","false","true","4.98","2"
"1274533646308060247","Morretes","apartamento","2","2","2","4","226","625.2","369","0","4","false","true","true","false","5","1"
"792096103347120988","Tabuleiro dos Oliveiras","apartamento","2","2","2","6","125","470.65","250","0","15","true","false","false","false","5","0"
"678242953903453952","Meia Praia","apartamento","2","2","3","6","126","358.23","200","0","10","true","true","false","true","5","5"
"47172145","Centro","apartamento","3","3","4","9","181","623.42","300","0","5","false","false","false","false","5","0"
"53973724","Meia Praia","apartamento","3","2","4","6","159","596.01","300","0","15","true","false","false","false","4.93","0"
"38262480","Meia Praia","apartamento","4","3","5","8","78","1305.77","250","0","45","true","true","false","true","4.87","4"
"612245203931813020","Meia Praia","apartamento","4","3","4","9","172","824.32","300","0","24","true","false","false","true","4.92","8"
"1292815457899461748","Centro","apartamento","2","1","2","4","149","717.88","240","0","4","false","true","true","false","5","1"
"525472560929976068","Meia Praia","apartamento","3","3","3","8","216","1055.8","350","0","18","true","true","false","false","4.94","0"
"38998610","Meia Praia","casa","1","1","2","3","68","195","100","0","13","false","false","false","false","4.85","3"
"836385234465202348","Meia Praia","apartamento","3","4","4","7","106","1167.75","380","0","16","true","true","true","true","5","1"
"826063757882656916","Meia Praia","apartamento","1","1","3","4","210","620.95","200","0","45","true","true","false","true","5","10"
"1005958896607152946","Casa Branca","apartamento","2","1","3","5","161","249.78","130","0","37","true","false","false","true","4.81","2"
"48158176","Meia Praia","apartamento","2","2","2","6","84","380.14","280","0","33","true","true","false","true","4.91","11"
"754796838418506202","Meia Praia","apartamento","3","2","3","9","177","604.66","350","0","12","true","false","false","false","5","0"
"684782448665574114","Meia Praia","apartamento","3","2","6","9","146","615.1","250","0","29","true","false","false","true","5","3"
"915332897455058900","Meia Praia","apartamento","3","3","3","6","68","1075","472","0","32","false","true","true","false","4.72","1"
"8936081","Meia Praia","apartamento","2","2","4","5","27","493.04","250","0","35","false","false","false","false","4.89","2"
"32606991","Meia Praia","apartamento","3","3","4","8","188","577.37","190","0","22","false","false","false","false","4.77","10"
"48080102","Meia Praia","apartamento","3","2","6","8","92","482.35","250","0","17","false","true","false","false","4.94","11"
"53738511","Meia Praia","apartamento","2","1","4","5","192","466","200","0","81","false","false","true","true","4.83","0"
"681139047695558927","Morretes","apartamento","2","2","2","4","47","229.47","260","0","22","false","true","false","false","4.73","1"
"21780661","Casa Branca","apartamento","2","1","3","4","63","478.25","200","0","20","true","true","false","false","4.9","1"
"621626596784793972","Meia Praia","apartamento","3","2","6","8","43","524.42","310","0","39","true","false","false","true","5","3"
"21436592","Meia Praia","apartamento","3","3","3","9","67","528.81","350","0","18","false","false","false","false","4.72","2"
"1082746592587689161","Tabuleiro dos Oliveiras","apartamento","3","2","3","6","44","591.65","300","0","10","true","true","true","true","5","1"
"780376166619260652","Meia Praia","apartamento","3","3","4","6","44","529.45","250","0","5","false","true","false","false","5","1"
"639163267116212627","Tabuleiro dos Oliveiras","outros","1","1","1","2","8","100","0","0","23","true","<NA>","","true","5","3"
"38638326","Meia Praia","apartamento","3","3","4","6","198","665.33","300","0","106","true","false","false","true","4.98","1"
"1311575286815584867","Tabuleiro dos Oliveiras","apartamento","2","2","5","6","82","790.96","210","0","1","false","true","true","true","5","7"
"760805979001764233","Meia Praia","casa","3","1","3","9","3","650","280","0","9","true","false","false","false","4.78","0"
"41888100","Meia Praia","apartamento","2","2","4","6","78","552.95","250","0","126","true","false","false","true","4.87","4"
"45480718","Meia Praia","apartamento","3","2","4","8","27","343.59","250","0","34","true","false","false","true","4.76","3"
"799251513158018593","Morretes","apartamento","3","2","4","6","144","550.72","250","0","26","true","false","false","true","4.96","0"
"785658004981722606","Tabuleiro dos Oliveiras","apartamento","2","2","2","6","209","693.09","200","0","10","true","true","false","false","5","0"
"673826267743797671","Meia Praia","apartamento","3","4","3","8","81","732.6","300","0","14","true","false","false","true","4.93","2"
"869504505210568410","Centro","apartamento","2","2","2","5","80","1162.5","350","0","6","true","false","false","false","5","8"
"746451645715267085","Meia Praia","apartamento","3","3","3","9","244","991.41","400","0","7","true","false","false","false","5","2"
"1203140233522044896","Centro","apartamento","1","1","2","4","222","471.46","180","0","13","true","false","false","true","5","5"
"23779860","Meia Praia","apartamento","3","2","4","12","32","406.25","200","0","14","false","false","false","false","4.57","9"
"1184152596221501552","Centro","apartamento","1","1","2","4","197","598.17","190","0","11","false","true","true","false","4.82","1"
"679166677359467385","Meia Praia","apartamento","3","2","4","10","210","1144.24","350","0","7","true","false","true","false","5","0"
"970445468070597218","Morretes","apartamento","2","1","3","6","2","570","0","0","7","true","<NA>","","false","5","4"
"42515348","Meia Praia","apartamento","4","3","7","12","63","840.48","250","0","28","true","false","false","true","5","3"
"41590719","Meia Praia","apartamento","2","1","4","6","174","420.34","250","0","58","true","false","false","true","4.93","2"
"53899162","Meia Praia","apartamento","2","1","4","7","72","298.21","180","0","20","false","false","false","true","4.9","8"
"37153670","Meia Praia","apartamento","3","2","5","8","53","386.8","200","0","25","true","false","false","false","4.92","2"
"21077682","Meia Praia","apartamento","4","3","8","10","110","791.91","300","0","31","true","false","false","true","4.97","3"
"1053132609735844516","Meia Praia","apartamento","3","2","5","10","33","956.06","300","0","17","false","false","false","true","4.94","1"
"10340400","Meia Praia","apartamento","3","2","4","6","18","300","250","0","55","true","true","false","false","4.93","0"
"1207992119242235910","Centro","apartamento","1","1","1","2","221","390.09","150","0","3","false","true","true","false","5","1"
"25104649","Meia Praia","apartamento","4","3","6","12","112","714.9","250","0","43","true","false","false","true","4.98","2"
"30785010","Meia Praia","apartamento","2","2","2","6","139","524.85","280","0","46","false","false","false","false","4.83","0"
"1242002119123644781","Meia Praia","apartamento","4","4","11","6","90","5622.66","0","0","0","false","false","false","false","0","7"
"831740758559247685","Meia Praia","apartamento","3","2","5","5","102","805.12","350","0","21","true","false","false","false","5","10"
"39109062","Meia Praia","apartamento","4","4","4","12","195","1499.91","450","0","12","false","false","false","false","4.92","3"
"39363955","Meia Praia","apartamento","2","1","4","7","101","406.19","200","0","6","false","false","false","false","5","2"
"1304403734260231676","Tabuleiro dos Oliveiras","apartamento","2","2","3","4","242","643.06","215","0","1","false","true","true","false","4","1"
"28429135","Meia Praia","apartamento","0","0","1","8","63","433.17","350","0","11","false","false","false","false","4.91","4"
"41533462","Meia Praia","apartamento","3","3","6","10","71","620.45","300","0","82","false","false","false","true","4.79","4"
"30032994","Meia Praia","apartamento","2","2","3","8","144","428.61","280","0","11","true","false","false","true","5","8"
"762916089194134311","Centro","apartamento","2","2","3","5","270","1008.15","170","0","3","false","false","false","false","5","1"
"21552865","Meia Praia","apartamento","2","2","2","6","85","739.96","200","0","49","true","true","false","true","4.96","1"
"51825638","Meia Praia","apartamento","3","2","4","6","195","658.45","50","0","8","false","true","false","false","5","3"
"1207338410880339003","Centro","apartamento","1","1","1","2","227","435.07","150","0","0","false","true","true","false","0","1"
"16992951","Centro","apartamento","3","2","5","8","172","644.97","250","0","11","true","true","false","true","5","0"
"1011115904222911872","Meia Praia","apartamento","3","2","3","6","204","809.59","350","0","15","true","false","false","true","5","2"
"45002455","Meia Praia","apartamento","2","2","2","5","57","432.54","300","0","52","false","false","false","false","4.65","4"
"15934309","Meia Praia","apartamento","3","2","3","8","174","806.09","320","0","32","false","false","false","false","4.94","2"
"1248685472424986601","Morretes","apartamento","2","2","3","6","38","292.24","300","0","10","true","false","false","false","5","3"
"995680028058206783","Sertaozinho","casa","6","9","25","16","167","3520.41","0","0","2","false","true","false","false","5","1"
"53195241","Meia Praia","apartamento","4","3","4","10","225","1851.82","350","0","12","true","false","false","false","4.92","2"
"1307990676918354925","Centro","apartamento","1","1","2","4","226","605.74","190","0","3","false","true","true","false","4.67","1"
"45768161","Meia Praia","apartamento","3","2","3","6","210","696.64","300","0","22","false","false","false","false","4.82","10"
"1044223371798078486","Meia Praia","apartamento","3","3","4","8","70","801.07","250","0","6","true","false","false","false","5","3"
"1024067179174522246","Leopoldo Zarling","casa","1","1","1","2","70","215.55","100","0","14","true","false","false","true","5","0"
"883930877150990341","Meia Praia","outros","1","1","1","3","5","109","30","0","26","true","false","false","true","4.96","11"
"1197195878719681680","Centro","apartamento","1","1","1","3","189","400.63","160","0","16","false","true","true","false","4.56","1"
"46878566","Centro","apartamento","3","3","3","6","210","507.6","250","0","20","false","false","false","false","4.8","4"
"35912580","Meia Praia","apartamento","3","2","3","8","38","327.82","260","0","13","false","false","false","false","5","9"
"806702099486447309","Meia Praia","apartamento","3","2","3","8","169","603.51","300","0","9","true","false","false","false","5","11"
"40892344","Meia Praia","apartamento","3","2","3","8","148","424.39","350","0","38","true","true","false","true","4.82","0"
"41260111","Meia Praia","apartamento","4","3","6","11","218","1833.64","400","0","6","false","false","false","false","5","7"
